creator_id,ticker,market,action,direction,conviction,call_date,entry_date,primary_horizon,used_symbol,in_universe,entry_price,stock_return,benchmark_return,alpha,signed_return,hit,scored,score_error,price_target,horizon,source_url,quote
akshat-shrivastava,NIFTY50,india,buy,up,med,2025-09-20,,,,,,,,,,,False,no price data,,6m,https://www.youtube.com/watch?v=-3wVJLcRMAI,I see an upside of 13 14%... India is a great trading market make your quick money rotate it move to other assets. By December we will definitely see like a 1 mill rally. I've already built position on it.
akshat-shrivastava,QQQ,india,buy,up,med,2025-09-20,,,,,,,,,,,False,no price data,,1y,https://www.youtube.com/watch?v=-3wVJLcRMAI,"I'm expecting a 12 to 13% CAGR by next year right... NASDAQ typically grows by 15 16%, so I expect similar growth rate. US is still a good economy to invest."
akshat-shrivastava,BTC-USD,india,buy,up,med,2025-09-20,,,,,,,,,,,False,no price data,,1y,https://www.youtube.com/watch?v=-3wVJLcRMAI,Bitcoin is consolidating. I have already put another little bit of bulk money onto Bitcoin. I think over the next one year there is a good probability that it will do well.
akshat-shrivastava,SILVER,india,buy,up,med,2025-09-20,2025-09-22,1y,SILVER.NS,False,133.5,0.7312,-0.0472,0.7784,0.7312,True,True,,,1y,https://www.youtube.com/watch?v=-3wVJLcRMAI,I would say that I'm slightly more bullish on silver compared to gold right now if you want to put money. Gold to silver ratio massive divergence - silver is going to go up over a 5 to 7 year basis.
akshat-shrivastava,NIFTY50,india,buy,up,med,2025-11-20,,,,,,,,,,,False,no price data,,1y,https://www.youtube.com/watch?v=-GrvB8ATn54,Nifty50 good market 2026 might be a very good year for Nifty50. It might give 15 16% CAG. I have already put close to a million dollars on Nifty50.
akshat-shrivastava,META,india,buy,up,high,2025-11-20,2025-11-20,1y,META.BO,False,21.5305,-0.6424,-0.0832,-0.5592,-0.6424,False,True,,,1y,https://www.youtube.com/watch?v=-GrvB8ATn54,Meta has corrected quite a lot recently... corrected by 32% from its peak... I've added a lot more here. It's 10% of my portfolio. These are hyperscalers. They will survive right in the next 4 5 years.
akshat-shrivastava,AMZN,india,buy,up,med,2025-11-20,,,,,,,,,,,False,no price data,,1y,https://www.youtube.com/watch?v=-GrvB8ATn54,"Amazon is a great long-term investment... if Amazon falls till here, I will add more. I had categorically said that it will follow this channel and it is precisely following this channel."
akshat-shrivastava,BAJFINANCE,india,sell,neutral,med,2025-06-20,2025-06-20,1m,BAJFINANCE.NS,True,905.0,0.0409,-0.0057,-0.0466,-0.0409,False,True,,,1m,https://www.youtube.com/watch?v=-TL-_GO5vrE,I have started to cut my positions... if I have 100 units of money on Bajach Finance right now what I'm doing is that I'm booking 20% profits. Rest of the positions I will carry.
akshat-shrivastava,JIOFIN,india,sell,neutral,med,2025-06-20,2025-06-20,1m,JIOFIN.NS,True,293.7919,0.0768,-0.0057,-0.0825,-0.0768,False,True,,,1m,https://www.youtube.com/watch?v=-TL-_GO5vrE,Geo Finance from the bottom has given roughly 48% run up... hitting the resistance point right so technically it's a sell so booking some basic profit on bajach finance and geo finance like 20 30% kind of makes sense.
akshat-shrivastava,HDFCBANK,india,sell,neutral,med,2025-06-20,2025-06-20,1m,HDFCBANK.NS,True,969.2487,0.0072,-0.0057,-0.013,-0.0072,False,True,,,1m,https://www.youtube.com/watch?v=-TL-_GO5vrE,HDFC Bank is slightly overvalued on a short frame. I am booking like maybe 15 20% profit rotating it to undervalued or turnaround stocks.
akshat-shrivastava,LICI,india,buy,up,med,2025-06-20,2025-06-20,1y,LICI.NS,False,924.2942,-0.5238,-0.0438,-0.48,-0.5238,False,True,,,1y,https://www.youtube.com/watch?v=-TL-_GO5vrE,"LIC it kind of makes sense to build positions. Has it been able to grow its revenues? Yes. Has it been able to grow its net profits? Yes. One could argue that hey, this type of a stock is undervalued."
akshat-shrivastava,PBFINTECH,india,buy,up,med,2025-06-20,,,,,,,,,,,False,no price data,,1y,https://www.youtube.com/watch?v=-TL-_GO5vrE,"One of the bets that I'm keen on taking is PB fintech... on a long frame, this seems like a good bet. Sales have exploded, the company has become net profitable, EPS has turned positive."
akshat-shrivastava,TCS,india,buy,up,med,2025-06-20,2025-06-20,1y,TCS.NS,True,3350.449,-0.3658,-0.0438,-0.322,-0.3658,False,True,,,1y,https://www.youtube.com/watch?v=-TL-_GO5vrE,"I am adding a little bit of TCS... trading at its fourth fifth support. Even if it turns around and reaches its highest ever levels, there is a 30% margin at play. This is the aggregation zone for the stock."
akshat-shrivastava,NIFTY50,india,buy,up,med,2026-05-20,,,,,,,,,,,False,no price data,26500,6m,https://www.youtube.com/watch?v=1Z9clwZ1wMs,"If you want to sell, sell it at roughly 26,500 levels when Nifty goes back to 26,500. Maybe it will happen in 1 month, maybe it will happen in 6 months. If you want to invest more in the Indian markets right now, do it, this is a good time."
akshat-shrivastava,AMD,india,buy,up,med,2025-06-20,,,,,,,,,,,False,no price data,,1y,https://www.youtube.com/watch?v=1v2AqIZaSAc,AMD stock from its peak has corrected by roughly 50%... if you feel that okay this is a fundamentally good buy on a five six year basis then it's a great time to aggregate the stock now.
akshat-shrivastava,SOXX,india,buy,up,med,2025-06-20,,,,,,,,,,,False,no price data,,1y,https://www.youtube.com/watch?v=1v2AqIZaSAc,"Something like semiconductor index is still available at somewhat of a reasonable price. It has corrected by 15 16%, there has already been a one-year time correction on semiconductor index."
akshat-shrivastava,TRENT,india,hold-avoid,neutral,med,2025-06-20,2025-06-20,6m,TRENT.NS,True,5897.5,-0.3112,0.034,0.3452,0.3112,True,True,,,,https://www.youtube.com/watch?v=2J3Zve41acI,if you take a look at defense companies Railway companies 10 10 times trading very high P stocks right a lot of companies Trent for example right it's trading at like 130 by 140p crazy crazy number okay now if you're buying these very high valuation companies so be very careful
akshat-shrivastava,AMZN,us,buy,up,high,2026-06-17,2026-06-17,1y,AMZN,True,237.5,0.029,0.0104,0.0186,0.029,True,True,,,1y,https://www.youtube.com/watch?v=3FEgTFkb4Wo,"I genuinely feel that companies like Amazon, Google, Meta, Microsoft, they will all grow at least double in value 100% over the next 5 years from this current levels. Okay. Uh this is something that I am also betting on."
akshat-shrivastava,GOOGL,us,buy,up,high,2026-06-17,2026-06-17,1y,GOOGL,True,363.79,0.0117,0.0104,0.0013,0.0117,True,True,,,1y,https://www.youtube.com/watch?v=3FEgTFkb4Wo,"I genuinely feel that companies like Amazon, Google, Meta, Microsoft, they will all grow at least double in value 100% over the next 5 years from this current levels. Okay. Uh this is something that I am also betting on."
akshat-shrivastava,META,us,buy,up,high,2026-06-17,2026-06-17,1y,META,True,567.58,0.017,0.0104,0.0066,0.017,True,True,,,1y,https://www.youtube.com/watch?v=3FEgTFkb4Wo,"I genuinely feel that companies like Amazon, Google, Meta, Microsoft, they will all grow at least double in value 100% over the next 5 years from this current levels. Okay. Uh this is something that I am also betting on."
akshat-shrivastava,MSFT,us,buy,up,high,2026-06-17,2026-06-17,1y,MSFT,True,378.91,0.0013,0.0104,-0.0091,0.0013,False,True,,,1y,https://www.youtube.com/watch?v=3FEgTFkb4Wo,"I genuinely feel that companies like Amazon, Google, Meta, Microsoft, they will all grow at least double in value 100% over the next 5 years from this current levels. Okay. Uh this is something that I am also betting on."
akshat-shrivastava,GOLD,india,hold-avoid,neutral,med,2025-11-20,,,,,,,,,,,False,no price data,,3m,https://www.youtube.com/watch?v=3Poz4UiiCHI,So will I touch gold short answer is no not right now I will not bulp by it... the chart indicates that we are somewhere here. So is this a great time to buy gold? The short answer according to me is a no.
akshat-shrivastava,SILVER,india,buy,up,low,2025-11-20,2025-11-20,3m,SILVER.NS,False,154.28,0.5746,-0.0282,0.6028,0.5746,True,True,,,3m,https://www.youtube.com/watch?v=3Poz4UiiCHI,silver again same it it's working exactly similar as gold. So in case I see a 20% odd dip then I will buy it in bulk. Maybe for a trade maybe for long-term investing I don't know.
akshat-shrivastava,NIFTY,india,buy,up,med,2025-11-20,,,,,,,,,,,False,no price data,28500,6m,https://www.youtube.com/watch?v=3Poz4UiiCHI,"this technical target of 28,500 roughly we are at 26k. So this becomes like roughly a 10% odd gain. So if you're okay capturing this 10% gain then yes go ahead invest... I have put in a significant amount of capital on nifty50 I'll make my 10% cut it."
akshat-shrivastava,NIFTY,india,buy,up,med,2025-06-20,,,,,,,,,,,False,no price data,,6m,https://www.youtube.com/watch?v=3V6i73NCWsc,"if you take a look at this chart... on a midterm basis, there is an upside of 7.06%. Now, if you're very excited about this, you can possibly build some positions now."
akshat-shrivastava,GOOGL,us,buy,up,high,2025-06-20,2025-06-20,1y,GOOGL,True,166.2652,1.2135,0.2672,0.9463,1.2135,True,True,,,1y,https://www.youtube.com/watch?v=3V6i73NCWsc,companies like Google. Okay. So why Google?... 10-year profit growth rate for Google was 20%... these are prime candidates for buying on a long-term basis... these are exactly the type of companies that you should buy and forget.
akshat-shrivastava,GOOGL,us,buy,up,high,2025-07-20,2025-07-21,1y,GOOGL,True,189.6725,0.9403,0.1977,0.7427,0.9403,True,True,,,1y,https://www.youtube.com/watch?v=VTGi9fmbhiY,"I'm buying and adding this stock. It's a monopoly stock. It's a well-moated company. It is likely to do well in the future. On a mid-frame basis, long frame basis, this is a gold mine."
akshat-shrivastava,ASML,us,buy,up,high,2025-07-20,2025-07-21,1y,ASML,False,714.0841,1.7023,0.1977,1.5046,1.7023,True,True,,,1y,https://www.youtube.com/watch?v=VTGi9fmbhiY,There is a very high possibility that this stock might hit another all-time high maybe in another 1 and a half two years. Even if it just hits its all-time high you're looking at a CAGR of 20% plus.
akshat-shrivastava,DUOL,us,buy,up,med,2025-07-20,2025-07-21,1y,DUOL,False,355.85,-0.6472,0.1977,-0.8448,-0.6472,False,True,,,1y,https://www.youtube.com/watch?v=VTGi9fmbhiY,I've just started to build more position. Dolingo is very much on path to becoming like an all-encompassing learning/education app which will benefit from the AI revolution.
akshat-shrivastava,SOXX,us,buy,up,med,2025-07-20,2025-07-21,1y,SOXX,False,245.803,1.6015,0.1977,1.4038,1.6015,True,True,,,1y,https://www.youtube.com/watch?v=VTGi9fmbhiY,"The industry growth rate is expected to be 20% plus. So therefore, there is no reason to believe that SOXX will not grow. I might be adding more positions."
akshat-shrivastava,JIOFIN,india,buy,up,med,2025-07-20,2025-07-21,1y,JIOFIN.NS,True,316.7561,-0.2283,-0.0429,-0.1853,-0.2283,False,True,,,1y,https://www.youtube.com/watch?v=VTGi9fmbhiY,I feel that Geo Finance could be one such company which can generate like a lot of growth. I also built a lot of positions post this. Geo Finance is a solid stock that you can buy.
akshat-shrivastava,PBFINTECH,india,buy,up,med,2025-07-20,,,,,,,,,,,False,no price data,,1y,https://www.youtube.com/watch?v=VTGi9fmbhiY,The next stock is PB fintech. It has become profitable. There is no other company which is near PB fintech when it comes to selling insurance online. Profit margins are expanding.
akshat-shrivastava,BHARTIARTL,india,buy,up,low,2025-07-20,2025-07-21,1y,BHARTIARTL.NS,True,1909.2,0.0008,-0.0429,0.0438,0.0008,True,True,,,1y,https://www.youtube.com/watch?v=VTGi9fmbhiY,Bhartiel will grow. They will become more profitable. The telecom cost will not remain low in India. Gio and Bhartiel are going to raise the tariff almost every quarter and will keep on becoming more profitable — consistent compounder stocks.
akshat-shrivastava,BTC,us,buy,up,med,2025-07-20,2025-07-21,1y,BTC,False,51.73,-0.4618,0.1977,-0.6595,-0.4618,False,True,,,1y,https://www.youtube.com/watch?v=XYakKALUVH0,I am putting 5% of my capital on Bitcoin. Between 5 to 10% of my portfolio from time to time has been in Bitcoin. Very recently I had put roughly 40 lakhs on Bitcoin. That trade is working out well.
akshat-shrivastava,SILVER,us,buy,up,med,2025-07-20,,,,,,,,,,,False,no price data,,1y,https://www.youtube.com/watch?v=XYakKALUVH0,Silver becomes a much better commodity bet right now compared to gold. Have I added this? Yes I've already added this into my portfolio.
akshat-shrivastava,PLTR,us,buy,up,med,2026-04-20,2026-04-20,1y,PLTR,True,145.89,-0.1194,0.0536,-0.1731,-0.1194,False,True,,,1y,https://www.youtube.com/watch?v=_FbeioKnhQU,"If you are buying defense stocks, which stocks should you buy? You should buy American companies. I'm doing it."
akshat-shrivastava,VST,us,buy,up,low,2026-04-20,2026-04-20,1y,VST,True,159.6,0.026,0.0536,-0.0276,0.026,False,True,,,1y,https://www.youtube.com/watch?v=_FbeioKnhQU,Energy is a good thing to play. I would also want to do it. Same applies to nuclear energy. Same applies to energy optimization. This is Vistra Corp — building the AI infrastructure and providing energy to AI infrastructure stack.
akshat-shrivastava,LENSKART,india,hold-avoid,down,high,2025-11-20,2025-11-20,6m,LENSKART.NS,False,416.7,0.1963,-0.0969,-0.2932,-0.1963,False,True,,,,https://www.youtube.com/watch?v=__G9-p4ImUU,Is this a bubble? 100% yes. Should you as an investor put money? Zero. Zero but okay. So nothing needs to be put. Why? Because it makes no sense.
akshat-shrivastava,NVDA,us,buy,up,high,2025-11-20,2025-11-20,6m,NVDA,True,180.4099,0.2153,0.1447,0.0706,0.2153,True,True,,,3y,https://www.youtube.com/watch?v=_zraNdztLIM,I do plan on pumping it up... I have bought it at a very good level. I'm sitting on a profit of 62 63%. I do believe that Nvidia will continue to dance around like this and it will go in this channel.
akshat-shrivastava,META,us,buy,up,high,2025-11-20,2025-11-20,6m,META,True,588.1664,0.0327,0.1447,-0.112,0.0327,False,True,,,,https://www.youtube.com/watch?v=_zraNdztLIM,Meta stock fell by 16 17%. I bought it a lot. People in my community bought it a lot. These foundational tech companies are not going to go to zero. The AI story is not even half mature as of now.
akshat-shrivastava,MSFT,us,buy,up,med,2026-03-20,2026-03-20,6m,MSFT,True,381.0447,-0.0043,0.1514,-0.1557,-0.0043,False,True,,,3y,https://www.youtube.com/watch?v=a8O7hupSrm0,"I'm still buying Microsoft stock here and it's not as if that I didn't buy it here. I bought it here also. I bought it here also... if you're investing your money on three four year basis, whatever bad stuff had to have happened has happened."
akshat-shrivastava,META,us,buy,up,med,2026-03-20,2026-03-20,6m,META,True,593.66,-0.0277,0.1514,-0.1791,-0.0277,False,True,,,,https://www.youtube.com/watch?v=a8O7hupSrm0,On meta my allocation was 9.2%... despite the market correcting so much happening right with US stocks and all that still I'm 5% up right on Meta. I am investing a ton of my own money into the stock markets right now.
akshat-shrivastava,NIFTYIT,india,buy,up,med,2026-03-20,,,,,,,,,,,False,no price data,,3y,https://www.youtube.com/watch?v=a8O7hupSrm0,"If you're investing your money on three four year basis, whatever bad stuff had to have happened on nifty it has happened. Can it correct by another 5 10%? Yes... but a large chunk of blood bath has already happened on it. So you need to buy things when available at a discount."
akshat-shrivastava,TCS,india,buy,up,low,2025-07-20,2025-07-21,6m,TCS.NS,True,3090.2866,0.0377,0.0241,0.0136,0.0377,True,True,,,3y,https://www.youtube.com/watch?v=aLJ1RL-9f7w,"TCS stock for the last four years nothing has moved. We are just buying it at very good valuation and hopefully it will come up. It's not a dying business. It's like a stagnating business, buying at very good valuation."
akshat-shrivastava,ASIANPAINT,india,buy,up,low,2025-07-20,2025-07-21,6m,ASIANPAINT.NS,True,2371.6985,0.1624,0.0241,0.1384,0.1624,True,True,,,3y,https://www.youtube.com/watch?v=aLJ1RL-9f7w,"Here is Asian Paints. It has actually broken that channel, it is much much down. If you believe that Asian Paints will come back up then how much money do you stand to make? This is 41% gain. Even if it takes like 2 years to come back it's okay."
akshat-shrivastava,BTC,us,buy,up,med,2025-07-20,2025-07-21,6m,BTC,False,51.73,-0.1827,0.1063,-0.289,-0.1827,False,True,,,,https://www.youtube.com/watch?v=aLJ1RL-9f7w,Almost 7% of my portfolio is BTC and I keep on fluctuating between 5 and 10%. For high-risk investors you can keep it 10% of BTC. BTC is an asymmetric risk it can give you very high returns.
akshat-shrivastava,MELI,us,buy,up,med,2025-07-20,2025-07-21,6m,MELI,False,2379.0601,-0.1278,0.1063,-0.2341,-0.1278,False,True,,,,https://www.youtube.com/watch?v=aLJ1RL-9f7w,"One is called as Mercado Libre and another is called as NU or new bank. Both of those companies are in my stock. Since the time I have bought it, they have gone up quite dramatically. I'm sitting on very good healthy profits."
akshat-shrivastava,NU,us,buy,up,med,2025-07-20,2025-07-21,6m,NU,False,12.89,0.2878,0.1063,0.1815,0.2878,True,True,,,,https://www.youtube.com/watch?v=aLJ1RL-9f7w,"One is called as Mercado Libre and another is called as NU or new bank. Both of those companies are in my stock. Since the time I have bought it, they have gone up quite dramatically. I'm sitting on very good healthy profits."
akshat-shrivastava,RKLB,us,buy,up,low,2025-07-20,2025-07-21,6m,RKLB,False,47.19,1.0407,0.1063,0.9344,1.0407,True,True,,,,https://www.youtube.com/watch?v=aLJ1RL-9f7w,"I'm now going to pick something like ESTS maybe right. RKLB, IOQ. These are quantum computing companies. One is a space company just space exploration. These are like one to 100 bits right — either they are going to go to zero or $1 will convert into $100."
akshat-shrivastava,IONQ,us,buy,up,low,2025-07-20,2025-07-21,6m,IONQ,False,44.43,0.1434,0.1063,0.037,0.1434,True,True,,,,https://www.youtube.com/watch?v=aLJ1RL-9f7w,"RKLB, IOQ. These are quantum computing companies. These are like one to 100 bits right — either they are going to go to zero or $1 will convert into $100. Just put a small portion which you can afford."
akshat-shrivastava,MAXHEALTH,india,buy,up,high,2025-07-20,2025-07-21,6m,MAXHEALTH.NS,True,1218.2,-0.1487,0.0241,-0.1728,-0.1487,False,True,,,,https://www.youtube.com/watch?v=aLJ1RL-9f7w,"I purchase like Max. On max, I'm sitting on 100% plus profits. And I have not sold anything. And I do not plan on selling it or trading that stock. Reason is that these are buy and forget type of stocks in India at least as of now. So buy as many hospitals as you possibly can."
akshat-shrivastava,INFOSYS,india,sell,down,med,2025-06-20,,,,,,,,,,,False,no price data,,3y,https://www.youtube.com/watch?v=awOTAwe334E,"I see zero value in owning Indian tech right now. TCS, Infosys — they have not really innovated. R&D cycle will typically be like 3 to 5 years. Whenever profitability comes down, the stock price typically does not grow."
akshat-shrivastava,MAXHEALTH,india,buy,up,high,2025-06-20,2025-06-20,6m,MAXHEALTH.NS,True,1212.401,-0.1127,0.034,-0.1467,-0.1127,False,True,,,,https://www.youtube.com/watch?v=awOTAwe334E,"Hospitals and insurance are a much better bet... In India, you purchase like max. On max, I'm sitting on 100%+ profits and I do not plan on selling. These are buy and forget type of stocks in India at least as of now. So buy as many hospitals as you possibly can."
akshat-shrivastava,MELI,us,buy,up,med,2025-06-20,2025-06-20,6m,MELI,False,2403.8101,-0.169,0.1518,-0.3208,-0.169,False,True,,,,https://www.youtube.com/watch?v=awOTAwe334E,"There are a couple of listed companies. One is called as Mercado Libre and another is called as NU or new bank. Both of those companies are in my stock. Since the time I have bought it, they have gone up quite dramatically. I'm sitting on very good healthy profits."
akshat-shrivastava,NU,us,buy,up,med,2025-06-20,2025-06-20,6m,NU,False,12.14,0.346,0.1518,0.1942,0.346,True,True,,,,https://www.youtube.com/watch?v=awOTAwe334E,"One is called as Mercado Libre and another is called as NU or new bank. Both in my stock. Since the time I bought it, they have gone up quite dramatically. Sitting on very good healthy profits."
akshat-shrivastava,GOOGL,us,buy,up,med,2025-06-20,2025-06-20,6m,GOOGL,True,166.2652,0.8461,0.1518,0.6943,0.8461,True,True,,,,https://www.youtube.com/watch?v=awOTAwe334E,"Companies like Google, Amazon, right, Meta, all these companies, Netflix, these will continue to do fairly well. It's very unlikely that Google is not going to benefit from the AI revolution."
akshat-shrivastava,AMZN,us,buy,up,med,2025-06-20,2025-06-20,6m,AMZN,True,209.69,0.0842,0.1518,-0.0676,0.0842,False,True,,,,https://www.youtube.com/watch?v=awOTAwe334E,"Companies like Google, Amazon, right, Meta, all these companies, Netflix, these will continue to do fairly well based on the current business model. It's very unlikely they won't benefit from the AI revolution."
akshat-shrivastava,GOLD,us,hold-avoid,down,med,2025-10-20,2025-10-20,1y,GOLD,False,28.0981,0.5037,0.1187,-0.3849,-0.5037,False,True,,,1y,https://www.youtube.com/watch?v=bAMBrS6Rx2k,"I'm not chasing gold. I'm not even putting 1 rupee into it right now. If I get to buy it 20%, 25% cheap, I'll think about it. There is no rush for me to go and buy it right now. I'm waiting for a 20% price correction on gold and only then I will enter."
akshat-shrivastava,NIFTY50,india,buy,up,low,2025-10-20,,,,,,,,,,,False,no price data,,1y,https://www.youtube.com/watch?v=bAMBrS6Rx2k,"There are a lot of pockets of opportunities now emerging in the market — Indian large-caps which are somewhat at a discount according to me... as profit booking happens on gold, there is a clear rotation of money that could happen into these type of sectors."
akshat-shrivastava,NVDA,us,buy,up,high,2026-04-20,2026-04-20,6m,NVDA,True,201.8248,0.0439,0.0536,-0.0097,0.0439,False,True,,,3y,https://www.youtube.com/watch?v=_wEGQCyB588,"You need exposure to US tech. I'm very happy keeping 60-70% of my portfolio in US tech... whatever money you are putting now, at least keep it for 3 years in US tech. Tech AI companies are going to do exceptionally well."
akshat-shrivastava,NVDA,us,buy,up,med,2025-01-28,2025-01-28,6m,NVDA,True,128.7977,0.3609,0.0571,0.3037,0.3609,True,True,,,,https://www.youtube.com/watch?v=c-tSSNh3lSI,I'm betting on this side right where I believe that Nvidia will still be a leading player... you can buy semiconductor index... you can pick Broad tech players
akshat-shrivastava,QQQ,us,buy,up,med,2025-01-28,2025-01-28,6m,QQQ,False,518.5231,0.0899,0.0571,0.0328,0.0899,True,True,,,,https://www.youtube.com/watch?v=c-tSSNh3lSI,something like NASDAQ might work better so this is the third asset that I would say if you want to broadly do it then you can buy semiconductor index that's the fourth asset
akshat-shrivastava,NIFTY50,india,buy,up,high,2025-01-28,,,,,,,,,,,False,no price data,,,https://www.youtube.com/watch?v=c-tSSNh3lSI,Indian markets to me look undervalued right uh there is a turnaround that is going on with RBI action that might very well happen and Banks would be the number one beneficiary
akshat-shrivastava,NIFTY50,india,buy,up,high,2025-06-20,,,,,,,,,,,False,no price data,,1y,https://www.youtube.com/watch?v=ddXCLYdPQlM,"I'm 100% invested in the Indian market. Whatever money I had to invest, I'm done. I'm fully invested in the Indian market. I'm expecting a bull run."
akshat-shrivastava,QQQ,us,buy,up,med,2025-06-20,2025-06-20,1y,QQQ,False,524.2922,0.4126,0.2672,0.1454,0.4126,True,True,,,1y,https://www.youtube.com/watch?v=ddXCLYdPQlM,I'm betting on a bull run even here. I don't anticipate the entire correction on NASDAQ to go above 30%.
akshat-shrivastava,GOOGL,us,buy,up,med,2025-06-20,2025-06-20,6m,GOOGL,True,166.2652,0.8461,0.1518,0.6943,0.8461,True,True,,,,https://www.youtube.com/watch?v=ddXCLYdPQlM,"I have purchased a lot of stocks in the US in this zone... you are still using Google a lot, right? And you're getting to buy the company at a significant discount."
akshat-shrivastava,HDFCBANK,india,buy,up,med,2025-06-20,2025-06-20,3m,HDFCBANK.NS,True,969.2487,-0.0024,0.0085,-0.011,-0.0024,False,True,,,3m,https://www.youtube.com/watch?v=ddXCLYdPQlM,"even now it is at a good buying level. If you're buying something for 2 to 3 years, according to me, private banks are really good."
akshat-shrivastava,ASIANPAINT,india,buy,up,med,2025-06-20,2025-06-20,1y,ASIANPAINT.NS,True,2282.1382,0.1975,-0.0438,0.2413,0.1975,True,True,,,1y,https://www.youtube.com/watch?v=ddXCLYdPQlM,"oil prices from its peak have corrected by 50%. So what should ideally happen on stocks like Asian Paints? Ideally, it should come back up."
akshat-shrivastava,MOTILALOFS,india,buy,up,med,2025-06-20,2025-06-20,6m,MOTILALOFS.NS,False,818.9399,0.0423,0.034,0.0083,0.0423,True,True,,,,https://www.youtube.com/watch?v=ddXCLYdPQlM,stock PE is only 11... 40% correction has already happened on this stock... if you look at last 5 years compounded profit growth it's 53%... these are the type of stocks that I'm bullish on
akshat-shrivastava,IWM,us,buy,up,med,2025-06-20,2025-06-20,1y,IWM,False,207.0594,0.4276,0.2672,0.1604,0.4276,True,True,,,1y,https://www.youtube.com/watch?v=ddXCLYdPQlM,one segment that I am bullish on right now on the US segment is their small cap index... buying broader index when the interest rates are going down and manufacturing is happening... it kind of makes sense to invest some money here.
akshat-shrivastava,BTC,us,buy,up,high,2025-06-20,2025-06-20,6m,BTC,False,45.74,-0.148,0.1518,-0.2998,-0.148,False,True,,,,https://www.youtube.com/watch?v=ddXCLYdPQlM,My last bet will be Bitcoin. I'm already aggressively buying it. I do believe that Bitcoin is a great neutral currency to which a lot of countries will move eventually.
akshat-shrivastava,META,us,buy,up,med,2025-06-20,2025-06-20,6m,META,True,680.7512,-0.0331,0.1518,-0.1849,-0.0331,False,True,,,,https://www.youtube.com/watch?v=ddXCLYdPQlM,"I'm getting like companies like Meta, right, which are at great value. I bought a lot of Netflix, okay? Great value, right? At right time."
akshat-shrivastava,NFLX,us,buy,up,med,2025-06-20,2025-06-20,6m,NFLX,True,123.141,-0.2335,0.1518,-0.3853,-0.2335,False,True,,,,https://www.youtube.com/watch?v=ddXCLYdPQlM,"I bought a lot of Netflix, okay? Great value, right? At right time. I would assume that I bought it."
akshat-shrivastava,MELI,us,buy,up,high,2025-09-20,2025-09-22,6m,MELI,False,2460.6599,-0.3352,-0.0219,-0.3134,-0.3352,False,True,,,,https://www.youtube.com/watch?v=dqLDXaNfgms,one stock that I'm studying in detail and I will add more positions most likely is called as mead libre... this stock I'm going to double down right it's already there on my portfolio. I'll add more
akshat-shrivastava,NVDA,us,buy,up,high,2025-09-20,2025-09-22,6m,NVDA,True,183.3761,-0.0593,-0.0219,-0.0375,-0.0593,False,True,,,,https://www.youtube.com/watch?v=dqLDXaNfgms,Nvidia is a very high quality asset for me. I'm not going to sell it completely. AMD is a high quality asset for me. I'm not going to sell it.
akshat-shrivastava,AMD,us,buy,up,high,2025-09-20,2025-09-22,6m,AMD,True,159.79,0.26,-0.0219,0.2818,0.26,True,True,,,,https://www.youtube.com/watch?v=dqLDXaNfgms,AMD is a high quality asset for me. I'm not going to sell it but I will do some bit of profit booking because the valuations are stretched.
akshat-shrivastava,NIFTYIT,india,buy,up,low,2025-09-20,,,,,,,,,,,False,no price data,,3m,https://www.youtube.com/watch?v=dqLDXaNfgms,Indian IT stocks I've been saying that hey it's at a value level. Now you can see if it fits with your portfolio you can dedicate a certain percentage... have like a three-year time span.
akshat-shrivastava,MSFT,us,buy,up,med,2026-02-20,2026-02-20,1y,MSFT,True,396.3715,-0.0428,0.0861,-0.1289,-0.0428,False,True,,,1y,https://www.youtube.com/watch?v=eFdEENu1MlI,"should you buy more US stocks yes... top stocks like Microsoft, Amazon, Meta maybe except for Google all are trading at at least a 15 10 15% discount."
akshat-shrivastava,AMZN,us,buy,up,med,2026-02-20,2026-02-20,1y,AMZN,True,210.11,0.1632,0.0861,0.0771,0.1632,True,True,,,1y,https://www.youtube.com/watch?v=eFdEENu1MlI,"should you buy more US stocks yes... top stocks like Microsoft, Amazon, Meta maybe except for Google all are trading at at least a 15 10 15% discount."
akshat-shrivastava,META,us,buy,up,med,2026-02-20,2026-02-20,1y,META,True,655.0991,-0.1189,0.0861,-0.205,-0.1189,False,True,,,1y,https://www.youtube.com/watch?v=eFdEENu1MlI,"should you buy more US stocks yes... top stocks like Microsoft, Amazon, Meta maybe except for Google all are trading at at least a 15 10 15% discount."
akshat-shrivastava,NIFTYSMALLCAP,india,hold-avoid,neutral,med,2026-02-20,,,,,,,,,,,False,no price data,,,https://www.youtube.com/watch?v=eFdEENu1MlI,Should you buy more midcap and small caps? No. Because there is more structural risk on the Indian market. If you want to speculate in some growth option go to American small cap midcaps much much better.
akshat-shrivastava,PLTR,us,buy,up,med,2026-05-20,2026-05-20,6m,PLTR,True,137.15,-0.0633,0.0074,-0.0707,-0.0633,False,True,,,,https://www.youtube.com/watch?v=f5ogA8Zr_NI,Palantir is a stock where I have also almost 10x my money... I'm looking to re-enter that stock... I plan on adding more. Maybe I'll start adding little by little now.
akshat-shrivastava,NFLX,us,buy,up,med,2026-05-20,2026-05-20,6m,NFLX,True,88.09,-0.1216,0.0074,-0.129,-0.1216,False,True,,,,https://www.youtube.com/watch?v=f5ogA8Zr_NI,"Netflix I've already picked. I plan on adding more, okay? So, two stocks from here that I also plan on adding more. One is Palantir, right? Netflix I have some position I want to amplify and bring it up."
akshat-shrivastava,NOW,us,buy,up,med,2026-05-20,2026-05-20,6m,NOW,True,103.3,-0.08,0.0074,-0.0874,-0.08,False,True,,,,https://www.youtube.com/watch?v=f5ogA8Zr_NI,"There is another company called a ServiceNow, right? Which I plan on adding, right?"
akshat-shrivastava,MELI,us,buy,up,med,2026-05-20,2026-05-20,6m,MELI,False,1651.2,-0.0097,0.0074,-0.0171,-0.0097,False,True,,,,https://www.youtube.com/watch?v=f5ogA8Zr_NI,I'm doing on MELI as well... I will downward upward average. This is something that I'm doing on MELI as well.
akshat-shrivastava,TSLA,us,buy,up,low,2026-05-20,2026-05-20,6m,TSLA,True,417.26,-0.0402,0.0074,-0.0476,-0.0402,False,True,,,,https://www.youtube.com/watch?v=f5ogA8Zr_NI,Tesla is some is a stock that I'm also looking at closely now... I might pick it up subsequently... maybe it kind of makes sense now to reanalyze the stock.
akshat-shrivastava,AAPL,us,sell,down,med,2026-05-20,2026-05-20,6m,AAPL,True,302.25,-0.014,0.0074,0.0214,0.014,True,True,,,,https://www.youtube.com/watch?v=f5ogA8Zr_NI,I have been talking negatively about Apple stock even on my community... I have not picked any Apple stock. He seems to be reducing it.
akshat-shrivastava,GOOGL,us,buy,up,med,2026-05-20,2026-05-20,6m,GOOGL,True,388.91,-0.0537,0.0074,-0.0611,-0.0537,False,True,,,,https://www.youtube.com/watch?v=f5ogA8Zr_NI,He has been bullish on Google. I have also been bullish on Google.
akshat-shrivastava,META,us,buy,up,med,2026-05-20,2026-05-20,6m,META,True,605.06,-0.046,0.0074,-0.0534,-0.046,False,True,,,,https://www.youtube.com/watch?v=f5ogA8Zr_NI,"He has picked Meta. I have also done that, right? Software rotation is likely. At this stage, it might make sense to add more software. I will be adding more software this week."
akshat-shrivastava,AMZN,us,buy,up,high,2026-01-20,2026-01-20,1y,AMZN,True,231.0,0.058,0.1051,-0.0471,0.058,False,True,,,1y,https://www.youtube.com/watch?v=fGv1m6Q4MYY,"I myself have put roughly 10% of my portfolio on Amazon. Amazon has great earnings, plus the valuations are not stretched. EV/EBITDA is at its lowest in decades. Likely to break the channel and see a technical breakout in 2026."
akshat-shrivastava,META,us,buy,up,high,2026-01-20,2026-01-20,3m,META,True,603.6032,0.1081,0.0419,0.0661,0.1081,True,True,,850,3m,https://www.youtube.com/watch?v=fGv1m6Q4MYY,"I have roughly 9-10% on Meta. A previous peak of roughly $850 has already been made, this should be reclaimed within the next few months itself. That's my hypothesis."
akshat-shrivastava,NVDA,us,hold-avoid,neutral,med,2026-01-20,2026-01-20,1y,NVDA,True,177.8531,0.1846,0.1051,-0.0796,-0.1846,False,True,,,1y,https://www.youtube.com/watch?v=fGv1m6Q4MYY,Nvidia has had a great year in 2025. I am now a little bit iffy about Nvidia. I will be lowering my positions.
akshat-shrivastava,NVO,us,buy,up,med,2026-01-20,2026-01-20,1y,NVO,False,58.5333,-0.2621,0.1051,-0.3672,-0.2621,False,True,,,1y,https://www.youtube.com/watch?v=fGv1m6Q4MYY,Novo Nordisk stock corrected from its peak by roughly 68-69%. Now it has started to go up. 2026 would be a trigger year where these companies might do well. Oral weight loss drugs have come into effect.
akshat-shrivastava,MAXHEALTH,india,buy,up,med,2026-01-20,2026-01-20,1y,MAXHEALTH.NS,True,992.9,0.1026,-0.0483,0.1509,0.1026,True,True,,,1y,https://www.youtube.com/watch?v=fGv1m6Q4MYY,Max has corrected by roughly 18-19% from its peak. This is a valuation correction. 2026 would be a trigger year where these healthcare companies might do well.
akshat-shrivastava,LALPATHLAB,india,buy,up,med,2026-01-20,2026-01-20,1y,LALPATHLAB.NS,False,1373.7736,0.1907,-0.0483,0.2391,0.1907,True,True,,,1y,https://www.youtube.com/watch?v=fGv1m6Q4MYY,"Dr. Lal pathlab went from roughly 800 all the way till 2200, since then it has consolidated in this sideways zone and it is preparing for a breakout. Profits have almost doubled. 2026 would be a trigger year."
akshat-shrivastava,BTC,us,buy,up,med,2026-01-20,2026-01-20,1y,BTC,False,39.62,-0.2973,0.1051,-0.4024,-0.2973,False,True,,125000,1y,https://www.youtube.com/watch?v=fGv1m6Q4MYY,2026 might be a good year for Bitcoin. It should at least hit 125K which was the previous high. Good chance that Bitcoin will revive and we will see a sharp rally.
akshat-shrivastava,DUOL,us,buy,up,med,2026-01-20,2026-01-20,1y,DUOL,False,148.58,-0.1549,0.1051,-0.26,-0.1549,False,True,,,1y,https://www.youtube.com/watch?v=fGv1m6Q4MYY,I've recently purchased Duolingo stock. I feel that it can become a vertical AI leader at some stage. I will build more positions with time.
akshat-shrivastava,NBIS,us,buy,up,med,2026-01-20,2026-01-20,1y,NBIS,False,99.29,1.8874,0.1051,1.7823,1.8874,True,True,,,1y,https://www.youtube.com/watch?v=fGv1m6Q4MYY,"I picked up a company called Nebius, it went up parabolic. There were enough small and midcap speculative options in the US market. Hyperscaler game is very much alive."
akshat-shrivastava,RKLB,us,buy,up,med,2026-01-20,2026-01-20,1y,RKLB,False,89.16,0.2028,0.1051,0.0977,0.2028,True,True,,,1y,https://www.youtube.com/watch?v=fGv1m6Q4MYY,"We have picked a company called Rocket Lab. It has given exceptional returns in the last 5 days, given 50% run up. Amazing returns. I do pick these type of companies, I do see value in terms of picking midcap and small caps more in the US market."
akshat-shrivastava,GLD,us,sell,down,med,2026-01-20,2026-01-20,1y,GLD,False,437.23,-0.1146,0.1051,0.2197,0.1146,True,True,,,1y,https://www.youtube.com/watch?v=fGv1m6Q4MYY,"Gold and silver prices are not going to rise too much. There is no reason why gold or silver will continue to give massive rallies. It can go sideways or it can correct. If you are looking at gold and silver, be a little bit careful."
akshat-shrivastava,DUOL,us,buy,up,med,2025-10-20,2025-10-20,1y,DUOL,False,312.73,-0.5985,0.1187,-0.7172,-0.5985,False,True,,,1y,https://www.youtube.com/watch?v=gC90tadxcWg,A specialized company in language learning is Duolingo. I've recently purchased that stock. I feel that it can become a vertical AI leader at some stage. I will build more positions with time.
akshat-shrivastava,INTC,us,buy,up,med,2025-10-20,2025-10-20,6m,INTC,True,38.1,0.7244,0.0618,0.6627,0.7244,True,True,,,6m,https://www.youtube.com/watch?v=gC90tadxcWg,"US government invested in Intel. Then after a month, Nvidia forged a partnership with Intel. It was a dead stock and it bounced like anything in the last one odd months. Government commitment from private players and governments is amplifying the cycle."
akshat-shrivastava,BTC,us,buy,up,med,2025-06-20,2025-06-20,1y,BTC,False,45.74,-0.3913,0.2672,-0.6585,-0.3913,False,True,,,1y,https://www.youtube.com/watch?v=gXq8AyUMrPE,Buying BTC makes sense. BTC generally from a long-term perspective it seems like a very solid asset. It is very likely that from this stage BTC might go up in value.
akshat-shrivastava,QQQ,us,buy,up,med,2025-06-20,2025-06-20,1y,QQQ,False,524.2922,0.4126,0.2672,0.1454,0.4126,True,True,,,1y,https://www.youtube.com/watch?v=gXq8AyUMrPE,Buying US stocks makes sense. A lot of money will flow into stronger economies. You could consider buying US stocks.
akshat-shrivastava,MCHI,us,buy,up,low,2025-06-20,2025-06-20,1y,MCHI,False,52.506,0.005,0.2672,-0.2622,0.005,False,True,,,1y,https://www.youtube.com/watch?v=gXq8AyUMrPE,"Buying Chinese stocks also makes sense. China holds a big set of BTC reserve, gold, strong economy and they are playing the innovation game. This strengthens the economy and a lot of money will flow into stronger economies."
akshat-shrivastava,NIFTY50,india,hold-avoid,neutral,med,2025-06-20,,,,,,,,,,,False,no price data,,1y,https://www.youtube.com/watch?v=jQ2pV7e3nOg,"Nifty 50 right now is fairly priced. If you're doing SIPs in large caps which are Nifty 50 types, is there any problem? The short answer is no. But you should buy opportunistically at support, not blindly every month."
akshat-shrivastava,MIDCAPNIFTY,india,hold-avoid,down,high,2025-06-20,,,,,,,,,,,False,no price data,,1y,https://www.youtube.com/watch?v=jQ2pV7e3nOg,It is clear time to take out lock stock and barrel from small and midcaps SIP. The market is still overvalued from a 3-year and 5-year basis. There is significant room for sideways correction.
akshat-shrivastava,GLD,us,buy,up,med,2026-03-20,2026-03-20,6m,GLD,False,413.38,-0.0635,0.1514,-0.2149,-0.0635,False,True,,,6m,https://www.youtube.com/watch?v=g_5_NEdKjp4,Gold from its peak is at least 14-15% down. Now it makes sense to add it. Diversification on dips. Same thing might happen on US stocks. Buy the dips.
akshat-shrivastava,SPY,us,buy,up,med,2026-03-20,2026-03-20,1y,SPY,False,648.57,0.1514,0.1514,0.0,0.1514,False,True,,,1y,https://www.youtube.com/watch?v=g_5_NEdKjp4,US manufacturing is going to go up. Investing some money in S&P 500 also makes sense. Almost 70-80% of my portfolio are going to be AI driven. I have already done it 1.5 years ago.
akshat-shrivastava,SPY,us,buy,up,high,2026-04-20,2026-04-20,1y,SPY,False,708.72,0.0536,0.0536,0.0,0.0536,False,True,,,1y,https://www.youtube.com/watch?v=jS6SYirVCdc,"My core still remains AI stocks. Almost 60-70% of my total net worth, I'm happy putting in US AI. At this stage, you need to create an AI first portfolio. Investing some money in S&P 500 also makes sense."
akshat-shrivastava,GLD,us,buy,up,med,2026-04-20,2026-04-20,6m,GLD,False,442.09,-0.1243,0.0536,-0.178,-0.1243,False,True,,,6m,https://www.youtube.com/watch?v=jS6SYirVCdc,Gold from its peak is at least 14-15% down. Now it makes sense to add it. Diversification on dips. Buy the dips.
akshat-shrivastava,MCHI,us,buy,up,low,2026-04-20,2026-04-20,1y,MCHI,False,58.9096,-0.1042,0.0536,-0.1579,-0.1042,False,True,,,1y,https://www.youtube.com/watch?v=jS6SYirVCdc,I would have a hedge. I would invest maybe 10% Chinese stocks. Diversification on dips. Same thing might happen on Chinese stocks.
akshat-shrivastava,SPY,india,buy,up,high,2026-04-20,,,,,,,,,,,False,no price data,,1y,https://www.youtube.com/watch?v=jcn2bROiI8A,This is a very good time to invest...This is a very good support to buy the market at. I am putting in a lot of money.
akshat-shrivastava,MSFT,india,buy,up,high,2026-04-20,,,,,,,,,,,False,no price data,,,https://www.youtube.com/watch?v=jcn2bROiI8A,"Right now the stock is available at a 200-week moving average, below that. This is unreal valuation. This has not happened in the last 13 or 14 years."
akshat-shrivastava,META,india,buy,up,med,2026-04-20,2026-04-20,6m,META.BO,False,6.5209,0.1808,-0.0144,0.1953,0.1808,True,True,,,,https://www.youtube.com/watch?v=jcn2bROiI8A,"High-quality stocks like Microsoft, Meta, they are down by 30-35% from its peak...trading at 14-15 PE, which is unreal."
akshat-shrivastava,GOLD,india,buy,up,med,2026-04-20,,,,,,,,,,,False,no price data,,,https://www.youtube.com/watch?v=jcn2bROiI8A,"At this juncture, you should definitely decide that I'm going to keep like maybe 10% of my portfolio in gold. Now is a good time to buy maybe 3 to 4% of that."
akshat-shrivastava,NIFTY50,india,buy,up,med,2025-09-20,,,,,,,,,,,False,no price data,,6m,https://www.youtube.com/watch?v=kjySjMMRyEg,Nifty50 becomes a very good swing play...this 14% gain looks like that it will be captured.
akshat-shrivastava,INFY,india,buy,up,high,2025-09-20,2025-09-22,6m,INFY.NS,True,1476.8905,-0.1496,-0.0828,-0.0668,-0.1496,False,True,,,6m,https://www.youtube.com/watch?v=kjySjMMRyEg,"I have been bullish on [IT] for the last few months, I have already built a lot of positions on IT. In case the India US trade war ends then IT stocks can really rally."
akshat-shrivastava,HAL,india,hold-avoid,down,med,2025-09-20,2025-09-22,6m,HAL.NS,False,4769.0767,-0.2069,-0.0828,0.124,0.2069,True,True,,,6m,https://www.youtube.com/watch?v=kjySjMMRyEg,If you're holding defense stocks you need to be careful...US kind of pumping its muscle this definitely benefits US unequivocally.
akshat-shrivastava,TATAMOTORS,india,hold-avoid,down,high,2025-09-20,,,,,,,,,,,False,no price data,,1y,https://www.youtube.com/watch?v=kjySjMMRyEg,"If you're holding Indian car manufacturing companies, then yes, be a little bit careful. Auto sector in India will get hit a lot."
akshat-shrivastava,META,india,buy,up,high,2026-01-20,2026-01-20,1y,META.BO,False,10.5218,-0.2682,-0.0483,-0.2199,-0.2682,False,True,,600,1y,https://www.youtube.com/watch?v=l3sU-z6kExk,I started buying very aggressively. My buying price on Meta would be somewhere around $600...this is literally like a buy. It makes zero sense not to buy this business.
akshat-shrivastava,GOOGL,india,buy,up,high,2026-01-20,,,,,,,,,,,False,no price data,,1y,https://www.youtube.com/watch?v=l3sU-z6kExk,"If you get a high-quality company at 35-40% discount, it's exceptional...Are there such opportunities going into 2026? Meta is a great business...Google, buy companies like Google."
akshat-shrivastava,TATAMOTORS,india,sell,down,high,2026-01-20,,,,,,,,,,,False,no price data,,1y,https://www.youtube.com/watch?v=l3sU-z6kExk,I have been warning investors not to put money on this...EV is a broken industry...this is a broken business for me and I would not touch such businesses.
akshat-shrivastava,BTC,india,buy,up,med,2026-01-20,,,,,,,,,,,False,no price data,,1y,https://www.youtube.com/watch?v=l3sU-z6kExk,"Bitcoin is available at a 35-40% discount from its peak. There is a margin of safety that you are buying. These are aggressive bets, kind of makes sense to take."
akshat-shrivastava,ETERNAL,india,hold-avoid,neutral,med,2026-01-20,2026-01-20,6m,ETERNAL.NS,True,269.6,-0.0197,-0.0483,-0.0287,0.0197,False,True,,,6m,https://www.youtube.com/watch?v=l3sU-z6kExk,"Despite Eternal or Zomato growing at a rapid pace, it is at a PE of 1,450...probably it's better to just wait and see what new products or high profit margin products they are moving towards."
akshat-shrivastava,GOLD,india,buy,up,med,2026-05-20,,,,,,,,,,,False,no price data,,1y,https://www.youtube.com/watch?v=lFyTHb--6U0,"You can actually do this right away...buying gold and silver...this acts as a hedge to INR. If you invest this money in gold or hard assets, then this depreciation is unlikely to happen."
akshat-shrivastava,AMZN,india,buy,up,high,2026-01-20,,,,,,,,,,,False,no price data,,6m,https://www.youtube.com/watch?v=lYuzeLumcA4,"Amazon has fallen roughly 12-13% from its top, it's trading at its 50-day moving average...this becomes a great point to buy."
akshat-shrivastava,ETERNAL,india,hold-avoid,neutral,high,2026-01-20,2026-01-20,3m,ETERNAL.NS,True,269.6,-0.0375,-0.026,0.0115,0.0375,True,True,,,3m,https://www.youtube.com/watch?v=lYuzeLumcA4,It's hyper overvalued. I had already said that the value does not make sense. It's trading at a 1300-1400 PE. Does not make any sense to own this right at this juncture.
akshat-shrivastava,QQQ,india,buy,up,med,2026-01-20,,,,,,,,,,,False,no price data,,6m,https://www.youtube.com/watch?v=lYuzeLumcA4,This is a good buying opportunity according to me if you just want to top up...we are nearing all-time high or in fact we are here.
akshat-shrivastava,UNH,us,buy,up,high,2025-08-20,2025-08-20,6m,UNH,True,293.687,-0.0263,0.0817,-0.1079,-0.0263,False,True,,,,https://www.youtube.com/watch?v=llaJvoWJTKE,Here's a company this is called as UNH. This is a US-based healthcare stock. I'm currently adding it to my portfolio and you will see that from its peak it has corrected by almost 65 odd percent... it will come back up but you must understand when to buy more.
akshat-shrivastava,NIFTYIT,india,buy,up,med,2025-07-20,,,,,,,,,,,False,no price data,,,https://www.youtube.com/watch?v=mbhoobYJq5U,Right now I'm adding more IT stocks in India. They have been badly beaten down. I am buying secular tech companies.
akshat-shrivastava,BTC,us,buy,up,high,2025-11-20,2025-11-20,6m,BTC,False,38.21,-0.1013,0.1447,-0.246,-0.1013,False,True,,,,https://www.youtube.com/watch?v=n3kvN9oQdLY,"In cryptos, you should buy BTC. Now is the time between 2025 and 2030 where you need to aggregate high-quality assets even if they are pricey, but with a risk mitigation strategy."
akshat-shrivastava,GLD,us,buy,up,med,2025-11-20,2025-11-20,6m,GLD,False,374.85,0.1124,0.1447,-0.0323,0.1124,False,True,,,,https://www.youtube.com/watch?v=n3kvN9oQdLY,"In commodities, you should go and buy gold. Now is the time between 2025 and 2030 where you need to aggregate high-quality assets even if they are pricey, but with a risk mitigation strategy."
akshat-shrivastava,AMD,us,hold-avoid,neutral,med,2025-11-20,2025-11-20,6m,AMD,True,206.02,1.1823,0.1447,-1.0376,-1.1823,False,True,,,,https://www.youtube.com/watch?v=n3kvN9oQdLY,"At this juncture, if you go and invest your money in AMD, that is called as taking naked risk... you cannot end up buying these companies here, right? This is just pure madness. What you needed to do is that you need to start selling put options."
akshat-shrivastava,QQQ,us,buy,up,high,2025-10-20,2025-10-20,1y,QQQ,False,609.9839,0.2142,0.1187,0.0955,0.2142,True,True,,,1y,https://www.youtube.com/watch?v=oIAQsjJEwj8,"Please buy more tech stocks. When I say tech, I mean foundational tech. High quality US tech companies which are going to lead the next generation of technology... Nasdaq is almost growing at double the pace compared to a general SIP doer in India."
akshat-shrivastava,AMZN,us,buy,up,high,2025-10-20,2025-10-20,6m,AMZN,True,216.48,0.1469,0.0618,0.0851,0.1469,True,True,,,6m,https://www.youtube.com/watch?v=oIAQsjJEwj8,"Right now I'm aggregating a lot of Amazon stock. Why? Because of capital rotation... Amazon has been trading in this channel... whenever it is at a support, that's a good time to add Amazon."
akshat-shrivastava,BTC,us,buy,up,high,2025-10-20,2025-10-20,6m,BTC,False,49.1,-0.312,0.0618,-0.3738,-0.312,False,True,,,,https://www.youtube.com/watch?v=oIAQsjJEwj8,"For example, Bitcoin. Now, why Bitcoin? Because the rationale is that it is a fixed supply asset... if you can afford to even put maybe 5% of your capital, that's good enough. That 5% capital might turn out and make your entire portfolio 50% of it."
akshat-shrivastava,MIDCAP150,india,buy,up,med,2025-10-20,,,,,,,,,,,False,no price data,,1y,https://www.youtube.com/watch?v=oIAQsjJEwj8,"Now is a good time to add start adding like mid-cap 150 stocks because if the earnings improve, right? Earnings improve, then PE ratio will come down, right? So, that's what mathematics tells us."
akshat-shrivastava,SNOW,us,buy,up,med,2026-06-06,2026-06-08,6m,SNOW,False,240.45,-0.0339,0.0102,-0.0441,-0.0339,False,True,,,3y,https://www.youtube.com/watch?v=ozq2eeViDbs,I think I think definitely within 2 3 years these companies should see some traction because the companies will need to store data and then process data. So here they have a scope.
akshat-shrivastava,NOW,us,buy,up,med,2026-06-06,2026-06-08,6m,NOW,True,114.19,-0.1677,0.0102,-0.1779,-0.1677,False,True,,,3y,https://www.youtube.com/watch?v=ozq2eeViDbs,"I would take like some contrarian plays, for example, healthcare software. Something like ServiceNow, something like Meili. These would be my top picks for the next couple of years, where I would be putting more money."
akshat-shrivastava,META,us,buy,up,med,2026-06-06,2026-06-08,1y,META,True,584.848,-0.013,0.0102,-0.0232,-0.013,False,True,,,1y,https://www.youtube.com/watch?v=ozq2eeViDbs,"There are a bunch of companies which are discounted. For example, according to me, Meta, Microsoft is discounted. These are not trading at crazy PEs, okay? And crazy valuations by any stretch of imagination."
akshat-shrivastava,MSFT,us,buy,up,med,2026-06-06,2026-06-08,1y,MSFT,True,411.74,-0.0785,0.0102,-0.0887,-0.0785,False,True,,,1y,https://www.youtube.com/watch?v=ozq2eeViDbs,"There are a bunch of companies which are discounted. For example, according to me, Meta, Microsoft is discounted. These are not trading at crazy PEs, okay? And crazy valuations by any stretch of imagination."
akshat-shrivastava,UNH,us,buy,up,med,2026-06-06,2026-06-08,1y,UNH,True,404.2611,-0.0082,0.0102,-0.0183,-0.0082,False,True,,,1y,https://www.youtube.com/watch?v=ozq2eeViDbs,"Apart from M7, if I'm going it is ServiceNow and United Health. That's it. Because of the same following points. OPM is good and their valuations are good. Technically also they are at good value."
akshat-shrivastava,CRWD,us,buy,up,low,2026-06-06,2026-06-08,1y,CRWD,True,658.79,0.0396,0.0102,0.0294,0.0396,True,True,,,1y,https://www.youtube.com/watch?v=ozq2eeViDbs,"I'm focusing now on some cybersecurity stocks like CrowdStrike, Palo Alto. So, I'm waiting for them to come to right levels to buy. Like I'll not buy anything on Monday, but I'm just tracking these companies."
akshat-shrivastava,PANW,us,buy,up,low,2026-06-06,2026-06-08,1y,PANW,True,266.33,0.0805,0.0102,0.0704,0.0805,True,True,,,1y,https://www.youtube.com/watch?v=ozq2eeViDbs,"I'm focusing now on some cybersecurity stocks like CrowdStrike, Palo Alto. So, I'm waiting for them to come to right levels to buy. Like I'll not buy anything on Monday, but I'm just tracking these companies."
akshat-shrivastava,OUST,us,buy,up,med,2026-06-06,2026-06-08,6m,OUST,False,40.88,0.1392,0.0102,0.129,0.1392,True,True,,,3y,https://www.youtube.com/watch?v=ozq2eeViDbs,"Ouster is a very good example. It dipped a little bit. They have great lidars that is being used in all of AV. So, I'm looking into lasers, lidars, and any other pick and shovel companies that support robotics and autonomous vehicles."
akshat-shrivastava,COIN,us,buy,up,low,2026-06-06,2026-06-08,6m,COIN,True,162.11,0.0071,0.0102,-0.0031,0.0071,False,True,,,3y,https://www.youtube.com/watch?v=ozq2eeViDbs,"Something around tokenization and stable coins make sense. You have your Coinbase and whatnot, because they are primarily into Bitcoin and stable coins are also coming into effect mode. Potentially another high."
akshat-shrivastava,TCS,india,buy,up,med,2026-02-20,2026-02-20,1y,TCS.NS,True,2686.2,-0.2089,-0.0609,-0.148,-0.2089,False,True,,,1y,https://www.youtube.com/watch?v=r7gUaz-eXRc,Should you be buying Indian IT? Yes. Why? Because valuations are good. Can they fall by another 10%? I don't know. But are you buying reasonable valuations now? Yes. Take some exposure. This is at a good valuation level.
akshat-shrivastava,INFY,india,buy,up,med,2026-02-20,2026-02-20,1y,INFY.NS,True,1353.2,-0.223,-0.0609,-0.1621,-0.223,False,True,,,1y,https://www.youtube.com/watch?v=r7gUaz-eXRc,"Should you be buying Indian IT? Yes. Why? Because valuations are good. Take some exposure. This is at a good valuation level. Accordingly, you can decide whether to invest 20%, 30% of your portfolio."
akshat-shrivastava,NIFTYIT,india,buy,up,med,2026-02-20,,,,,,,,,,,False,no price data,,1y,https://www.youtube.com/watch?v=r7gUaz-eXRc,"If you don't understand much, just simply buy Nifty. There is no problem in terms of buying Nifty, you already get exposure across a range of products. Indian IT is not going anywhere. It's going to do okay."
akshat-shrivastava,GOOGL,us,buy,up,med,2025-06-20,2025-06-20,1y,GOOGL,True,166.2652,1.2135,0.2672,0.9463,1.2135,True,True,,,1y,https://www.youtube.com/watch?v=rEC15tWo_oU,Let's look at Google. Google is a very good company. If it goes back to its previous level there is a 30 31% gain to be made on something like Google which is an absolute stellar company.
akshat-shrivastava,BTC,us,buy,up,med,2025-06-20,2025-06-20,1y,BTC,False,45.74,-0.3913,0.2672,-0.6585,-0.3913,False,True,,,1y,https://www.youtube.com/watch?v=rEC15tWo_oU,"When bitcoin was down I bought it at like whatever 75ish $75,000. Can it go to $1 million? Yes, one Bitcoin can go to $1 million. Therefore it's an asymmetric bet. 5 10% 15% bets could be asymmetric bets."
akshat-shrivastava,NU,us,buy,up,med,2025-06-20,2025-06-20,6m,NU,False,12.14,0.346,0.1518,0.1942,0.346,True,True,,,3y,https://www.youtube.com/watch?v=rEC15tWo_oU,NU Holdings is one of the fastest growing digital banks in Latin America. Their growth rate has been massive. You are still buying at somewhat like the IPO price. I have the flexibility to add things like NU holdings.
akshat-shrivastava,BTC,us,buy,up,med,2025-07-20,2025-07-21,1y,BTC,False,51.73,-0.4618,0.1977,-0.6595,-0.4618,False,True,,,1y,https://www.youtube.com/watch?v=rMMUPzLyqQw,"Bitcoin is a dollar hedge. Recently Bitcoin is rallying but US dollar is going down. There is a negative correlation between US dollar strength and Bitcoin's strength. If US dollar goes down, Bitcoin goes up."
akshat-shrivastava,QQQ,us,buy,up,med,2025-07-20,2025-07-21,1y,QQQ,False,562.0829,0.3176,0.1977,0.1199,0.3176,True,True,,,1y,https://www.youtube.com/watch?v=rMMUPzLyqQw,"33% would be US stocks or US indices. When there was an April dip, I bought a ton of stocks in the US, approximately like $1 million worth of stocks, all have gone up 25, 30%. Check semiconductor index, trading 15% below its peak."
akshat-shrivastava,SOXX,us,buy,up,med,2025-07-20,2025-07-21,1y,SOXX,False,245.803,1.6015,0.1977,1.4038,1.6015,True,True,,,1y,https://www.youtube.com/watch?v=rMMUPzLyqQw,"Check some index which are trading below their all-time high by 10 15%. For example, something like semiconductor index. It's trading 15% below its peak. So, you can definitely consider that."
akshat-shrivastava,ASML,us,buy,up,high,2025-06-20,2025-06-20,6m,ASML,False,750.6476,0.4019,0.1518,0.2501,0.4019,True,True,,,,https://www.youtube.com/watch?v=rgWCHQVWz2M,"Here is ASML. I believe that this is one of the companies that could go the Amazon way... It's a wonderful stock according to me... It's already there on my portfolio one... on this new portfolio, my goal would be to aggregate these type of companies."
akshat-shrivastava,OKLO,us,buy,up,high,2025-08-20,2025-08-20,6m,OKLO,False,66.57,0.0123,0.0817,-0.0694,0.0123,False,True,,,,https://www.youtube.com/watch?v=sBULOwiKyr8,The first stock that I'm adding to this portfolio which I've not added yet I will be adding it... this company is called as Oakllo... this is a 100x type of a stock. There is a system through which you will build your positions.
akshat-shrivastava,ACHR,us,buy,up,high,2025-08-20,2025-08-20,6m,ACHR,False,9.23,-0.2449,0.0817,-0.3265,-0.2449,False,True,,,,https://www.youtube.com/watch?v=sBULOwiKyr8,"I'm betting right now. I've already purchased it... it's called as Archer Aviation... Can they become 10x, 20x, 30x? Yes, there is a very high probability of that happening."
akshat-shrivastava,JOBY,us,buy,up,med,2025-08-20,2025-08-20,6m,JOBY,False,14.72,-0.3145,0.0817,-0.3962,-0.3145,False,True,,,,https://www.youtube.com/watch?v=sBULOwiKyr8,"Archer Aviation or Joby are very good companies because they are creating a variant of this... Can they become 10x, 20x, 30x? Yes, there is a very high probability of that happening."
akshat-shrivastava,RKLB,us,buy,up,med,2025-08-20,2025-08-20,6m,RKLB,False,40.69,0.829,0.0817,0.7473,0.829,True,True,,,,https://www.youtube.com/watch?v=sBULOwiKyr8,"I bought the company. It went up 80% in couple of months... Can it go 100x? Yes. One could argue that if the company survives for the next 15 20 years, very high probability."
akshat-shrivastava,TSLA,us,buy,up,med,2025-08-20,2025-08-20,6m,TSLA,True,323.9,0.2699,0.0817,0.1882,0.2699,True,True,,,,https://www.youtube.com/watch?v=sBULOwiKyr8,"Tesla also has its own leg. You just need to buy it at the right valuation. But all three companies very good... Tesla, Whimo... They are into autonomous driving cars. Uber will support that infrastructure."
akshat-shrivastava,GOOGL,us,buy,up,high,2025-06-20,2025-06-20,1y,GOOGL,True,166.2652,1.2135,0.2672,0.9463,1.2135,True,True,,,1y,https://www.youtube.com/watch?v=scBBJpZB2-U,Right now Google looks really good. These are solid companies... it is down 32% from its top... if you would have purchased it on this downward sloping curve... really good opportunities are there in the US market.
akshat-shrivastava,HDFCBANK,india,buy,up,med,2025-06-20,2025-06-20,6m,HDFCBANK.NS,True,969.2487,0.0168,0.034,-0.0172,0.0168,False,True,,,,https://www.youtube.com/watch?v=scBBJpZB2-U,HDFC Bank a bad bank? The short answer is absolutely not. I have been bullish about HDFC Bank. It's literally a free fokat ka money where you can make... it has gone up like crazy in the last few days.
akshat-shrivastava,NIFTY50,india,hold-avoid,down,high,2025-06-20,,,,,,,,,,,False,no price data,,1y,https://www.youtube.com/watch?v=sYfZuSUAucI,"I do believe that there is going to be a correction towards the end of 2025 or first half of 2026... Nifty50 is little bit overvalued... Recently, I cut almost 50% of my Indian stocks because of this reason."
akshat-shrivastava,NIFTYIT,india,sell,down,high,2025-06-20,,,,,,,,,,,False,no price data,,,https://www.youtube.com/watch?v=scBBJpZB2-U,"I exited all my positions on Indian IT. It's slowing down, it's set for disruption. I don't know how much time would it take for disruption."
akshat-shrivastava,PVRINOX,india,buy,up,med,2025-06-20,2025-06-20,1y,PVRINOX.NS,False,940.65,0.0088,-0.0438,0.0525,0.0088,True,True,,,1y,https://www.youtube.com/watch?v=soM-ceWZjoE,this is the type of a company that I am happy holding... this company will go through a turnaround something similar had happened with zomato when zomato Grew From roughly 55 60 rupees stock to roughly 200 rupees stock
akshat-shrivastava,BANDHANBNK,india,buy,up,med,2025-06-20,2025-06-20,1y,BANDHANBNK.NS,False,178.4201,0.1663,-0.0438,0.2101,0.1663,True,True,,,1y,https://www.youtube.com/watch?v=soM-ceWZjoE,ban bank right... it is standing at lowest ever levels right from a price point of view from a PE point of view... highest ever profits right highest ever sales... when they buy like maybe just in a quarter they increase their holding these type of stocks could become potential Rockets
akshat-shrivastava,UJJIVANSFB,india,buy,up,low,2025-06-20,2025-06-20,1y,UJJIVANSFB.NS,False,48.17,0.1889,-0.0438,0.2327,0.1889,True,True,,,1y,https://www.youtube.com/watch?v=soM-ceWZjoE,I'm holding stocks like ujan small Finance bank... these are some of the key stocks that I hold right in the small and midcap category
akshat-shrivastava,ZOMATO,india,buy,up,med,2025-06-20,,,,,,,,,,,False,no price data,,1y,https://www.youtube.com/watch?v=soM-ceWZjoE,more and more I'm reading about zomato... I think both these companies are good... on a long 10 basis... if I have to pick like a multibagger right from India I think these are the leading contenders for me personally
akshat-shrivastava,SWIGGY,india,buy,up,med,2025-06-20,2025-06-20,1y,SWIGGY.NS,False,389.5,-0.3478,-0.0438,-0.304,-0.3478,False,True,,,1y,https://www.youtube.com/watch?v=soM-ceWZjoE,I booked 70% profit rotated that into swiggy right so in fact both these stocks I feel are likely to be multi-baggers... I think both these companies are good... leading contenders for me personally
akshat-shrivastava,GOOGL,us,buy,up,med,2025-06-20,2025-06-20,1y,GOOGL,True,166.2652,1.2135,0.2672,0.9463,1.2135,True,True,,,1y,https://www.youtube.com/watch?v=syNCRpT_xN0,"What you should buy, which specific stock should you buy? Google, because if I show you Google right now... this has dropped by 28, 30%. Should you buy this?... I'll write our detail note tomorrow on Google, whether I'm adding more positions"
akshat-shrivastava,AAPL,us,buy,up,low,2025-06-20,2025-06-20,1y,AAPL,True,200.2057,0.4885,0.2672,0.2213,0.4885,True,True,,,1y,https://www.youtube.com/watch?v=syNCRpT_xN0,"Apple is down like another 16, 17%. Will I be buying it? Maybe. But I will build my positions very intelligently here. I am almost 30% done in terms of building my US portfolio, 70% I am on cash right now."
akshat-shrivastava,BTC,us,buy,up,med,2025-09-20,2025-09-22,1y,BTC,False,49.68,-0.4396,0.1262,-0.5658,-0.4396,False,True,,135000,1y,https://www.youtube.com/watch?v=v3Uu0JBhwE8,"Bitcoin is right now trading at roughly 113 $115,000. the upside potential on Bitcoin is around $135,000 right now... probably you can take like a 2-year period and do an SIP... 5% SIP money you can deploy on this over the next 2 years"
akshat-shrivastava,NIFTY50,india,buy,up,med,2025-09-20,,,,,,,,,,,False,no price data,,3m,https://www.youtube.com/watch?v=v3Uu0JBhwE8,we are in a buying zone for Nifty50 right now... this month SIP you can do on Nifty50... if I invest in nifty50... 20k I'll definitely invest right
akshat-shrivastava,GOLD,india,hold-avoid,down,high,2025-10-20,,,,,,,,,,,False,no price data,,6m,https://www.youtube.com/watch?v=v6GHgr4pL4A,Five reasons why gold prices can come down... gold has already given a parabolic rise... Don't buy Gold this Diwali... at this juncture if you just look at it from a one two-year perspective going forward gold has to correct in order for equities to do well
akshat-shrivastava,NIFTY50,india,buy,up,high,2025-10-20,,,,,,,,,,,False,no price data,,6m,https://www.youtube.com/watch?v=v6GHgr4pL4A,Here is a million-doll trade that I have taken on Nifty50 today and I feel that Nifty50 is going to do well... Nifty50 right now is at a discount. It's at a massive discount... PE 20.5 vs 32.7 in 2021
akshat-shrivastava,IEX,india,buy,up,med,2025-06-20,2025-06-20,1y,IEX.NS,False,177.5336,-0.3084,-0.0438,-0.2646,-0.3084,False,True,,,1y,https://www.youtube.com/watch?v=vFlO0SRFniE,Companies like IEX are great long-term plays. does this become a good SIP candidate for now? The answer is yes.
akshat-shrivastava,NIFTYIT,india,buy,up,med,2025-06-20,,,,,,,,,,,False,no price data,,1y,https://www.youtube.com/watch?v=vFlO0SRFniE,IT index right it is consolidating at its 4-year point...it is actually preparing for a breakout right now...expecting like 10% growth rate on something like it where four years have been stopped this looks okay therefore we are doing bulk.
akshat-shrivastava,NIFTY50,india,buy,up,med,2025-07-20,,,,,,,,,,,False,no price data,,6m,https://www.youtube.com/watch?v=vb653L0F7oM,if the war ends fairly quickly then this target can be achieved so then nifty can rise by roughly 9 and a half%. In case there is a correction and if you want to add new positions very good time to add.
akshat-shrivastava,XLV,india,buy,up,med,2025-09-20,,,,,,,,,,,False,no price data,,1y,https://www.youtube.com/watch?v=vKtKxKNp0H8,I feel this is an undervalued sector in the US right now. I'm currently buying a lot of stocks from that segment and would buy even more over this month and the next probably.
akshat-shrivastava,MSFT,india,buy,up,high,2026-04-20,,,,,,,,,,,False,no price data,,1y,https://www.youtube.com/watch?v=vwQN2WSM5FY,"if it reclaims its previous peak, we will see another 35-40% run up. So, am I holding Microsoft? Yes. Will I add more Microsoft? Maybe. I believe that Microsoft is still trading at a discount."
akshat-shrivastava,META,india,buy,up,med,2026-04-20,2026-04-20,1y,META.BO,False,6.5209,0.1808,-0.0144,0.1953,0.1808,True,True,,,1y,https://www.youtube.com/watch?v=vwQN2WSM5FY,"I was putting this when these stocks were at massive discount and it's a risk mitigation strategy...I had put a lot of money on Microsoft, okay? Meta for example, you have put like 9% of your money."
akshat-shrivastava,PANW,india,buy,up,high,2026-04-20,,,,,,,,,,,False,no price data,,1y,https://www.youtube.com/watch?v=vwQN2WSM5FY,"the next stock that I'm going to build aggressive positions on is called as Palo Alto Network...since the stock is trading 30% below, it's a good time to start building at least 40, 50% of your position."
akshat-shrivastava,NIFTY50,india,buy,up,med,2025-06-20,,,,,,,,,,,False,no price data,,3m,https://www.youtube.com/watch?v=xot1f3SwA2E,option one of course is nifty 50 why because large caps have underperformed the market in the last couple of years...now time has come to make money.
akshat-shrivastava,ABBOTINDIA,india,buy,up,med,2025-06-20,2025-06-20,3m,ABBOTINDIA.NS,False,31185.6602,-0.0263,0.0085,-0.0349,-0.0263,False,True,,,3m,https://www.youtube.com/watch?v=xot1f3SwA2E,it is trading at its 200 day moving average...you are buying it here at point B and exit becomes point a...is this a fundamentally strong stock to swing trade absolutely...profit compounding has been 20% right so it's not as if that this is a slow Growth Company.
akshat-shrivastava,AKZOINDIA,india,buy,up,med,2025-06-20,,,,,,,,,,,False,no price data,4518.0,3m,https://www.youtube.com/watch?v=xot1f3SwA2E,"Exon Noble peaked at 4,518 and now it is at its 200 day moving average roughly 3,500 so almost 20% and now if it is a fundamentally good stock it will probably hit its alltime high again."
akshat-shrivastava,CHOLAFIN,india,buy,up,med,2025-06-20,2025-06-20,1y,CHOLAFIN.NS,False,1555.636,0.0886,-0.0438,0.1323,0.0886,True,True,,2000.0,1y,https://www.youtube.com/watch?v=xot1f3SwA2E,"CH Finance holding right so price it reached its peak at 2,000 now it's almost like 1500 so maybe 20% fall...this is a good asset on a 2 to three year basis."
akshat-shrivastava,HINDUNILVR,india,buy,up,med,2025-06-20,2025-06-20,3m,HINDUNILVR.NS,True,2264.3997,0.1215,0.0085,0.113,0.1215,True,True,,,3m,https://www.youtube.com/watch?v=xot1f3SwA2E,"Hindustan uni right 3,000 2300 so this has fallen by around 20 25%...if you have ever purchased this stock below its 200 day moving average line and showed patience it has always rewarded people...this is a good swing candidate."
akshat-shrivastava,NIFTY50,india,hold-avoid,neutral,med,2026-02-20,,,,,,,,,,,False,no price data,,1y,https://www.youtube.com/watch?v=5G7G6QbFfVo,"I think 25,000 nifty level is a very strong level. I don't think it has been breached that aggressively. Will it trade in let's say a 22,500 to 27,500 levels? Yes. Right. This is where I see the market going."
akshat-shrivastava,MSFT,us,buy,up,med,2026-02-20,2026-02-20,1y,MSFT,True,396.3715,-0.0428,0.0861,-0.1289,-0.0428,False,True,,,1y,https://www.youtube.com/watch?v=5G7G6QbFfVo,Top tier companies like Microsoft Meta Amazon Netflix all the companies are at least down 20 15 20% you're not buying it at like crazy valuations... the earnings of these companies is growing at 15 20% CAGR. Long-term investments you should pick in the American market.
akshat-shrivastava,META,us,buy,up,med,2026-02-20,2026-02-20,1y,META,True,655.0991,-0.1189,0.0861,-0.205,-0.1189,False,True,,,1y,https://www.youtube.com/watch?v=5G7G6QbFfVo,Top tier companies like Microsoft Meta Amazon Netflix all the companies are at least down 20 15 20% you're not buying it at like crazy valuations... the earnings of these companies is growing at 15 20% CAGR.
akshat-shrivastava,AMZN,us,buy,up,med,2026-02-20,2026-02-20,1y,AMZN,True,210.11,0.1632,0.0861,0.0771,0.1632,True,True,,,1y,https://www.youtube.com/watch?v=5G7G6QbFfVo,Top tier companies like Microsoft Meta Amazon Netflix all the companies are at least down 20 15 20% you're not buying it at like crazy valuations... the earnings of these companies is growing at 15 20% CAGR.
akshat-shrivastava,NFLX,us,buy,up,med,2026-02-20,2026-02-20,1y,NFLX,True,78.67,-0.0164,0.0861,-0.1025,-0.0164,False,True,,,1y,https://www.youtube.com/watch?v=5G7G6QbFfVo,Top tier companies like Microsoft Meta Amazon Netflix all the companies are at least down 20 15 20% you're not buying it at like crazy valuations... the earnings of these companies is growing at 15 20% CAGR.
akshat-shrivastava,AMD,us,buy,up,med,2025-08-20,2025-08-20,1y,AMD,True,165.2,2.2528,0.1802,2.0727,2.2528,True,True,,,1y,https://www.youtube.com/watch?v=8wi-6Tl3wL4,I was very bullish on AMD... it has given roughly like 100% run up... I still feel it's undervalued.
akshat-shrivastava,GOOGL,us,buy,up,med,2025-08-20,2025-08-20,1y,GOOGL,True,198.8717,0.8506,0.1802,0.6704,0.8506,True,True,,,1y,https://www.youtube.com/watch?v=8wi-6Tl3wL4,I feel that Google is undervalued. So these stocks there can be stock specific asymmetries.
akshat-shrivastava,NFLX,us,buy,up,med,2025-08-20,2025-08-20,1y,NFLX,True,121.386,-0.3625,0.1802,-0.5427,-0.3625,False,True,,,1y,https://www.youtube.com/watch?v=8wi-6Tl3wL4,Companies like Netflix companies like Meta all those companies... US tech stocks have great asset quality they are going to be leaders in terms of business generation in the next 10 15 20 years they will continue to lead.
akshat-shrivastava,META,us,buy,up,med,2025-08-20,2025-08-20,1y,META,True,745.968,-0.2262,0.1802,-0.4064,-0.2262,False,True,,,1y,https://www.youtube.com/watch?v=8wi-6Tl3wL4,Companies like Netflix companies like Meta all those companies... US tech stocks have great asset quality they are going to be leaders in terms of business generation in the next 10 15 20 years they will continue to lead.
akshat-shrivastava,NIFTY50,india,buy,up,high,2025-06-20,,,,,,,,,,,False,no price data,,1y,https://www.youtube.com/watch?v=A_YEqSKdi-w,Am I buying? Yes absolutely I'm buying like individual large cap assets also I'm buying nifty50 also I'm investing in the US market also... if you put the money now in a safe instrument like nifty50 you can easily expect a 15% CAGR on 2 to 3 year basis.
akshat-shrivastava,ASIANPAINT,india,buy,up,med,2025-06-20,2025-06-20,1y,ASIANPAINT.NS,True,2282.1382,0.1975,-0.0438,0.2413,0.1975,True,True,,,1y,https://www.youtube.com/watch?v=A_YEqSKdi-w,Asian paints... this stock is likely to come back up into its previous zone. Whenever people get a little bit of relief in terms of interest rate in terms of taxation changes they will get more money and all these stocks will be the first one to Rally.
akshat-shrivastava,HDFCAMC,india,buy,up,med,2025-06-20,2025-06-20,1y,HDFCAMC.NS,False,2479.3,0.0967,-0.0438,0.1405,0.0967,True,True,,,1y,https://www.youtube.com/watch?v=A_YEqSKdi-w,HDFCAMC... something similar is going to happen with Asian Paint story or like H story all that... whenever people get a little bit of relief in terms of interest rate... they will get more money and all these stocks will be the first one to Rally.
akshat-shrivastava,HAL,india,hold-avoid,neutral,low,2025-06-20,2025-06-20,1y,HAL.NS,False,4915.5654,-0.1032,-0.0438,0.0595,0.1032,True,True,,,1y,https://www.youtube.com/watch?v=A_YEqSKdi-w,"Hindustan Aeronautics right I purchased it at like 5,500 now it is at like 3800... you are buying a fairly large cap company at a PE of 30... the focus of the government right now is not to spend money themselves... judge accordingly."
akshat-shrivastava,MELI,us,buy,up,high,2025-07-20,2025-07-21,1y,MELI,False,2379.0601,-0.3127,0.1977,-0.5104,-0.3127,False,True,,,1y,https://www.youtube.com/watch?v=BimXIWz5Wi8,"I have added companies like Mercado, Libre. Latin American market is like the Indian market, right? Maybe like minus 5 years. Something similar is going to happen in Latin American markets. So therefore, I am bullish about these three markets."
akshat-shrivastava,NU,us,buy,up,med,2025-07-20,2025-07-21,1y,NU,False,12.89,-0.014,0.1977,-0.2117,-0.014,False,True,,,1y,https://www.youtube.com/watch?v=BimXIWz5Wi8,"I have added companies like NU bank. Latin American market is like the Indian market, right? Maybe like minus 5 years. Fintech adoption that happened in the Indian market. Something similar is going to happen in Latin American markets. So therefore, I am bullish."
akshat-shrivastava,META,us,buy,up,high,2026-05-20,2026-05-20,6m,META,True,605.06,-0.046,0.0074,-0.0534,-0.046,False,True,,,3y,https://www.youtube.com/watch?v=BzRjGBm8yfs,"Should you be buying beaten-down high-quality companies in the US? Yes. Meta's operating profits are compounding. Its earnings are growing. It controls the data center layer. It has technology at play. It has distribution advantage. Instagram, WhatsApp. You know it's a strong company."
akshat-shrivastava,MSFT,us,buy,up,med,2026-05-20,2026-05-20,6m,MSFT,True,420.15,-0.097,0.0074,-0.1044,-0.097,False,True,,,3y,https://www.youtube.com/watch?v=BzRjGBm8yfs,"Should you be buying beaten-down high-quality companies in the US? Yes. You're investing in high-quality companies like Meta where I don't need to do too much tracking, Microsoft, Meta, and all this stuff. There are enough rotation options."
akshat-shrivastava,NSE,india,buy,up,high,2025-06-20,,,,,,,,,,,False,no price data,,3y,https://www.youtube.com/watch?v=CtBJxdShSMw,"NSE is solid. I feel that NSE is great so therefore I have already put in my money on that. Whenever a company transitions from unlisted to listed especially a monopoly stock like NSE it kind of does fairly well. From a long-term money-making perspective, NSE is solid."
akshat-shrivastava,ASML,us,buy,up,high,2025-06-20,2025-06-20,1y,ASML,False,750.6476,1.5707,0.2672,1.3035,1.5707,True,True,,,1y,https://www.youtube.com/watch?v=CtBJxdShSMw,ASML is already on my portfolio. It is already up. This black line is breaking off resistance. The stock has broken its resistance. So probably it looks like that this momentum will change. From a valuation point of view this is a good time. So this is stock number two.
akshat-shrivastava,DUOL,us,buy,up,med,2025-06-20,2025-06-20,1y,DUOL,False,471.57,-0.7337,0.2672,-1.0009,-0.7337,False,True,,,1y,https://www.youtube.com/watch?v=CtBJxdShSMw,This is a great stock to add from a long-term basis whenever the price correct. So I'm keeping a close eye on this. This is definitely a stock that I will be adding in the next one one and a half year whenever I get a chance. So this is stock number three.
akshat-shrivastava,MELI,us,buy,up,high,2025-06-20,2025-06-20,6m,MELI,False,2403.8101,-0.169,0.1518,-0.3208,-0.169,False,True,,,6m,https://www.youtube.com/watch?v=CtBJxdShSMw,My understanding is that it will see a little bit of weakness. There will be an opportunity soon to aggregate this. That's my hypothesis that it will correct a little bit and then it would become a very good time to do the next bulk on this.
akshat-shrivastava,NFLX,us,buy,up,med,2025-06-20,2025-06-20,6m,NFLX,True,123.141,-0.2335,0.1518,-0.3853,-0.2335,False,True,,,3y,https://www.youtube.com/watch?v=CtBJxdShSMw,Netflix is a stock that will compound with time no one is stopping it market has already started to realize it so it's a great buy on dips type of a stock. It will be one of the primary beneficiary of AI revolution.
akshat-shrivastava,NVDA,us,buy,up,med,2025-06-20,2025-06-20,1y,NVDA,True,143.6587,0.4666,0.2672,0.1994,0.4666,True,True,,,1y,https://www.youtube.com/watch?v=CtBJxdShSMw,"I would retain some bit of cash positions to buy these stocks when they actually fall a lot next. But long story short, if you're taking a 5 10 year viewpoint, the reason why Nvidia and AMD will grow is very simple and the story is around data centers."
akshat-shrivastava,AMD,us,buy,up,med,2025-06-20,2025-06-20,1y,AMD,True,128.24,3.1903,0.2672,2.9231,3.1903,True,True,,,1y,https://www.youtube.com/watch?v=CtBJxdShSMw,"From a short-term perspective this has become a little bit bloated. I would retain some bit of cash positions to buy these stocks when they actually fall a lot next. If you're taking a 5 10 year viewpoint, the reason why Nvidia and AMD will grow is around data centers."
akshat-shrivastava,HEROMOTOCO,india,buy,up,med,2025-06-20,2025-06-20,1y,HEROMOTOCO.NS,False,4192.1641,0.1867,-0.0438,0.2305,0.1867,True,True,,,1y,https://www.youtube.com/watch?v=E96ZkGZ4bKQ,"If you take a look at something like Hero MotoCorp, from its top is still trading down 31% from its peak. This looks like reasonable, given the fact that the company's revenues have also grown really fast. Its EPS is expanding. So this is like a solid stock from that angle."
akshat-shrivastava,HDFCBANK,india,sell,down,high,2025-06-20,2025-06-20,3m,HDFCBANK.NS,True,969.2487,-0.0024,0.0085,0.011,0.0024,True,True,,,3m,https://www.youtube.com/watch?v=E96ZkGZ4bKQ,HDFC bank is now in a selling zone for me. HDFC Bank has already hit this mark. So I am okay exiting some of my positions. I will sell maybe like 60% of my positions.
akshat-shrivastava,SBICARD,india,sell,neutral,med,2025-06-20,2025-06-20,3m,SBICARD.NS,False,942.2988,-0.0782,0.0085,0.0868,0.0782,True,True,,,3m,https://www.youtube.com/watch?v=E96ZkGZ4bKQ,SBI cards which was one of my picks it had gone up by 40% in the last 6 months. I am cutting positions on many of these stocks. Finance stocks have given a runup. Time to book some profits.
akshat-shrivastava,SWIGGY,india,buy,up,med,2025-06-20,2025-06-20,1y,SWIGGY.NS,False,389.5,-0.3478,-0.0438,-0.304,-0.3478,False,True,,,1y,https://www.youtube.com/watch?v=E96ZkGZ4bKQ,Swiggy has run up very very recently. I picked it up 360 in unlisted. Now it has gone up more than that. And hopefully it will continue to do well.
akshat-shrivastava,PVRINOX,india,buy,up,med,2025-06-20,2025-06-20,1y,PVRINOX.NS,False,940.65,0.0088,-0.0438,0.0525,0.0088,True,True,,,1y,https://www.youtube.com/watch?v=ECARsEuHK4g,PVR Inox it has started to make net profit. Over time the likely scenario is that this will turn profitable. I think that I should have built position little bit more slowly. It might take maybe like a couple of years for the turnaround to happen. Will it? This is a solid company.
akshat-shrivastava,JIOFIN,india,buy,up,med,2025-06-20,2025-06-20,1y,JIOFIN.NS,True,293.7919,-0.1679,-0.0438,-0.1242,-0.1679,False,True,,,1y,https://www.youtube.com/watch?v=ECARsEuHK4g,Geo Finance these were pure speculative stock the business underlying business is still not there per se. This is going to be a good stock. There is a very high likelihood that this is going to be a good stock money making money churning stock but it is going to be very volatile.
akshat-shrivastava,MAXHEALTH,india,buy,up,med,2025-06-20,2025-06-20,1y,MAXHEALTH.NS,True,1212.401,-0.097,-0.0438,-0.0533,-0.097,False,True,,,1y,https://www.youtube.com/watch?v=ECARsEuHK4g,Max Health I'm having an 80% profit on a decent enough position. Hospital stocks have run up. It is very important for me to build position whenever there is a downtrend on these type of stocks. It does not mean because I've made 80% I'll cut my position.
akshat-shrivastava,BTC,india,buy,up,med,2025-06-20,,,,,,,,,,,False,no price data,,1y,https://www.youtube.com/watch?v=ECpin233eTU,you can have like a 12 month 24mth aggregation window and you can say that boss I'm going to invest like 5% of my capital in Bitcoin... from a pure investment point of view one of the best sips that you can run right now is BTC
akshat-shrivastava,JIOFIN,india,buy,up,med,2025-06-20,2025-06-20,1y,JIOFIN.NS,True,293.7919,-0.1679,-0.0438,-0.1242,-0.1679,False,True,,,1y,https://www.youtube.com/watch?v=ECpin233eTU,is this an investable asset I would say yes right it's an investable asset... they have entered into a mutual fund industry business right they might go into wealth management... they are going to be in that high impact space
akshat-shrivastava,ZOMATO,india,buy,up,med,2025-06-20,,,,,,,,,,,False,no price data,,1y,https://www.youtube.com/watch?v=ECpin233eTU,tradable plus investable this will be zato you have Gio Finance bounceback... zato s ones they are going to do it right so that is likely to happen again is it speculative no it is backed by fundamentals
akshat-shrivastava,XLK,india,buy,up,med,2025-06-20,,,,,,,,,,,False,no price data,,1y,https://www.youtube.com/watch?v=ECpin233eTU,if you're looking to do index investing in the US you can get started with NASDAQ which are growth assets xlk these are growth slightly lower risks asset... it has beaten QQQ right so by a little bit
akshat-shrivastava,BTC,india,buy,up,high,2025-06-20,,,,,,,,,,,False,no price data,,3m,https://www.youtube.com/watch?v=ETpdW1KuhD4,I am still keeping my 6% intact in fact I'll take it up to probably 10% I feel bullish on bitcoin... am I bearish about Bitcoin in the next 3 to 5 years no there is no reason to
akshat-shrivastava,NIFTY50,india,buy,up,med,2025-12-20,,,,,,,,,,,False,no price data,,1m,https://www.youtube.com/watch?v=FTus6X2gRmE,I had taken a swing trade on Nifty50 during Diwali and I had invested close to a million dollars... I've started booking some profits on nifty50 I'll rotate it to slightly riskier stocks
akshat-shrivastava,ZOMATO,india,hold-avoid,neutral,high,2025-12-20,,,,,,,,,,,False,no price data,,1y,https://www.youtube.com/watch?v=FTus6X2gRmE,"Zumato which is trading at 1250p, 1300p... for me Zumato now looks very expensive I'm not touching it... sell overvalued companies and forget about it"
akshat-shrivastava,IEX,india,buy,up,med,2025-12-20,2025-12-22,1y,IEX.NS,False,137.1068,-0.1045,-0.0825,-0.022,-0.1045,False,True,,,1y,https://www.youtube.com/watch?v=FTus6X2gRmE,"I picked some positions, then it corrected more... I built even more positions... this still remains a good company... valuation wise the company is fine right so if the fundamental analysis tells you that okay this is a fine company then you can go ahead and build some positions"
akshat-shrivastava,QQQ,india,buy,up,med,2026-05-30,,,,,,,,,,,False,no price data,720,1y,https://www.youtube.com/watch?v=GTGsPR5pAl8,QQQ levels of 720ish can be maintained okay so it can happen that we move in like a 10% range up and down from here... for the next 1 one and a half two years US market is good
akshat-shrivastava,NIFTY50,india,buy,up,med,2026-05-30,,,,,,,,,,,False,no price data,,1m,https://www.youtube.com/watch?v=GTGsPR5pAl8,this is a good time to enter the Indian market on the short frame right and then kind of rotate this channel... I myself will be doing it I will be pulling out some money right from nifty50 the swing trade... a short-term swing on the Indian market on the upside
akshat-shrivastava,NVDA,india,buy,up,med,2026-05-30,,,,,,,,,,,False,no price data,,1y,https://www.youtube.com/watch?v=GTGsPR5pAl8,"companies like Nvidia will continue to retain its profit margins or like growth rate... a lot of benefit will flow to Chinese and American companies. For example, companies like Nvidia will continue to retain its profit margins"
akshat-shrivastava,PVTBANK,india,buy,up,med,2025-06-20,,,,,,,,,,,False,no price data,,1y,https://www.youtube.com/watch?v=G_D5Q7QVFIs,I'm rotating Capital to private Banks... there is roughly a 20% gain to come on private bank ETF... there is a good chance that sector rotation will happen here okay so I'm gearing my portfolio towards that
akshat-shrivastava,GOOGL,india,buy,up,med,2025-06-20,,,,,,,,,,,False,no price data,,1y,https://www.youtube.com/watch?v=G_D5Q7QVFIs,Google has fallen by 20%... it kind of makes sense to figure out some good fundamentally strong stocks and a lot of good fundamentally strong stocks are there in the US where buying can take place
akshat-shrivastava,SWIGGY,india,buy,up,med,2025-06-20,2025-06-20,1y,SWIGGY.NS,False,389.5,-0.3478,-0.0438,-0.304,-0.3478,False,True,,,1y,https://www.youtube.com/watch?v=G_D5Q7QVFIs,I have live bought swiggy at 360... in IPO once the firm goes IPO especially in a bullish Market it will just go up like this there is a very high probability of that happening... a better approach is that you buy at least some quantity before IPO
akshat-shrivastava,META,us,buy,up,high,2026-06-11,2026-06-11,1y,META,True,567.9036,0.0164,0.0148,0.0016,0.0164,True,True,,,1y,https://www.youtube.com/watch?v=HFjGqCYYfCM,"Meta right now, at the time of making this video, is trading at an average PE of 18. Its earnings growth rate has not slowed down. It is doing really well. No problem there. This is below its 10-year historic average. So basically Meta is deeply undervalued right now."
akshat-shrivastava,MSFT,us,buy,up,med,2026-06-11,2026-06-11,1y,MSFT,True,390.34,-0.028,0.0148,-0.0428,-0.028,False,True,,,1y,https://www.youtube.com/watch?v=HFjGqCYYfCM,"Same goes for Microsoft, Nvidia, which is the North Star of AI trade in the US. It's trading at like 23 B. This is not crazy expensive by any stretch of the imagination. There is no indication yet that these type of companies, Nvidia, Meta, Microsoft, they are going to correct by 40-50%."
akshat-shrivastava,NVDA,us,buy,up,med,2026-06-11,2026-06-11,1y,NVDA,True,204.87,0.0284,0.0148,0.0136,0.0284,True,True,,,1y,https://www.youtube.com/watch?v=HFjGqCYYfCM,"Nvidia, which is the North Star of AI trade in the US. It's trading at like 23 B. This is not crazy expensive by any stretch of the imagination. There is no indication yet that these companies are going to correct by 40-50%."
akshat-shrivastava,AMZN,us,buy,up,high,2026-02-20,2026-02-20,1y,AMZN,True,210.11,0.1632,0.0861,0.0771,0.1632,True,True,,,1y,https://www.youtube.com/watch?v=Hsk5HVl55K0,"I am buying Amazon. I am very happy to put 5 to 10% of my capital onto a stock like Amazon. On a four five-year basis, if the company is doing exceptionally well, generating constantly good results — this is a fabulous company."
akshat-shrivastava,META,us,buy,up,high,2026-02-20,2026-02-20,1y,META,True,655.0991,-0.1189,0.0861,-0.205,-0.1189,False,True,,,1y,https://www.youtube.com/watch?v=Hsk5HVl55K0,"Meta — trend analysis shows a 70% up move potential. Amazon, Meta, and Microsoft, these are all good-quality companies which are trading at a margin of safety because they are not trading at an all-time high. I'm putting money in all of these."
akshat-shrivastava,MSFT,us,buy,up,med,2026-02-20,2026-02-20,1y,MSFT,True,396.3715,-0.0428,0.0861,-0.1289,-0.0428,False,True,,,1y,https://www.youtube.com/watch?v=Hsk5HVl55K0,"Microsoft — trend shows another 18-20% run-up, which is not bad at all. Amazon, Meta, and Microsoft, these are all good-quality companies which are trading at a margin of safety. I'm putting money in all of these."
akshat-shrivastava,NFLX,us,buy,up,high,2026-02-20,2026-02-20,1y,NFLX,True,78.67,-0.0164,0.0861,-0.1025,-0.0164,False,True,,,1y,https://www.youtube.com/watch?v=Hsk5HVl55K0,"Today I'm going to go and buy even more Netflix. Nothing has broken, it's a very good, high-quality company. I will buy it more. Buy one really big block on Netflix here at this support."
akshat-shrivastava,LIC,india,buy,up,low,2026-02-20,,,,,,,,,,,False,no price data,,1y,https://www.youtube.com/watch?v=Hsk5HVl55K0,"This is a good time to do maybe like one bulk buy, right? And then take it up from there. From a price to value point of view, PE ratio of 10, this looks okay."
akshat-shrivastava,NIFTYIT,india,buy,up,med,2025-08-20,,,,,,,,,,,False,no price data,,6m,https://www.youtube.com/watch?v=IdZm5tznAIg,"Nifty IT is a great asset to own at this point or at least start building good healthy positions on it. We have touched even 200 day moving average, in fact fallen below 200 day moving average. Technically speaking yes, this is a great buying point."
akshat-shrivastava,ASIANPAINT,india,buy,up,low,2025-08-20,2025-08-20,1y,ASIANPAINT.NS,True,2566.0952,0.065,-0.0414,0.1064,0.065,True,True,,,1y,https://www.youtube.com/watch?v=IdZm5tznAIg,Asian paints — it has moved like 15% up from its bottom and it is still valuation wise it is sensible to buy.
akshat-shrivastava,BAJFINANCE,india,hold-avoid,down,med,2025-08-20,2025-08-20,6m,BAJFINANCE.NS,True,887.8,0.1532,0.0307,-0.1225,-0.1532,False,True,,,6m,https://www.youtube.com/watch?v=IdZm5tznAIg,We are at the late stage of a bull run. During the later stage of a bull run there are usually bad loan problems. These are exactly the type of stocks that will correct a lot. This is not the time to add like crazy.
akshat-shrivastava,AMD,us,buy,up,med,2025-08-20,2025-08-20,1y,AMD,True,165.2,2.2528,0.1802,2.0727,2.2528,True,True,,,1y,https://www.youtube.com/watch?v=IdZm5tznAIg,"Today at the time of making the video, AMD was down like pre-market 6 7%. So that could possibly become like a good bet in the long term. If you're putting money for 3, four years, 5 years, then yeah, these type of companies kind of make sense."
akshat-shrivastava,AMD,us,buy,up,high,2025-08-20,2025-08-20,1y,AMD,True,165.2,2.2528,0.1802,2.0727,2.2528,True,True,,,1y,https://www.youtube.com/watch?v=IxkSC8mfWN0,"On something like AMD, I'm on more than 60 65% returns in the last four months and I will be buying more of TSMC with time. AMD, Nvidia, ASML they are doing okay right now. These are buy on dips companies, you should buy them whenever you get a chance."
akshat-shrivastava,TSM,us,buy,up,med,2025-08-20,2025-08-20,1y,TSM,False,226.629,1.0391,0.1802,0.8589,1.0391,True,True,,,1y,https://www.youtube.com/watch?v=IxkSC8mfWN0,"I will be buying more of TSMC with time. This is something which is on my radar. I haven't bought much of it but I will be buying more with time. These are buy on dips companies, you should buy them whenever you get a chance."
akshat-shrivastava,ASML,us,buy,up,med,2025-08-20,2025-08-20,1y,ASML,False,745.5486,1.5883,0.1802,1.4081,1.5883,True,True,,,1y,https://www.youtube.com/watch?v=IxkSC8mfWN0,ASML is at a good position. Please remember that these companies you're unlikely to get cheap so these are buy on dips companies you should buy them at whenever you get a chance.
akshat-shrivastava,AMZN,us,buy,up,high,2026-01-20,2026-01-20,1y,AMZN,True,231.0,0.058,0.1051,-0.0471,0.058,False,True,,,1y,https://www.youtube.com/watch?v=LXqi9uqw5r0,"I continue to maintain a very strong buy position on Amazon. With every dip, I will continue to run even more and more."
akshat-shrivastava,IDFCFIRSTB,india,buy,up,high,2026-01-20,2026-01-20,1y,IDFCFIRSTB.NS,False,82.09,-0.0415,-0.0483,0.0068,-0.0415,True,True,,,1y,https://www.youtube.com/watch?v=LXqi9uqw5r0,"I easily anticipate this number going to 100,000 cr. I think the bank definitely has a 5x potential if not 10x. I do not mind holding this position for another decade or so."
akshat-shrivastava,IEX,india,buy,up,med,2026-01-20,2026-01-20,1y,IEX.NS,False,126.7374,-0.0312,-0.0483,0.0171,-0.0312,True,True,,,1y,https://www.youtube.com/watch?v=LXqi9uqw5r0,building some positions on IEX might make sense to a lot of players... build position sensibly whenever there is a draw down understand why that draw down has happened.
akshat-shrivastava,NFLX,us,buy,up,high,2026-01-20,2026-01-20,1y,NFLX,True,87.26,-0.1132,0.1051,-0.2183,-0.1132,False,True,,,1y,https://www.youtube.com/watch?v=LXqi9uqw5r0,2026 is the year where people should buy Netflix stock and aggregate it. This is a great time to build positions on Netflix. I am a net buyer in Netflix stock.
akshat-shrivastava,PVR,india,buy,up,high,2026-01-20,,,,,,,,,,,False,no price data,,1y,https://www.youtube.com/watch?v=LXqi9uqw5r0,I am adding more whenever I get a chance. This is a company that I continue to remain bullish on. There is a good healthy chance for a PE expansion on this stock and also EPS growth.
akshat-shrivastava,MELI,us,buy,up,high,2026-01-20,2026-01-20,1y,MELI,False,2034.8199,-0.1964,0.1051,-0.3015,-0.1964,False,True,,,1y,https://www.youtube.com/watch?v=LXqi9uqw5r0,"I'm making it a definite part of my portfolio. I'm hoping that 2026 is the year where Melly turns around. I have almost $200,000 of Melly on my personal portfolio."
akshat-shrivastava,QQQ,us,buy,up,high,2025-06-20,2025-06-20,6m,QQQ,False,524.2922,0.1739,0.1518,0.0221,0.1739,True,True,,,6m,https://www.youtube.com/watch?v=LFmnlRDbqMc,I have been waiting for this type of a correction so that I can put big money... adding positions at each of these Falls makes a lot of sense.
akshat-shrivastava,LVMH,us,buy,up,low,2025-06-20,,,,,,,,,,,False,no price data,,1y,https://www.youtube.com/watch?v=LI3prW3K7JA,there is a company called as LVMH which is Louis Vuitton right I mean it is a value play right now
akshat-shrivastava,AMD,us,buy,up,low,2025-06-20,2025-06-20,1y,AMD,True,128.24,3.1903,0.2672,2.9231,3.1903,True,True,,,1y,https://www.youtube.com/watch?v=LI3prW3K7JA,AMD has fallen quite aggressively from its peak. Now these are all stocks that you could study and possibly build positions.
akshat-shrivastava,BTC,us,hold-avoid,neutral,med,2025-06-20,2025-06-20,1y,BTC,False,45.74,-0.3913,0.2672,0.6585,0.3913,True,True,,,1y,https://www.youtube.com/watch?v=Lz4osGLMLmg,Bitcoin is not going to give you crazy gains this year... right now but not bulk buy at this juncture... 2025 might not be the year of Bitcoin.
akshat-shrivastava,ASIANPAINT,india,buy,up,low,2025-06-20,2025-06-20,1y,ASIANPAINT.NS,True,2282.1382,0.1975,-0.0438,0.2413,0.1975,True,True,,,1y,https://www.youtube.com/watch?v=Lz4osGLMLmg,Asian Paints if it is available at 45 46 PE it's reasonable... people who are able to identify these type of deals are well placed in 2025 to make investments.
akshat-shrivastava,NIFTY50,india,buy,up,med,2025-06-20,,,,,,,,,,,False,no price data,,6m,https://www.youtube.com/watch?v=MWDxYmaXZrg,I don't see the market Falling by more than 20% here... if you buy nifty50 right now...buy in a bear run almost no one has lost money provided you have not sold it.
akshat-shrivastava,NVDA,us,buy,up,high,2025-06-20,2025-06-20,1y,NVDA,True,143.6587,0.4666,0.2672,0.1994,0.4666,True,True,,,1y,https://www.youtube.com/watch?v=N2GH08vqS3s,Companies like Nvidia AMD which are powering almost 80 85% of infrastructure play in the US. Great companies to invest whenever you find good opportunities there. This is like a long-term four five year play.
akshat-shrivastava,AMD,us,buy,up,med,2025-06-20,2025-06-20,1y,AMD,True,128.24,3.1903,0.2672,2.9231,3.1903,True,True,,,1y,https://www.youtube.com/watch?v=N2GH08vqS3s,Companies like Nvidia AMD which are powering almost 80 85% of infrastructure play in the US. Great companies to invest whenever you find good opportunities there. This is like a long-term four five year play.
akshat-shrivastava,MSFT,us,buy,up,med,2025-06-20,2025-06-20,1y,MSFT,True,473.617,-0.1989,0.2672,-0.4661,-0.1989,False,True,,,1y,https://www.youtube.com/watch?v=N2GH08vqS3s,Will Microsoft be able to do something similar in internet 3.0 or artificial intelligence? Yes. And will it be able to do it across the world? Yes. So I mean these are the companies that are going to shape the future of AI.
akshat-shrivastava,HDFCBANK,india,buy,up,med,2025-06-20,2025-06-20,1y,HDFCBANK.NS,True,969.2487,-0.1955,-0.0438,-0.1517,-0.1955,False,True,,,1y,https://www.youtube.com/watch?v=NEnTZGXph3s,if you have picked like HDFC bank one one and a half years ago you are beating the market by 20% okay so yeah people made fun HDFC is useless this that stuff but HDFC types of stock is what is saving the market right
akshat-shrivastava,HSI,us,buy,up,high,2025-06-20,,,,,,,,,,,False,no price data,,1y,https://www.youtube.com/watch?v=NEnTZGXph3s,since the time I had made this video right on China right Chinese investing I had already invested in hansang it has been up by 40% okay so I was quite bullish on China and that bet is turning out to be right I had increased my position on hansang as well and I will continue to build more positions there
akshat-shrivastava,META,us,buy,up,high,2026-05-20,2026-05-20,3m,META,True,605.06,-0.046,0.0074,-0.0534,-0.046,False,True,,1150,3m,https://www.youtube.com/watch?v=OCfG_wkese0,"here is a prediction that I will make about Meta stock that in the next 3 years, the stock will again double. If you buy it at these levels, 620 630 levels, right? You can expect it to go to 1,100 1,200, okay? In the next 3 years."
akshat-shrivastava,ZOMATO,india,hold-avoid,down,high,2026-05-20,,,,,,,,,,,False,no price data,,1y,https://www.youtube.com/watch?v=OCfG_wkese0,"Zomato I have sold out, sold out like completely sold out. Why? Because the PE ratio of Zomato is somewhere around 1,200, 1,300 ... there is enough room on Zomato for a PE correction. PE has a chance of going down dramatically."
akshat-shrivastava,MSFT,us,buy,up,high,2026-05-20,2026-05-20,1y,MSFT,True,420.15,-0.097,0.0074,-0.1044,-0.097,False,True,,,1y,https://www.youtube.com/watch?v=OCfG_wkese0,"you need to buy companies that own the infrastructure. For example, you have companies like ASML, Microsoft, Meta, Amazon. These companies own a layer of infrastructure. If you look at it on a 3-year basis, because it owns such high quality AI infrastructure, it will continue to compound."
akshat-shrivastava,QQQ,us,buy,up,high,2026-05-20,2026-05-20,1y,QQQ,False,713.15,0.0385,0.0074,0.0311,0.0385,True,True,,,1y,https://www.youtube.com/watch?v=PB2ZW95Zt4U,"if you have 100 units of money, okay? Then I would recommend that you put at least 50% of that money out in some format or the other. The starting point could be equities, right? You pick something like QQQ if you don't trust individual stocks."
akshat-shrivastava,MSFT,us,buy,up,high,2026-05-20,2026-05-20,1y,MSFT,True,420.15,-0.097,0.0074,-0.1044,-0.097,False,True,,,1y,https://www.youtube.com/watch?v=PB2ZW95Zt4U,"I have like close to 3 CR of Microsoft in my portfolio personally... your second step would be to get onto the bandwagon of picking stocks like Microsoft, Amazon whenever they are at good valuation."
akshat-shrivastava,AMD,us,buy,up,med,2026-05-20,2026-05-20,6m,AMD,True,447.58,0.2006,0.0074,0.1932,0.2006,True,True,,,6m,https://www.youtube.com/watch?v=PB2ZW95Zt4U,"you can pick on top of this something like AMD. Now, it's not an M7, but you could pick right whenever it falls. You buy it at a good level, hold it, okay?"
akshat-shrivastava,NFLX,us,buy,up,med,2026-05-20,2026-05-20,1y,NFLX,True,88.09,-0.1216,0.0074,-0.129,-0.1216,False,True,,,1y,https://www.youtube.com/watch?v=PB2ZW95Zt4U,"I would recommend M7 stocks, some select companies like let's say Netflix. Additionally, you can pick on top of this something like AMD."
akshat-shrivastava,META,us,buy,up,high,2026-03-20,2026-03-20,1y,META,True,593.66,-0.0277,0.1514,-0.1791,-0.0277,False,True,,,1y,https://www.youtube.com/watch?v=PwZKnB2MNGA,"here is the drawdown on Meta. It has broken its long-term channel, and it's again around 20-25%, right? From its peak ... these stocks are correcting by 25-30%. The chances are that whenever stability is found, these companies will run back to its previous peak faster."
akshat-shrivastava,AMZN,us,buy,up,high,2026-03-20,2026-03-20,1y,AMZN,True,205.37,0.19,0.1514,0.0386,0.19,True,True,,,1y,https://www.youtube.com/watch?v=PwZKnB2MNGA,"from here to here, the drawdown that has happened on Amazon is around 20% ... I'm buying quite aggressively. these companies will run back to its previous peak faster ... the answer is tech stocks. Because tech stocks are getting hammered right now due to oil crisis. They will go back up."
akshat-shrivastava,MSFT,us,buy,up,high,2026-03-20,2026-03-20,1y,MSFT,True,381.0447,-0.0043,0.1514,-0.1557,-0.0043,False,True,,,1y,https://www.youtube.com/watch?v=PwZKnB2MNGA,"Microsoft. Now, here is the Microsoft dip, right? So, from here to here, it has gone down by 30% ... Even companies like Microsoft are compounding at 20% cager, okay? ... with these tech stocks, can they double from this point? The answer is a definite yes."
akshat-shrivastava,NIFTY50,india,buy,up,med,2026-03-20,,,,,,,,,,,False,no price data,,1y,https://www.youtube.com/watch?v=PwZKnB2MNGA,"I have already invested a big chunk of money, around 24K, right? On Nifty, right? Now, in case I get the market here, I will buy this zone also ... investing in the market makes sense strategically speaking."
akshat-shrivastava,HDFCBANK,india,buy,up,med,2025-06-20,2025-06-20,1y,HDFCBANK.NS,True,969.2487,-0.1955,-0.0438,-0.1517,-0.1955,False,True,,,1y,https://www.youtube.com/watch?v=Q2CcDsfzEiw,I spoke about good things about HDFC Bank all that stuff two years two and a half years ago that was the only stock on my portfolio ... you identify undervalued things you put your money and then you pray to God that comes back up
akshat-shrivastava,BTC,india,buy,up,high,2025-12-20,,,,,,,,,,,False,no price data,,1y,https://www.youtube.com/watch?v=QK00F1Bfw0U,Am I adding it? Yes... I'm buying Bitcoin. My target is to keep it between 5 to 10% of my portfolio. I'll buy it at support. I will sell it at resistance.
akshat-shrivastava,MSFT,india,buy,up,med,2026-04-20,,,,,,,,,,,False,no price data,,1y,https://www.youtube.com/watch?v=RmI9OTwT3Ac,"This dip is currently in play on Microsoft, Palantir, CrowdStrike. These are all high-quality companies. You need to buy these type of dips."
akshat-shrivastava,PLTR,india,buy,up,med,2026-04-20,,,,,,,,,,,False,no price data,,1y,https://www.youtube.com/watch?v=RmI9OTwT3Ac,"This dip is currently in play on Microsoft, Palantir, CrowdStrike. These are all high-quality companies. You need to buy these type of dips. Palantir is a stock which is tracked quite aggressively... corrected by 41-42%. Now, there is enough discount there."
akshat-shrivastava,CRWD,india,buy,up,med,2026-04-20,,,,,,,,,,,False,no price data,,1y,https://www.youtube.com/watch?v=RmI9OTwT3Ac,"This dip is currently in play on Microsoft, Palantir, CrowdStrike. These are all high-quality companies. You need to buy these type of dips."
akshat-shrivastava,META,india,buy,up,med,2026-05-30,2026-06-01,1y,META.BO,False,7.4455,0.0342,0.027,0.0072,0.0342,True,True,,,1y,https://www.youtube.com/watch?v=SlQDWS19u5o,"Meta stock right now, it's trading roughly 25-30% from its peak. The company grows at more than 20% CAGR in earnings in dollar terms... it's a much better bet compared to mid-cap and small-cap companies in India."
akshat-shrivastava,NVDA,india,buy,up,med,2026-05-30,,,,,,,,,,,False,no price data,,1y,https://www.youtube.com/watch?v=SlQDWS19u5o,"Do you think that Nvidia's profit margins are going to go down dramatically? No. Nvidia is one of the most profitable companies in the world. Given the nature of the industry that it's contributing to the GDP and it's growing the pie, this becomes very important."
akshat-shrivastava,JIOFIN,india,buy,up,low,2026-05-30,2026-06-01,1y,JIOFIN.NS,True,234.95,0.0404,0.027,0.0135,0.0404,True,True,,,1y,https://www.youtube.com/watch?v=SlQDWS19u5o,"Just say Jio Finance. Now, if you find it 30-40% cheap, then okay, fine, right? Because it's going to be a high profit margin business. It's finance business. High paying capacity customers... if the economy keeps doing well, then something like Jio Finance is going to do well."
akshat-shrivastava,VISHALMRT,india,hold-avoid,down,low,2026-05-30,,,,,,,,,,,False,no price data,,1y,https://www.youtube.com/watch?v=SlQDWS19u5o,"If a lot of dumping is done in India when it comes to clothes, t-shirts... the profit margins are going to shrink... this is not a growth play... this might not be a great kind of investment."
akshat-shrivastava,BTC,crypto,buy,up,high,2025-08-20,2025-08-20,1y,BTC,False,50.62,-0.45,0.1802,-0.6302,-0.45,False,True,,1000000,1y,https://www.youtube.com/watch?v=TvUnQn1udZw,"By 2035, the expectation is that it can breach $1 million. Now it's 2025 and Bitcoin has already breached $120,000. Sovereign wealth funds are aggregating Bitcoin. I have already added a lot of Bitcoin."
akshat-shrivastava,NVDA,us,buy,up,high,2025-08-20,2025-08-20,1y,NVDA,True,175.1667,0.2028,0.1802,0.0226,0.2028,True,True,,,1y,https://www.youtube.com/watch?v=TvUnQn1udZw,"Is Nvidia a great stock to own right now? Yes. Am I selling Nvidia? No. Even in the short term, I'm not selling Nvidia. This phase 2025 to 2028 looks very lucrative for semiconductor/AI based company."
akshat-shrivastava,AMD,us,buy,up,med,2025-08-20,2025-08-20,1y,AMD,True,165.2,2.2528,0.1802,2.0727,2.2528,True,True,,,1y,https://www.youtube.com/watch?v=TvUnQn1udZw,AMD is a stock that I bought very heavily on dips. I'm buying more semiconductor stocks. Why? Because this phase 2025 to 2028 looks very lucrative for semiconductor/AI based company.
akshat-shrivastava,ASML,us,buy,up,med,2025-08-20,2025-08-20,1y,ASML,False,745.5486,1.5883,0.1802,1.4081,1.5883,True,True,,,1y,https://www.youtube.com/watch?v=TvUnQn1udZw,"I'm buying a company called as ASML. Also, I'm buying more semiconductor stocks. This phase 2025 to 2028 looks very lucrative for semiconductor/AI based company."
akshat-shrivastava,ZOMATO,india,sell,down,high,2026-02-20,,,,,,,,,,,False,no price data,,,https://www.youtube.com/watch?v=U0503pX_P5k,"I've now exited that stock. PE ratio is 1,500 for Zomato. Even if the earnings of Zomato goes 10x from here, even a 147 PE is very, very high. Anyone who was holding Zomato here, it's just pure madness."
cathie-ark,BTC,us,buy,up,high,2026-02-20,2026-02-20,1y,BTC,False,29.97,-0.0711,0.0861,-0.1572,-0.0711,False,True,,,1y,https://www.youtube.com/watch?v=0AEJnXuqmms,"If I were a holder of gold, I would be uncomfortable just based on the perspective I've just shared. I'd be selling. I'd be buying Bitcoin big time."
cathie-ark,GLD,us,sell,down,high,2026-02-20,2026-02-20,1y,GLD,False,468.62,-0.1739,0.0861,0.26,0.1739,True,True,,,1y,https://www.youtube.com/watch?v=0AEJnXuqmms,"If I were a holder of gold, I would be uncomfortable just based on the perspective I've just shared. I'd be selling. I'd be buying Bitcoin big time."
cathie-ark,TSLA,us,buy,up,med,2026-02-20,2026-02-20,3m,TSLA,True,411.82,0.0345,0.0845,-0.05,0.0345,False,True,,,3m,https://www.youtube.com/watch?v=0AEJnXuqmms,"If we had to pick one company where we actually see [convergence of robotics, energy storage, and AI]... it's probably Tesla. Tesla is robotics, energy storage, and AI."
cathie-ark,BTC,us,buy,up,med,2026-05-20,2026-05-20,6m,BTC,False,34.33,-0.189,0.0074,-0.1965,-0.189,False,True,,,6m,https://www.youtube.com/watch?v=0b-JOmisD_s,"Watching Bitcoin to gold, Bitcoin is moving up relative to the gold... we would not be surprised to see gold continue to fall... and Bitcoin continue to increase."
cathie-ark,SPY,us,buy,up,med,2026-05-20,2026-05-20,1y,SPY,False,741.25,0.0074,0.0074,0.0,0.0074,False,True,,,1y,https://www.youtube.com/watch?v=0b-JOmisD_s,"Here is the price to gold ratio... We disagree with him. We think this is going to reverse, and we think it will go to all-time highs."
cathie-ark,USO,us,sell,down,med,2026-05-20,2026-05-20,1y,USO,False,144.27,-0.2038,0.0074,0.2112,0.2038,True,True,,,1y,https://www.youtube.com/watch?v=0b-JOmisD_s,"We're going to see big drops in oil prices in the years ahead. Now that the UAE has moved out of OPEC, that it's going to open the floodgates... the oil price is inviting even more production."
cathie-ark,PLTR,us,buy,up,high,2026-02-20,2026-02-20,6m,PLTR,True,135.24,-0.0501,0.0861,-0.1361,-0.0501,False,True,,,,https://www.youtube.com/watch?v=DqAstqD7Pzc,if it were able to sustain you know 70 80% which is higher than what we have in our model um that stock would be a screaming buy today. Uh so we are assessing all of this
cathie-ark,BTC,us,buy,up,med,2026-02-20,2026-02-20,6m,BTC,False,29.97,-0.0711,0.0861,-0.1572,-0.0711,False,True,,,,https://www.youtube.com/watch?v=DqAstqD7Pzc,"we had been nibbling at our our crypto-exposed stocks... it does seem like the stars are aligning. We actually think it will [recover, following gold's lead]."
cathie-ark,BTC,us,buy,up,high,2026-02-20,2026-02-20,6m,BTC,False,29.97,-0.0711,0.0861,-0.1572,-0.0711,False,True,,,,https://www.youtube.com/watch?v=HiX6AxmF500,we've been buying in the crypto space in our various strategies...the uptrend general uptrend has not been broken. And I don't think it will be broken now.
cathie-ark,BTC,us,buy,up,high,2025-07-20,2025-07-21,6m,BTC,False,51.73,-0.1827,0.1063,-0.289,-0.1827,False,True,,,,https://www.youtube.com/watch?v=JJDpk-qKKmA,our onchain analytics led by David Puel suggest that we are still in a bull market for Bitcoin and I do think you can say the same now about the equity markets.
cathie-ark,AMD,us,buy,up,med,2026-05-30,2026-06-01,1y,AMD,True,510.13,0.0534,-0.0156,0.069,0.0534,True,True,,,1y,https://www.youtube.com/watch?v=JUi3CrfdcHA,we think there's a similar share gain story possible for AMD in the data center space with regards to GPUs. They've won customers like open AI and meta and are looking to extend that list.
cathie-ark,AVGO,us,buy,up,med,2026-05-30,2026-06-01,6m,AVGO,True,459.97,-0.1057,-0.0156,-0.0901,-0.1057,False,True,,,,https://www.youtube.com/watch?v=JUi3CrfdcHA,"we're seeing increased investment by Google on their TPU stack, and that's benefiting companies like Broadcom that are the back-end design provider...the silicon partner for Google."
cathie-ark,BTC,us,buy,up,high,2025-10-20,2025-10-20,6m,BTC,False,49.1,-0.312,0.0618,-0.3738,-0.312,False,True,,,,https://www.youtube.com/watch?v=K4Q0Uztugok,"We're very bullish on Bitcoin, as you know, longer term. But gold is very recently has given it a bit of competition. The trend, the uptrend of Bitcoin relative to gold, despite recent performance, has not been broken."
cathie-ark,AAPL,us,hold-avoid,down,high,2026-01-20,2026-01-20,1y,AAPL,True,246.2425,0.2102,0.1051,-0.1052,-0.2102,False,True,,,1y,https://www.youtube.com/watch?v=LhxvadW0AE8,I think Apple's in huge hairy trouble... this is a sign of Apple's continued weakness. The company seems to have lost its ability to curate.
cathie-ark,AAPL,us,hold-avoid,down,med,2025-06-20,2025-06-20,1y,AAPL,True,200.2057,0.4885,0.2672,-0.2213,-0.4885,False,True,,,1y,https://www.youtube.com/watch?v=M2i-FfBMnVg,We worry about Apple as we've told you many times uh somewhat uh Alphabet as well but all of them will be touched in some way uh by disruption to the traditional world order.
cathie-ark,GOOGL,us,hold-avoid,down,low,2025-06-20,2025-06-20,1y,GOOGL,True,166.2652,1.2135,0.2672,-0.9463,-1.2135,False,True,,,1y,https://www.youtube.com/watch?v=M2i-FfBMnVg,We worry about Apple as we've told you many times uh somewhat uh Alphabet as well but all of them will be touched in some way uh by disruption to the traditional world order.
cathie-ark,BTC,us,buy,up,med,2025-06-20,2025-06-20,1y,BTC,False,45.74,-0.3913,0.2672,-0.6585,-0.3913,False,True,,,1y,https://www.youtube.com/watch?v=M2i-FfBMnVg,We think this trendline will continue to move up if we're right that we're moving back into a risk-on environment.
cathie-ark,SPACEX,us,buy,up,high,2026-06-06,,,,,,,,,,,False,no price data,,1m,https://www.youtube.com/watch?v=NEx1_Nfv_MQ,"judging from the kind of demand for SpaceX that we've seen in the private markets, I think it well exceeds the 75, 85 billion offering. And so, just like we've seen with other offerings, I think we will see a burst out of the gate"
cathie-ark,BTC,us,buy,up,med,2025-07-20,2025-07-21,6m,BTC,False,51.73,-0.1827,0.1063,-0.289,-0.1827,False,True,,,,https://www.youtube.com/watch?v=NWD6r4Cc9KA,our updated version of our 2030 price targets...There's three main TAMs that we include in the model. One is institutional investment...The second primary TAM sourcing the Bitcoin price target is digital gold...the third primary TAM we include is emerging market safe haven
cathie-ark,BTC,us,buy,up,high,2026-02-20,2026-02-20,6m,BTC,False,29.97,-0.0711,0.0861,-0.1572,-0.0711,False,True,,,,https://www.youtube.com/watch?v=Ol_Z24Wtv1g,we see um an est market cap total estimate for cryptocurrencies from two trillion into 16 trillion by end of 2030. This is mainly going to accrue into Bitcoin at least on a 70% dominance over competitors.
cathie-ark,ETH,us,buy,up,med,2026-02-20,2026-02-20,6m,ETH,False,18.64,-0.1304,0.0861,-0.2164,-0.1304,False,True,,,,https://www.youtube.com/watch?v=Ol_Z24Wtv1g,the smart contract cohort led by Ethereum and Solana...would target about roughly a six trillion target by end of 2030...based on a generative annualized revenue of about 192 billion at an average take rate of 75%.
cathie-ark,SOL,us,buy,up,med,2026-02-20,,,,,,,,,,,False,no price data,,,https://www.youtube.com/watch?v=Ol_Z24Wtv1g,the smart contract cohort led by Ethereum and Solana...would target about roughly a six trillion target by end of 2030...aggregate cryptocurrency and smart contract assets the expectation is growth of up to roughly 60-61% CAGR between now and end of 2030.
cathie-ark,AMD,us,buy,up,med,2026-02-20,2026-02-20,6m,AMD,True,200.15,1.6848,0.0861,1.5988,1.6848,True,True,,,,https://www.youtube.com/watch?v=Ol_Z24Wtv1g,"we think there's a similar share gain story possible for AMD in the data center space with regards to GPUs. They've won customers like OpenAI and Meta, and are looking to extend that list as they have new chips that come to market and are even more competitive relative to NVIDIA."
cathie-ark,TSLA,us,buy,up,med,2026-02-20,2026-02-20,6m,TSLA,True,411.82,-0.0275,0.0861,-0.1136,-0.0275,False,True,,,,https://www.youtube.com/watch?v=Ol_Z24Wtv1g,"Tesla already has a 35% cost advantage, but at scale we think this could be up to a 50% incremental cost advantage per mile...Tesla has this immense data advantage that really no one else has."
cathie-ark,BTC,us,buy,up,high,2026-03-20,2026-03-20,6m,BTC,False,31.05,-0.1034,0.1514,-0.2547,-0.1034,False,True,,,,https://www.youtube.com/watch?v=Q2gBVQ7NqyY,"we expect Bitcoin to gold to turn around and we expect it to happen both ways. Bitcoin, the Bitcoin price going up and the gold price going down."
cathie-ark,GLD,us,sell,down,med,2026-03-20,2026-03-20,6m,GLD,False,413.38,-0.0635,0.1514,0.2149,0.0635,True,True,,,,https://www.youtube.com/watch?v=Q2gBVQ7NqyY,"we expect Bitcoin to gold to turn around and we expect it to happen both ways. Bitcoin, the Bitcoin price going up and the gold price going down."
cathie-ark,RIVN,us,buy,up,med,2026-01-20,2026-01-20,6m,RIVN,False,16.16,0.0223,0.1051,-0.0828,0.0223,False,True,,,,https://www.youtube.com/watch?v=QH-iyYyPxUc,"Rivian is clearly setting itself up to be acquired by Google. That's my view. For Whimo? Yeah, for Whimo. Cuz they're basically crying out like, Please acquire us. You need to get into the automotive manufacturer business right now."
cathie-ark,BTC,us,buy,up,high,2025-11-20,2025-11-20,6m,BTC,False,38.21,-0.1013,0.1447,-0.246,-0.1013,False,True,,,,https://www.youtube.com/watch?v=QbiJVmAUtEQ,we are very bullish on crypto assets... we think that they will be cleared by the end of the year and the bull market that we believe is firmly in place will continue a pace.
cathie-ark,GLD,us,sell,down,med,2025-11-20,2025-11-20,6m,GLD,False,374.85,0.1124,0.1447,0.0323,-0.1124,True,True,,,,https://www.youtube.com/watch?v=QbiJVmAUtEQ,I wouldn't be surprised if we are peaking gold relative to M2 now. And as I mentioned these other two times when we peaked and resolved to the downside were really good times for the financial markets.
cathie-ark,TSLA,us,buy,up,high,2025-09-20,2025-09-22,1y,TSLA,True,434.21,-0.0777,0.1262,-0.2039,-0.0777,False,True,,,1y,https://www.youtube.com/watch?v=RnrgVkoj334,"I'm extremely confident that we're going to have a autonomous future in the next 5 years. According to our research, one day's worth of production could ultimately like remove Uber from Austin."
cathie-ark,UBER,us,hold-avoid,down,med,2025-09-20,2025-09-22,1y,UBER,True,99.39,-0.2792,0.1262,0.4054,0.2792,True,True,,,1y,https://www.youtube.com/watch?v=RnrgVkoj334,"According to our research, one day's worth of production could ultimately like remove Uber from Austin."
cathie-ark,GLD,us,sell,down,high,2025-12-20,2025-12-22,1y,GLD,False,408.23,-0.0517,0.0934,0.1451,0.0517,True,True,,,1y,https://www.youtube.com/watch?v=S0FHyju1iRs,we would not be surprised to see something like that happen during the next four to five years [a 45% drop in gold]. Gold dropped 67% [in prior cycle]. We are moving into more than a regonomics market.
cathie-ark,BTC,us,buy,up,high,2025-12-20,2025-12-22,1y,BTC,False,39.08,-0.2876,0.0934,-0.381,-0.2876,False,True,,,1y,https://www.youtube.com/watch?v=S0FHyju1iRs,we believe that that that the Bitcoin to gold ratio will resume its uptrend especially if what I said when talking about the gold to M2 chart is correct.
cathie-ark,TSLA,us,buy,up,high,2025-11-20,2025-11-20,1y,TSLA,True,395.23,0.0133,0.1509,-0.1376,0.0133,False,True,,,1y,https://www.youtube.com/watch?v=SCnF2-ZtHQk,"Elon said in the next month or two they could see a path to allowing texting while driving, signaling they're moving towards unsupervised full self-driving. They're also looking to remove the operator in the vehicle in parts of Austin within the next few months."
cathie-ark,HOOD,us,buy,up,med,2025-11-20,2025-11-20,1y,HOOD,True,106.21,0.0183,0.1509,-0.1326,0.0183,False,True,,,1y,https://www.youtube.com/watch?v=SCnF2-ZtHQk,"if you own the brokerage, you own the rest of the financial landscape. If you can own the individual at a younger age, as they begin to accumulate more wealth, tying that to the brokerage becomes very important. Brokerage is just inherently harder business."
cathie-ark,TSLA,us,buy,up,med,2025-11-20,2025-11-20,1y,TSLA,True,395.23,0.0133,0.1509,-0.1376,0.0133,False,True,,,1y,https://www.youtube.com/watch?v=184Srnpkkp8,I do think Tesla is going to have good places to throw capital for return. It is now impossible to look at what's happening in robo taxi and say this is never going to happen. Give him 9 months and it would be shocking if they didn't have safety drivers out.
cathie-ark,BTC,us,buy,up,high,2025-06-20,2025-06-20,6m,BTC,False,45.74,-0.148,0.1518,-0.2998,-0.148,False,True,,,,https://www.youtube.com/watch?v=1Z2nKxPwuuQ,"We get a final price forecast for Bitcoin [by 2030]. We take the TAM of every bucket — investment portfolios, institutional investment, digital gold, emerging market safe haven, nation-state treasuries, corporate treasuries, on-chain financial services — and assume a penetration rate."
cathie-ark,TSLA,us,buy,up,high,2025-07-20,2025-07-21,1y,TSLA,True,328.49,0.2192,0.1977,0.0215,0.2192,True,True,,,1y,https://www.youtube.com/watch?v=TBJs258EBkA,"we're super excited for Tesla to launch its robo taxi service... Tesla could be maybe 30 to 40% cheaper on a cost per mile basis relative to Waymo at scale... Tesla can produce 5,000 in a day... shifting from hardware sales to recurring revenue with software-like margins."
cathie-ark,SOL,us,buy,up,med,2025-08-20,,,,,,,,,,,False,no price data,,1y,https://www.youtube.com/watch?v=TCCCsGKiJ9I,the year for Solana is going to continue to be very very exciting... Solana continues to be better than Ethereum layer 1 and even the layer twos... net new developer is going to continue to choose the SVM.
cathie-ark,ETH,us,buy,up,med,2025-08-20,2025-08-20,1y,ETH,False,40.96,-0.6042,0.1802,-0.7844,-0.6042,False,True,,,1y,https://www.youtube.com/watch?v=TCCCsGKiJ9I,Ethereum Foundation has really taken scaling very seriously... this year going to have more upgrades... increasing the gas limit... very exciting upgrades and increasing the velocity of upgrades.
cathie-ark,BTC,us,buy,up,high,2026-02-20,2026-02-20,1y,BTC,False,29.97,-0.0711,0.0861,-0.1572,-0.0711,False,True,,,1y,https://www.youtube.com/watch?v=VTKPbxhP8jE,We're beginning to think we are [finished with the down draft]... we do believe the next inflection is up. Bitcoin's role as digital gold has miles to go.
cathie-ark,TSLA,us,buy,up,high,2026-02-20,2026-02-20,1y,TSLA,True,411.82,-0.0275,0.0861,-0.1136,-0.0275,False,True,,,1y,https://www.youtube.com/watch?v=VTKPbxhP8jE,Tesla's competitive edge over Waymo... has increased. We used to think Tesla's cost structure would be 35% lower than Waymo's but now believe it's going to be 50% lower.
cathie-ark,PLTR,us,buy,up,med,2026-02-20,2026-02-20,1y,PLTR,True,135.24,-0.0501,0.0861,-0.1361,-0.0501,False,True,,,1y,https://www.youtube.com/watch?v=VTKPbxhP8jE,"The real success story of course has been in the platform as a service part of the tech stack. And that of course, the poster child there is Palantir. Have to get on the right side of change."
cathie-ark,NTLA,us,buy,up,med,2026-02-20,2026-02-20,1y,NTLA,False,12.64,0.2397,0.0861,0.1536,0.2397,True,True,,,1y,https://www.youtube.com/watch?v=VTKPbxhP8jE,Intellia's trial right now and it's in vivo. You don't have to go through any excruciating preconditioning. It could be worth 11 million [per patient]. They'll probably be able to charge 3 million.
cathie-ark,AAPL,us,hold-avoid,down,med,2025-06-20,2025-06-20,1y,AAPL,True,200.2057,0.4885,0.2672,-0.2213,-0.4885,False,True,,,1y,https://www.youtube.com/watch?v=W6ilp7hJSQ4,I'm putting them on watch. They have now in my opinion 6 to 12 months to put something out there that makes sense... slow fade into obsolescence.
cathie-ark,GOOGL,us,buy,up,med,2025-06-20,2025-06-20,1y,GOOGL,True,166.2652,1.2135,0.2672,0.9463,1.2135,True,True,,,1y,https://www.youtube.com/watch?v=W6ilp7hJSQ4,What they presented last week was as good as it could have been... they've moved the puck so fast in the right direction... you have to give them their flowers.
cathie-ark,BTC,us,buy,up,high,2026-05-20,2026-05-20,1y,BTC,False,34.33,-0.189,0.0074,-0.1965,-0.189,False,True,,,1y,https://www.youtube.com/watch?v=YrBMPujUcEY,we see a market cap total estimate for cryptocurrencies or monetary based digital assets from 2 trillion into 6 trillion by the end of 2030. This is mainly going to accrue into Bitcoin at least on a 70% dominance over competitors.
cathie-ark,ETH,us,buy,up,med,2026-05-20,2026-05-20,1y,ETH,False,20.3,-0.2015,0.0074,-0.2089,-0.2015,False,True,,,1y,https://www.youtube.com/watch?v=YrBMPujUcEY,we also think that part of that ultimate 28 trillion target is going to come out of the market cap capitalization of the smart contract cohort led by Ethereum and Solana. This would target about roughly a 6 trillion target by end of 2030.
cathie-ark,SOL,us,buy,up,med,2026-05-20,,,,,,,,,,,False,no price data,,1y,https://www.youtube.com/watch?v=YrBMPujUcEY,we also think that part of that ultimate 28 trillion target is going to come out of the market cap capitalization of the smart contract cohort led by Ethereum and Solana. This would target about roughly a 6 trillion target by end of 2030.
cathie-ark,TSLA,us,buy,up,high,2026-06-09,2026-06-09,1y,TSLA,True,396.68,0.0096,0.0,0.0096,0.0096,True,True,,,1y,https://www.youtube.com/watch?v=ZQdk3UFdXGQ,I think it will be winner take most market. I think Tesla will win most of the market... I'm excited for Tesla. I'm excited for Tesla shareholders. I'm excited for Arc's clients.
cathie-ark,CRSP,us,buy,up,med,2025-08-20,2025-08-20,1y,CRSP,False,53.07,0.0192,0.1802,-0.1609,0.0192,False,True,,,1y,https://www.youtube.com/watch?v=_36fHPYjP4I,crisper therapeutics. So they're developing gene editing therapies that can address just this... moving from not just success in rare diseases but also very common conditions such as cardiovascular disease... I think we'll see more to come.
cathie-ark,GLD,us,sell,down,med,2026-06-06,2026-06-08,1y,GLD,False,397.27,-0.0255,0.0102,0.0357,0.0255,True,True,,,1y,https://www.youtube.com/watch?v=Z2M8sxjxxgE,"the day that Kevin Worsh was appointed...the gold price peaked. The gold price peaked. And I do believe that Kevin Worsh, just like Greenspan, will keep a very close eye on gold as an important inflation gauge. S&P picking up relative to gold...We do think that's going to continue."
cathie-ark,HOOD,us,buy,up,high,2025-09-20,2025-09-22,6m,HOOD,True,124.89,-0.4324,-0.0219,-0.4105,-0.4324,False,True,,,,https://www.youtube.com/watch?v=b55clJYYWf8,this is the Tesla of fintech... Robin Hood is now doing to the financial services space [what Tesla did to auto]. the opportunity is so large... individuals become single institutions because people are copying their trades.
cathie-ark,SPACEX,us,buy,up,med,2026-06-19,,,,,,,,,,,False,no price data,,1y,https://www.youtube.com/watch?v=fRav7Mln28A,you get to 300 to 400 billion dollars in revenue by 2030 and growing fairly quickly. And Elon says a trillion... investing in data centers is a great business right now. And SpaceX can invest in Starlink satellites and data centers and AI satellites in space
cathie-ark,TSLA,us,buy,up,med,2026-06-19,,,,,,,,,,,False,no entry price,,1y,https://www.youtube.com/watch?v=fRav7Mln28A,"the robo taxi scale out should be much less capital intense than SpaceX... it would be almost immediately cash flow positive in a very, very meaningful way."
cathie-ark,HOOD,us,buy,up,high,2025-07-20,2025-07-21,6m,HOOD,True,104.34,0.0422,0.1063,-0.0642,0.0422,False,True,,,,https://www.youtube.com/watch?v=hltPyB7VAsg,I don't see another neo bank operating at the same pace as Robin Hood. I think they are in a league of their own... Robin Hood is in such a great position to become one of these leaders for the next generations.
cathie-ark,BTC,us,buy,up,high,2025-10-20,2025-10-20,6m,BTC,False,49.1,-0.312,0.0618,-0.3738,-0.312,False,True,,1500000,,https://www.youtube.com/watch?v=iAv7kEAqgvY,I think Bitcoin fair value should at least be 1.5 to 2.1 million. But we can see higher values.
cathie-ark,ETH,us,buy,up,high,2025-10-20,2025-10-20,6m,ETH,False,37.51,-0.4098,0.0618,-0.4715,-0.4098,False,True,,60000,,https://www.youtube.com/watch?v=iAv7kEAqgvY,"I think Ethereum can reach 60,000 per token in that world and that would proportionally benefit the DATs because Ethereum is around 4,500 today. So a 15 times increase plus the NAV expansion."
cathie-ark,BITM,us,buy,up,high,2025-10-20,,,,,,,,,,,False,no price data,,1y,https://www.youtube.com/watch?v=iAv7kEAqgvY,"I think Bitmine could actually have accelerating flows next year and support... Bit and Micro Strategy will soon be Russell 1000 constituents, so that opens up to passive index flows."
cathie-ark,MSTR,us,buy,up,med,2025-10-20,2025-10-20,6m,MSTR,False,296.61,-0.4241,0.0618,-0.4859,-0.4241,False,True,,,,https://www.youtube.com/watch?v=iAv7kEAqgvY,"I believe Micro Strategy will be one of the largest companies in America... if Bitcoin goes to 2 million, then that's going to be a $2 trillion company."
cathie-ark,SOL,us,buy,up,high,2026-01-20,,,,,,,,,,,False,no price data,,,https://www.youtube.com/watch?v=lBXKI94WY8k,I think it's a fantastic investment... I think it's the best place in crypto. It's not the only place but it's really good place to focus your energy and that's where I'm investing.
cathie-ark,BTC,us,buy,up,high,2025-06-20,2025-06-20,6m,BTC,False,45.74,-0.148,0.1518,-0.2998,-0.148,False,True,,1000000,,https://www.youtube.com/watch?v=lzfznmNYG7A,we think Bitcoin could go to a million dollars a coin by 2030. that's at the higher end of our for or that's you know the midpoint between the middle of our forecast and the high end. So net uh $20 trillion in potential attributed value there.
cathie-ark,TSLA,us,buy,up,high,2026-04-20,2026-04-20,6m,TSLA,True,392.5,0.0204,0.0536,-0.0333,0.0204,False,True,,,3y,https://www.youtube.com/watch?v=mXf2fuzw_Y4,"Tesla globally really surpasses any other competitor...Tesla already has a 35% cost advantage, but at scale we think this could be up to a 50% incremental cost advantage per mile. Being a vertically integrated auto maker really matters."
cathie-ark,CRSP,us,buy,up,med,2025-12-20,2025-12-22,1y,CRSP,False,57.91,-0.066,0.0934,-0.1593,-0.066,False,True,,,1y,https://www.youtube.com/watch?v=pDo5_MRDgXY,it's a really compelling opportunity you know obviously for crisper therapeutics and and others that down the line will make invivo gene editing treatments for other indications as well
cathie-ark,TSLA,us,buy,up,high,2025-10-20,2025-10-20,6m,TSLA,True,447.43,-0.1228,0.0618,-0.1845,-0.1228,False,True,,,,https://www.youtube.com/watch?v=qv9gJLme1mU,"if you think that's true, then you should certainly be owning the company... we are running deep value portfolios if you give us a five year investment time horizon... Tesla has the opportunity to prove us right once again"
cathie-ark,TSLA,us,buy,up,med,2026-02-20,2026-02-20,6m,TSLA,True,411.82,-0.0275,0.0861,-0.1136,-0.0275,False,True,,,,https://www.youtube.com/watch?v=prBSc4TAUW0,Tesla has...relatively obvious forecastable...extreme cash flows that are going to come from robo taxi...it's not really getting credit for that...pretty explicitly not getting credit for what seem to be pretty obvious operating cash flows
cathie-ark,TSLA,us,buy,up,high,2025-06-20,2025-06-20,1y,TSLA,True,322.16,0.2431,0.2672,-0.0241,0.2431,False,True,,,1y,https://www.youtube.com/watch?v=3DdcLgUkAjc,moats and barriers to entry: it's going to be very hard to beat Tesla at robo taxis and at humanoid robots...we think the news cycle is going to change here and move towards robo taxis to change that score and move it back up
cathie-ark,BTC,us,buy,up,med,2025-06-20,2025-06-20,1y,BTC,False,45.74,-0.3913,0.2672,-0.6585,-0.3913,False,True,,,1y,https://www.youtube.com/watch?v=3DdcLgUkAjc,the Bitcoin to gold up trend has not been broken...risk on is where we are moving and a market rewarding innovation
cathie-ark,BTC,us,buy,up,high,2026-01-20,2026-01-20,1y,BTC,False,39.62,-0.2973,0.1051,-0.4024,-0.2973,False,True,,2100000,1y,https://www.youtube.com/watch?v=4c40sKEipQ8,"I am still a Bitcoin bull...Bitcoin fair value should at least be 1.5 to 2.1 million, but we can see higher values"
cathie-ark,ETH,us,buy,up,med,2026-01-20,2026-01-20,1y,ETH,False,28.35,-0.4282,0.1051,-0.5333,-0.4282,False,True,,,1y,https://www.youtube.com/watch?v=4c40sKEipQ8,Ethereum could flip Bitcoin similar to how Wall Street and equities flipped gold post 71...dollar dominance is going to be the opportunity of Ethereum
cathie-ark,HOOD,us,buy,up,high,2026-01-20,2026-01-20,1y,HOOD,True,105.78,0.0224,0.1051,-0.0827,0.0224,False,True,,,1y,https://www.youtube.com/watch?v=4c40sKEipQ8,"Nick and Vshika on his team have done the bulk of the work on Robin Hood. They've done an amazing job and their conviction level in Robin Hood and their usage of it, I would say, has skyrocketed."
cathie-ark,SPCE,us,buy,up,high,2026-06-06,2026-06-08,3m,SPCE,False,4.12,-0.1359,0.0102,-0.1461,-0.1359,False,True,,,3m,https://www.youtube.com/watch?v=4kxByplIlrI,"we do see this as a multi-trillion dollar opportunity...with orbital AI really taking up a large chunk...when we invest in companies, we're looking at a 5 to 10 year horizon and we are long-term holders of innovation stocks"
cathie-ark,BTC,us,buy,up,med,2026-02-20,2026-02-20,1y,BTC,False,29.97,-0.0711,0.0861,-0.1572,-0.0711,False,True,,,1y,https://www.youtube.com/watch?v=r_qG1tZfu84,"I really thought that Bitcoin was very well positioned to benefit from crypto-friendly administration and...fiscal backdrop...institutions are averaging down...we may have seen the low [at 80K]. Bitcoin going to $10,000—that seems very unlikely."
cathie-ark,BTC,us,buy,up,med,2026-05-20,2026-05-20,1y,BTC,False,34.33,-0.189,0.0074,-0.1965,-0.189,False,True,,,1y,https://www.youtube.com/watch?v=u5L9oGtwZAU,"I'm very optimistic. I'm hoping that the worst part is over... I'm still very hopeful that this year might turn out different, that this recovery might be slightly faster than the historic bear market recoveries."
cathie-ark,COIN,us,buy,up,med,2026-05-20,2026-05-20,1y,COIN,True,191.29,-0.1465,0.0074,-0.1539,-0.1465,False,True,,,1y,https://www.youtube.com/watch?v=u5L9oGtwZAU,"I think Coinbase now has a pretty good chance... they've done a phenomenal job for the last what? 14 years or 15 years. So, and they weathered all the regulatory issues in the US as well."
cathie-ark,META,us,buy,up,med,2025-10-20,2025-10-20,1y,META,True,730.9475,-0.2103,0.1187,-0.329,-0.2103,False,True,,,1y,https://www.youtube.com/watch?v=wka3wH-etHs,I would bet on Meta's velocity and trajectory here relative to Apple even though they're AirPods... Meta is clearly moving the fastest in this space.
cathie-ark,COIN,us,buy,up,med,2025-10-20,2025-10-20,1y,COIN,True,343.78,-0.5251,0.1187,-0.6438,-0.5251,False,True,,,1y,https://www.youtube.com/watch?v=wka3wH-etHs,Coinbase much more coming for core banking business now... Coinbase one no-brainer. It's like Robin Hood coming for the brokerages. Coinbase much more coming for core banking business now.
cathie-ark,HOOD,us,buy,up,med,2025-10-20,2025-10-20,1y,HOOD,True,135.8,-0.2036,0.1187,-0.3223,-0.2036,False,True,,,1y,https://www.youtube.com/watch?v=wka3wH-etHs,Robin Hood on the brokerage side clearly taking share from these legacy financial institutions that have trillions under custody... Robin Hood coming for the brokerages.
cathie-ark,SOL,us,buy,up,high,2025-11-20,,,,,,,,,,,False,no price data,,1y,https://www.youtube.com/watch?v=xcVaCG8NuQw,"We're definitely very bullish at Arc on Solana... we're very positive. They'll continue to ship as Anatoli said, like they have very exciting stuff coming up in the next 12 months."
cathie-ark,META,us,buy,up,med,2026-05-20,2026-05-20,6m,META,True,605.06,-0.046,0.0074,-0.0534,-0.046,False,True,,,,https://www.youtube.com/watch?v=y3iQY7DExDg,"Why do you think Meta is going to surpass Alphabet in advertising dollars? It's because their algorithms are better, because people are converting better on Instagram than on search."
cathie-ark,BTC,us,buy,up,med,2026-01-20,2026-01-20,6m,BTC,False,39.62,-0.2973,0.1051,-0.4024,-0.2973,False,True,,,,https://www.youtube.com/watch?v=zqkkKDZVqT0,"digital gold, Bitcoin, had a lot of company from gold this year... Gold has more than doubled over the past year. So, Bitcoin's role as digital gold should also be much more valuable."
cathie-ark,BTC,us,buy,up,med,2025-08-20,2025-08-20,6m,BTC,False,50.62,-0.4212,0.0817,-0.5029,-0.4212,False,True,,,6m,https://www.youtube.com/watch?v=5_33zhfy4kk,Bitcoin to gold is maintaining its uptrend. We'll see if it breaks out... we think that will be the case when it is clear that we're not going into a long-term recession. The Fed is going to ease and that a strong productivity-driven boom is underway.
cathie-ark,TSLA,us,buy,up,high,2025-09-20,2025-09-22,1y,TSLA,True,434.21,-0.0777,0.1262,-0.2039,-0.0777,False,True,,,1y,https://www.youtube.com/watch?v=77IglVrwWxU,robo taxi on vision only sensors on commercially available vehicles is not in that land. It's kind of commercialized... we're going to cross the threshold very likely in the next 12 months
cathie-ark,ABSI,us,buy,up,med,2025-11-20,2025-11-20,6m,ABSI,False,2.77,0.8375,0.1447,0.6928,0.8375,True,True,,,,https://www.youtube.com/watch?v=AuXSCYoxIzQ,"I think AbSci is well positioned to capitalize on that... there is a momentum that could build for these AI drug discovery platforms that allows them to grow, you know, quite large in relatively short order."
cathie-ark,MSTR,us,hold-avoid,down,low,2026-05-20,2026-05-20,6m,MSTR,False,165.81,-0.3213,0.0074,0.3287,0.3213,True,True,,,,https://www.youtube.com/watch?v=Aq09TDcnnpM,"MicroStrategy remains a concentrated holder of Bitcoin and they complexified their capital structure... One cycle will end with a huge blow up there. Maybe it wasn't this cycle and it's just, you know, you need the next cycle for that to occur."
cathie-ark,RKLB,us,buy,up,med,2026-05-30,2026-06-01,6m,RKLB,False,122.39,-0.1238,-0.0156,-0.1082,-0.1238,False,True,,,,https://www.youtube.com/watch?v=B7aoVqHR8oQ,there's definitely like that medium/heavy launch vehicle market opening up for players like Rocket Lab
cathie-ark,RBLX,us,buy,up,med,2025-09-20,2025-09-22,6m,RBLX,False,136.84,-0.5837,-0.0219,-0.5619,-0.5837,False,True,,,,https://www.youtube.com/watch?v=BGLO-lGYceE,"I think it's one reason also we're going to see Roblox continue to flourish. Uh because it is so many things. It's not only a social site, a gaming site."
cathie-ark,BTC,us,buy,up,med,2025-09-20,2025-09-22,6m,BTC,False,49.68,-0.375,-0.0219,-0.3531,-0.375,False,True,,,,https://www.youtube.com/watch?v=BGLO-lGYceE,Our bet is that Bitcoin uh will continue this uptrend over time.
convexity,NIFTYBANK,india,sell,down,high,2026-03-20,,,,,,,,,,,False,no price data,,6m,https://www.youtube.com/watch?v=4HHCC1xL6vA,"Stay away from the financial sector. In fact, these may be selling opportunities."
convexity,NIFTYDEFENCE,india,buy,up,high,2026-03-20,,,,,,,,,,,False,no price data,,3m,https://www.youtube.com/watch?v=4HHCC1xL6vA,Nifty Defence Index has given a breakout. It will definitely go up. At least 1-2 months while war continues.
convexity,NIFTYPHARMA,india,buy,up,med,2026-03-20,,,,,,,,,,,False,no price data,,3m,https://www.youtube.com/watch?v=4HHCC1xL6vA,Pharma stocks because generally I think the pharma business environment will remain good. Generic pharma companies benefiting from Trump cheap drugs demand.
convexity,NIFTYIT,india,sell,down,med,2026-03-20,,,,,,,,,,,False,no price data,,6m,https://www.youtube.com/watch?v=4HHCC1xL6vA,Medium to long term it will still fall per my view. Short-term bounce possible but eventual selling will resume.
convexity,NIFTYREALTY,india,sell,down,med,2026-03-20,,,,,,,,,,,False,no price data,,6m,https://www.youtube.com/watch?v=4HHCC1xL6vA,"Real estate is already weak, it is already falling. One of the weakest sectors with more downside expected."
convexity,NIFTYFMCG,india,sell,down,med,2026-03-20,,,,,,,,,,,False,no price data,,6m,https://www.youtube.com/watch?v=4HHCC1xL6vA,"FMCG is also weak, it is falling. These are the weakest sectors: IT, realty, FMCG."
convexity,NIFTY,india,sell,down,high,2026-03-20,,,,,,,,,,,False,no price data,,1y,https://www.youtube.com/watch?v=4HHCC1xL6vA,Below 24600 is a free-fall zone. The bear market may take 12 to 18 months to bottom.
convexity,NIFTY,india,buy,up,med,2025-06-20,,,,,,,,,,,False,no price data,,3m,https://www.youtube.com/watch?v=4sQ1DmCRfzw,this dip might have been the final fire sale in terms of the near-term correction post election and we may be set up for the next rally. worst is over. I am taking a directional view that the worst is over.
convexity,NIFTY50,india,buy,up,high,2025-11-20,,,,,,,,,,,False,no price data,,1y,https://www.youtube.com/watch?v=R8_Wo42glug,"For the next one year, gold and silver which have become very overbought will not run as much, while the equity market will run much faster. I believe equity market prices will rise more than gold and silver over the next year."
convexity,GOLD,india,hold-avoid,down,high,2025-11-20,,,,,,,,,,,False,no price data,,1y,https://www.youtube.com/watch?v=R8_Wo42glug,The gold and silver market may pause somewhere. For the next one year perhaps you won't hear much on this topic. Short-term very overbought conditions have arrived.
convexity,NIFTY50,india,buy,up,high,2025-11-20,,,,,,,,,,,False,no price data,26200,3m,https://www.youtube.com/watch?v=RbMAHF3bbOE,"Nifty will now try to cross 26,200 and attempt to go towards all-time highs. Bullish signals have already appeared on the weekly charts for Nifty."
convexity,BANKNIFTY,india,buy,up,med,2025-11-20,,,,,,,,,,,False,no price data,,3m,https://www.youtube.com/watch?v=RbMAHF3bbOE,"Last week the signal came in Bank Nifty. This week it came in Nifty. So on both the main indices, bullish signals have appeared on the weekly charts."
convexity,GOLD,india,hold-avoid,down,high,2025-11-20,,,,,,,,,,,False,no price data,,1y,https://www.youtube.com/watch?v=RbMAHF3bbOE,"The gold and silver market is standing right near all-time highs. But the technical setup is such that if it pauses here, it could give a very sharp correction. For the next year, the equity market will outperform gold and silver."
convexity,SPY,india,sell,down,med,2024-06-20,,,,,,,,,,,False,no price data,,1m,https://www.youtube.com/watch?v=VtVDVXYIF0Q,"S&P 500 has been rising higher but RMI is reversing on the downside and if we get a bearish crossover and end up breaking the daily averages in S&P 500, that's where a meaningful correction can kick in — maybe 5 to 10% sort of correction in the days to come."
convexity,DXY,india,buy,up,med,2024-06-20,,,,,,,,,,,False,no price data,108,1m,https://www.youtube.com/watch?v=VtVDVXYIF0Q,There is a very strong case for the dollar Index probably to rise higher towards 107 or even touch around these levels which are 108 and 109. Dollar Index has an interesting setup — correction took support around 61.8% retracement and now started to rise higher.
convexity,NIFTY50,india,buy,up,med,2025-06-20,,,,,,,,,,,False,no price data,22930,1m,https://www.youtube.com/watch?v=O_XLF0Z0Bpk,The cutoff point would be breaking out of the Vish pattern which is like I said 22930 for the Nifty and for the sensex it would be above 76100 so that's when we would say okay this is done and we have started the next move higher.
convexity,NIFTY,india,buy,up,high,2026-06-15,,,,,,,,,,,False,no price data,27000,3m,https://www.youtube.com/watch?v=ZnDoVkMRS6w,"I think it's time to stay invested, get invested, keep buying because this market is not going to go down. Nifty to cross 26,000 and go to 27,000 as third Elliott wave starts."
convexity,BANKNIFTY,india,buy,up,high,2026-06-15,,,,,,,,,,,False,no price data,,6m,https://www.youtube.com/watch?v=ZnDoVkMRS6w,"This sector will now lead from here. Banking and financial services new cycle starting. PSU banks, NBFCs, private banks — valuations low, earnings growing consistently. This sector will lead the next market rally."
convexity,NIFTY,india,buy,up,med,2026-06-10,,,,,,,,,,,False,no price data,35000,1y,https://www.youtube.com/watch?v=_9OHljcMr9I,"The Nifty index is about to rocket to 35,000 over the next 18 months. 15% of stocks above 200-DMA = seller exhaustion, record FII short positions = massive short squeeze, 18-month cycle points to peak around October 2027."
convexity,NIFTYMETAL,india,buy,up,med,2026-06-10,,,,,,,,,,,False,no price data,,1y,https://www.youtube.com/watch?v=_9OHljcMr9I,"The first domino is metals. The London Metal Exchange Index is rising, and mid-cap metal stocks should be getting a long structural bull run. Metals reflation trade will offer multi-bagger returns."
convexity,BALRAMCHIN,india,buy,up,low,2026-06-10,2026-06-10,1y,BALRAMCHIN.NS,False,536.55,-0.0092,0.0344,-0.0436,-0.0092,False,True,,,1y,https://www.youtube.com/watch?v=_9OHljcMr9I,The Bloomberg Agro Commodities Index is gearing up for a major upward wave. The author specifically spotlights the sugar sector as a prime beneficiary of the agro reflation trade.
convexity,GOLDBEES,india,buy,up,med,2026-06-10,2026-06-10,1y,GOLDBEES.NS,False,121.15,-0.0112,0.0344,-0.0456,-0.0112,False,True,,,1y,https://www.youtube.com/watch?v=_9OHljcMr9I,"The long-term setup is aggressively bullish as investors seek hard money to protect against the weakened US dollar. The author strongly prefers investing in precious metal miners over holding physical gold — miners have operational leverage, stocks move much faster than the metal itself."
convexity,ONGC,india,buy,up,med,2026-06-10,2026-06-10,1y,ONGC.NS,True,251.9,-0.0224,0.0344,-0.0568,-0.0224,False,True,,,1y,https://www.youtube.com/watch?v=_9OHljcMr9I,"Energy remains heavily supported not just by the obvious threat of oil shocks from the Middle East, but by structural, unyielding global demand. AI data centers, EV rollout, geopolitical race for energy security ensure this sector remains a powerhouse."
convexity,NIFTY,india,sell,down,med,2024-06-20,,,,,,,,,,,False,no price data,,1m,https://www.youtube.com/watch?v=_e8I9fSKb3U,"The setup remains one of losing momentum, waning volume and ending pattern and we wait for the confirmation signals of that break down from the pattern itself. As and when that happens we will be looking at a meaningful correction to this move before we can go higher."
convexity,NIFTYMIDCAP100,india,hold-avoid,down,med,2024-06-20,,,,,,,,,,,False,no price data,,1y,https://www.youtube.com/watch?v=_e8I9fSKb3U,The best part of the mid cap small cap rally is probably behind us. The performance cycle of midcaps is sort of done — it usually lasts one to two years up then one to two years down. Most significant part of the move is done.
convexity,NIFTYBANK,india,buy,up,med,2024-10-17,,,,,,,,,,,False,no price data,,1y,https://www.youtube.com/watch?v=b-2FWowYDGU,one place that it can find a home is banking and nbfc stocks which are undervalued...that segment can attract a lot of capital as long as there is no bubble popping or any such major bare Market event
convexity,NIFTY,india,buy,up,med,2025-06-20,,,,,,,,,,,False,no price data,25800,3m,https://www.youtube.com/watch?v=ar6Lfcifl9o,"my personal view is that we can go towards 25,800 before you get the next correction"
convexity,SUGARIND,india,buy,up,med,2025-06-20,,,,,,,,,,,False,no price data,,6m,https://www.youtube.com/watch?v=ar6Lfcifl9o,sugar prices actually went through a long consolidation phase but I've recently broken out...I do think that long consolidation in stocks is over and they should actually see a significant pickup from here
convexity,METALORE,india,buy,up,med,2026-06-06,,,,,,,,,,,False,no price data,,1y,https://www.youtube.com/watch?v=bmPjFwy4L0g,Commodities becomes an interesting sector which I highly recommend. Metals I have been recommending since 2020. Agro will join the metal cycle.
convexity,NIFTYPSE,india,buy,up,high,2026-06-06,,,,,,,,,,,False,no price data,,1y,https://www.youtube.com/watch?v=bmPjFwy4L0g,"In energy, the entire energy chain — power, transmission, renewables, solar — you just need to pick the right company, and even if you don't pick perfectly, something will run somewhere. The energy sector has seen the most gains in the last two months."
convexity,NIFTY,india,buy,up,med,2025-06-20,,,,,,,,,,,False,no price data,,3m,https://www.youtube.com/watch?v=cyQXODlM2aE,3-month basis returns of Nifty...it could be anything between what 8 to 12% if I just take the average range...on a 3-month basis so with 3 months means if we are in March uh April May June
convexity,NIFTY,india,buy,up,med,2025-06-20,,,,,,,,,,,False,no price data,,6m,https://www.youtube.com/watch?v=dPHhBR_hTCA,financials are the most undervalued segment of the market so probably just like psus were undervalued a year back maybe money goes into financials and they do well that was a good theory on table and it has actually not yet broken Trend
convexity,NIFTYIT,india,hold-avoid,neutral,high,2025-10-20,,,,,,,,,,,False,no price data,,,https://www.youtube.com/watch?v=e44SVaVke6o,IT sector not preferred. You must have heard this 50 times. Especially large-cap IT — earnings growth is stuck at just 5%.
convexity,INFY,india,hold-avoid,neutral,high,2025-10-20,2025-10-20,6m,INFY.NS,True,1438.8726,-0.0878,-0.0572,0.0306,0.0878,True,True,,,,https://www.youtube.com/watch?v=e44SVaVke6o,"Looking at ratio charts, Infosys, Wipro — these large companies have not outperformed Nifty since the y2k bubble. Avoid."
convexity,WIPRO,india,hold-avoid,neutral,high,2025-10-20,2025-10-20,6m,WIPRO.NS,True,235.1685,-0.139,-0.0572,0.0818,0.139,True,True,,,,https://www.youtube.com/watch?v=e44SVaVke6o,"Looking at ratio charts, Infosys, Wipro — these large companies have not outperformed Nifty since the y2k bubble. Avoid."
convexity,NIFTYIT,india,hold-avoid,neutral,high,2026-04-20,,,,,,,,,,,False,no price data,,,https://www.youtube.com/watch?v=ejXf3c5ACpE,I will stay away from the IT sector. I have no confidence in IT sector for long-term investing.
convexity,NIFTYFMCG,india,hold-avoid,neutral,med,2026-04-20,,,,,,,,,,,False,no price data,,,https://www.youtube.com/watch?v=ejXf3c5ACpE,FMCG — these are two places I will keep a little distance from. There are many other opportunities.
convexity,NIFTYMETAL,india,buy,up,high,2026-04-20,,,,,,,,,,,False,no price data,,1y,https://www.youtube.com/watch?v=ejXf3c5ACpE,"Where will investment money be made? One place: commodity cycle, commodity sector — this is a major opportunity."
convexity,GOLD,india,hold-avoid,neutral,med,2026-04-20,,,,,,,,,,,False,no price data,,1y,https://www.youtube.com/watch?v=ejXf3c5ACpE,Gold and silver will not go into a bear market. But to see new highs you will need a lot of time. Let a long consolidation happen — 6 months to 1 year.
convexity,HDFCBANK,india,sell,down,high,2026-03-20,2026-03-20,1m,HDFCBANK.NS,True,780.45,0.0249,0.0536,0.0287,-0.0249,True,True,,,1m,https://www.youtube.com/watch?v=h2LQe72sqVg,"In HDFC Bank, the selling volume we are seeing means the price is falling and falling on heavy volume. Financial sector is the next one which has topped and is heading lower."
convexity,NIFTY50,india,sell,down,high,2026-03-20,,,,,,,,,,,False,no price data,22000,1m,https://www.youtube.com/watch?v=h2LQe72sqVg,"The full gap to 25,100 is going to be filled. Whether the lower end of 24600 will hold is uncertain. If these levels break, the door to 22,000 opens. The bear market has begun."
convexity,GOLD,india,sell,down,med,2026-03-20,,,,,,,,,,,False,no price data,,3m,https://www.youtube.com/watch?v=h2LQe72sqVg,Looked at gold and silver — the dollar's price will rise again. Another round of selling in gold and silver will be seen again. I don't think you will see new highs.
convexity,NIFTY50,india,buy,up,high,2025-07-20,,,,,,,,,,,False,no price data,,3m,https://www.youtube.com/watch?v=iJj8eUinZ7E,Weekly RMI is bullish. The daily chart has been making higher highs. The recent correction is three waves down which is a corrective pullback — you should be looking for the next impulse higher from here.
convexity,GOLD,india,sell,down,med,2025-07-20,,,,,,,,,,,False,no price data,,1y,https://www.youtube.com/watch?v=iJj8eUinZ7E,The shift is happening away from gold and silver to equities for the next year or so. You'll see that complete reversal in performance. The gold bull market will come back eventually but this is an apt time to make that reverse switch.
convexity,NIFTY50,india,buy,up,high,2026-05-23,,,,,,,,,,,False,no price data,25000,1m,https://www.youtube.com/watch?v=m-xZq8CSNls,"By end of June we are going to be higher from here. 23,300 will also not break now. This is building a base to go above 25000. From here, we need to look for bullish trades one by one and reinvest."
convexity,NIFTY50,india,buy,up,high,2025-11-20,,,,,,,,,,,False,no price data,,1y,https://www.youtube.com/watch?v=m90FwMaPwkE,"We are at the start of the next major leg of this bull market. I'm pretty confident — in fact I'm sure — that we've already taken off into the next stage. This is going to be a home run, several sixes you can hit over the next one, one and a half years."
convexity,GOLD,india,sell,down,med,2025-11-20,,,,,,,,,,,False,no price data,,1y,https://www.youtube.com/watch?v=m90FwMaPwkE,The shift away from gold and silver towards equities — this is not the time to be going too aggressive on that part. This is the time to be switching away because the gold and silver bull market may not be over but this current phase is probably over.
convexity,NIFTY50,india,hold-avoid,down,med,2025-06-20,,,,,,,,,,,False,no price data,,1m,https://www.youtube.com/watch?v=mLlG-zKYFUw,Markets are now entering another month after a 4-month winning streak. Watch out for trend reversals which are short-term at least short to medium term over the next 4 weeks. This could be a tough period — not the long only Buy the Dip moment.
convexity,NIFTY50,india,buy,up,high,2026-05-20,,,,,,,,,,,False,no price data,,1y,https://www.youtube.com/watch?v=nFhuXyy70jw,The RMI indicator has given a buy signal on the weekly chart for the first time since January. What is starting from here is the beginning of a new bull run.
convexity,NIFTYMETAL,india,buy,up,high,2026-05-20,,,,,,,,,,,False,no price data,,1y,https://www.youtube.com/watch?v=nFhuXyy70jw,"Don't miss the commodity cycle. Commodity is in a sweet spot. For those who are bullish, commodity-related and energy-related is the obvious trade."
convexity,NIFTYIT,india,hold-avoid,down,high,2026-05-20,,,,,,,,,,,False,no price data,,1y,https://www.youtube.com/watch?v=nFhuXyy70jw,"Leave the IT sector, let it fix itself. Until the scenario changes, why touch it at all."
convexity,BANKNIFTY,india,buy,up,med,2026-05-20,,,,,,,,,,,False,no price data,,3m,https://www.youtube.com/watch?v=nFhuXyy70jw,"Financials are the first sign of a turnaround. Financials come, then autos come. If they run next week, consider that financials have turned bullish again."
convexity,GOLD,india,hold-avoid,neutral,med,2026-05-20,,,,,,,,,,,False,no price data,,6m,https://www.youtube.com/watch?v=nFhuXyy70jw,"Reduce weight in gold and silver for now, increase weight in equity. The Sensex-to-gold ratio is at the absolute bottom, meaning equity will outperform gold."
convexity,NIFTY50,india,buy,up,med,2024-06-20,,,,,,,,,,,False,no price data,24000,3m,https://www.youtube.com/watch?v=oJu_mKG0QJ0,"the projection I think it comes somewhere around 24,000 24,300 or so so that should be the upside level that one needs to be open to in the bullish scenario"
convexity,GOLD,india,buy,up,med,2024-06-20,,,,,,,,,,,False,no price data,,6m,https://www.youtube.com/watch?v=oJu_mKG0QJ0,gold silver is where I think very good setup is now... if gold gives a decisive breakout on the upside that's where there could be a big Runway that is possible in Gold
convexity,SPX,india,hold-avoid,down,high,2025-06-20,,,,,,,,,,,False,no price data,,6m,https://www.youtube.com/watch?v=pNZ3zew4E7I,every bounce in the market is going to be a dead cat bounce... I think once Market starts to trade again there's likely to be more downside than upside because both bond yields and the dollar are rising
convexity,NIFTY50,india,hold-avoid,down,med,2025-06-20,,,,,,,,,,,False,no price data,,3m,https://www.youtube.com/watch?v=pNZ3zew4E7I,"pressure point remains till then by then even Donald Trump will be in office... it's only after that that some of the uncertainty around what he's going to do will go away... next bottom ends up being somewhere in the latter part of this quarter, possibly only after the union budget"
convexity,MARUTI,india,buy,up,med,2024-06-20,2024-06-20,1m,MARUTI.NS,True,11906.9443,0.0308,0.0409,-0.0101,0.0308,False,True,,,1m,https://www.youtube.com/watch?v=tSc0GJ5QFYQ,"Maruti as it is crossing over to the bullish side in today's session... it is a chart that is making higher highs and higher lows since quite a time and it looks like it is in a proper uptrend... put writers have written about 170,000 contracts in total"
convexity,GOLD,india,buy,up,med,2025-06-20,,,,,,,,,,,False,no price data,,1m,https://www.youtube.com/watch?v=skKfSfyHATo,I think once the averages break on the downside... we can also see the trend picking up in gold and silver... we should see a pickup in the gold and silver in the days to come
convexity,SILVER,india,buy,up,med,2025-06-20,2025-06-20,1m,SILVER.NS,False,107.52,0.0565,-0.0057,0.0622,0.0565,True,True,,,1m,https://www.youtube.com/watch?v=skKfSfyHATo,"I think once we see a breakout about that, you know that's where even the trend over here will accelerate... we should see a pickup in the gold and silver in the days to come"
convexity,BANKNIFTY,india,buy,up,med,2025-06-20,,,,,,,,,,,False,no price data,,3m,https://www.youtube.com/watch?v=skKfSfyHATo,"Bank Nifty is the one which is outperforming, which has turned into leading quadrant... it is already rising higher so it is in leading and it is rising higher which is telling you that the momentum is picking up as well as it is outperforming the Nifty index"
convexity,NIFTYFMCG,india,hold-avoid,neutral,med,2025-06-20,,,,,,,,,,,False,no price data,,3m,https://www.youtube.com/watch?v=skKfSfyHATo,maybe you know in this uptrend right now at least until we don't get the signal you might want to avoid fmcg from a positional perspective
convexity,NIFTY,india,buy,up,med,2025-06-20,,,,,,,,,,,False,no price data,24840,1m,https://www.youtube.com/watch?v=skKfSfyHATo,"currently what we are thinking of is 1 2 this is one this is two and now three of three is playing out... that level works out to 24,840 in the near term and if we do the equality level... 25,960 or so so you know that will be the positional level"
convexity,BANKNIFTY,india,buy,up,med,2025-06-20,,,,,,,,,,,False,no price data,,3m,https://www.youtube.com/watch?v=tSRUKaueDus,Bank Nifty and Fin Nifty these are the ones that are going into leading... when there is a signal on weekly it might tell you that you know at least you can see two to three months outperformance... Nifty Bank Nifty like I mentioned... all the banking and finance related seems to be looking good
convexity,FINNIFTY,india,buy,up,med,2025-06-20,,,,,,,,,,,False,no price data,,3m,https://www.youtube.com/watch?v=tSRUKaueDus,Bank Nifty and Fin Nifty these are the ones that are going into leading... when there is a signal on weekly it might tell you that you know at least you can see two to three months two to three months of outperformance
convexity,SILVER,india,sell,down,med,2025-06-20,2025-06-20,1m,SILVER.NS,False,107.52,0.0565,-0.0057,-0.0622,-0.0565,False,True,,,1m,https://www.youtube.com/watch?v=tSRUKaueDus,it has broken this channel on the downside okay and now the pattern is not looking good... a possibility up to the 20 week average may open up... this entire move might end up becoming one impulse and we will see a retracement
convexity,GOLD,india,hold-avoid,down,low,2025-06-20,,,,,,,,,,,False,no price data,,1m,https://www.youtube.com/watch?v=tSRUKaueDus,there can be some more correction over here in Gold if at all it breaks today's low... gold and silver has been disappointing... gold and silver is just trying to buy some more time and we will need to be a little more patient
convexity,NIFTY,india,buy,up,med,2025-06-20,,,,,,,,,,,False,no price data,,1m,https://www.youtube.com/watch?v=tSRUKaueDus,Nifty is getting into a different range altogether... we are in a momentum zone right now so you have to write the momentum and try to play try to capture the gain as much as possible
convexity,NIFTY,india,buy,up,med,2024-06-20,,,,,,,,,,,False,no price data,,3m,https://www.youtube.com/watch?v=wuUvNHNDaQw,broadly the Nifty index should be uh heading higher so maybe you know any meaningful declines will actually end up being you know say a Buy on dips kind of market... for the next two to three months or so uh there can be some bullishness
convexity,GOLD,india,buy,up,med,2024-06-20,,,,,,,,,,,False,no price data,,3m,https://www.youtube.com/watch?v=wuUvNHNDaQw,gold silver looks exciting uh dollar we need to watch out for in US indices there can be further more correction that can happen if the 20-day breaks
convexity,SILVER,india,buy,up,med,2024-06-20,2024-06-20,3m,SILVER.NS,False,91.73,-0.0208,0.0784,-0.0993,-0.0208,False,True,,,3m,https://www.youtube.com/watch?v=wuUvNHNDaQw,this is like an inverse hns that seems to be forming in silver so you know next few weeks and next few months should be very exciting for silver
convexity,HAL,india,buy,up,med,2025-09-20,2025-09-22,3m,HAL.NS,False,4769.0767,-0.1047,0.0303,-0.135,-0.1047,False,True,,,3m,https://www.youtube.com/watch?v=u8ES8SAa9j4,lot of the themes remain the same whether it's defense or whether it's you know PSU banks all of these are you know getting uh you know action all over again
convexity,SBIN,india,buy,up,med,2025-09-20,2025-09-22,3m,SBIN.NS,True,840.107,0.1462,0.0303,0.1159,0.1462,True,True,,,3m,https://www.youtube.com/watch?v=u8ES8SAa9j4,the correction seems to be complete in a lot of the financials lot of the other stocks whether it's PSUs PSU banks uh you know power etc all the themes are coming back
convexity,NTPC,india,buy,up,med,2025-09-20,2025-09-22,3m,NTPC.NS,True,333.8241,-0.0489,0.0303,-0.0792,-0.0489,False,True,,,3m,https://www.youtube.com/watch?v=u8ES8SAa9j4,the correction seems to be complete in a lot of the financials lot of the other stocks whether it's PSUs PSU banks uh you know power etc all the themes are coming back mid and small caps also have seen their correction
convexity,INFY,india,hold-avoid,neutral,med,2025-08-20,2025-08-20,6m,INFY.NS,True,1473.6403,-0.0678,0.0307,0.0985,0.0678,True,True,,,6m,https://www.youtube.com/watch?v=v_5GrZ0xtrE,IT sector in India I really except for particular stocks are not not not a not a great fan of unless it's a high growth IT stock I mean if you're growing earnings at 5 6% it's a defensive right why do I want to invest in a defensive IT stock and why am I paying 26 times earnings
convexity,GOLD,india,sell,down,high,2026-02-20,,,,,,,,,,,False,no price data,,3m,https://www.youtube.com/watch?v=vqLSp8GVkzg,"New Fed governor announced — immediately the dollar shot up and gold and silver hit lower circuits. This is not a dollar-weak person. Out of fear, people started unwinding positions."
convexity,FINSERV,india,buy,up,high,2026-06-08,,,,,,,,,,,False,no price data,,6m,https://www.youtube.com/watch?v=yjQKM7i2JHI,"Small NBFCs and small banks — their performance in the last one month has been very strong and will remain so. The financial sector is going to do well and valuations are very low, very cheap."
convexity,NIFTY50,india,sell,down,high,2026-01-20,,,,,,,,,,,False,no price data,,3m,https://www.youtube.com/watch?v=zFzPrB8eaLs,I'm taking from a bullish view to a bearish view... it's time to start creating cash. Start with a minimum 20-30% and then you build more if things get worse. Between now and March I perceive risk.
convexity,NIFTY50,india,sell,down,high,2025-06-20,,,,,,,,,,,False,no price data,,1m,https://www.youtube.com/watch?v=zqRSTkNSXXQ,The market is still in downtrend. The direction is still down. For the first time Nifty has broken and closed below the 40-week moving average. We are headed lower on Bank Nifty and there is actually no sign that it's done with the sell-off.
convexity,BANKNIFTY,india,sell,down,med,2025-06-20,,,,,,,,,,,False,no price data,,1m,https://www.youtube.com/watch?v=zqRSTkNSXXQ,"Bank Nifty started making lower lows this week in what we are calling wave C of this correction. Bank Nifty broke its entire range this week — there is actually no sign that it's done with the sell-off, so it's not possible that Nifty stops over here."
convexity,NIFTYFINSERV,india,buy,up,high,2025-09-20,,,,,,,,,,,False,no price data,,3m,https://www.youtube.com/watch?v=4zS-ia26KIc,I would be very bullish on financial service. The momentum is improving and it is almost at that make or break level. If we get this pattern then I would be very bullish on financial service.
convexity,TCS,india,buy,up,high,2025-09-20,2025-09-22,3m,TCS.NS,True,3007.7017,0.0717,0.0303,0.0414,0.0717,True,True,,,3m,https://www.youtube.com/watch?v=4zS-ia26KIc,TCS has the highest short ever since history. I mean we have it since 2012. You can see that since history it is the highest ever. Whenever there are highest short positions it is accompanied by a major bottom. I'm very sure the shorts will eventually get unwound.
convexity,INFY,india,buy,up,med,2025-09-20,2025-09-22,3m,INFY.NS,True,1476.8905,0.1096,0.0303,0.0792,0.1096,True,True,,,3m,https://www.youtube.com/watch?v=4zS-ia26KIc,In Infy you have the highest short ever. I mean not ever but these are significant short positions. And all this time you will see that whenever there are highest short positions it is accompanied by a major bottom.
convexity,HINDALCO,india,buy,up,med,2025-09-20,2025-09-22,1m,HINDALCO.NS,True,745.7,0.0545,0.0254,0.0291,0.0545,True,True,,,1m,https://www.youtube.com/watch?v=4zS-ia26KIc,"In case of Hindalco, we are just getting that confirmation in Friday session. So again, this stock can be an interesting one to watch out for in the near term. The metals index is also looking up. It has broken above the previous high."
convexity,NMDC,india,buy,up,med,2025-09-20,2025-09-22,3m,NMDC.NS,False,74.5925,-0.0073,0.0303,-0.0376,-0.0073,False,True,,,3m,https://www.youtube.com/watch?v=4zS-ia26KIc,NMDC it is just breaking out. In NMDC it is just breaking out of the previous high. The opportunity I see is here. In terms of opportunity it could probably be NMDC because it is starting to break out.
convexity,RBLBANK,india,hold-avoid,down,med,2025-09-20,2025-09-22,3m,RBLBANK.NS,False,269.7,0.1133,0.0303,-0.083,-0.1133,False,True,,,3m,https://www.youtube.com/watch?v=4zS-ia26KIc,In weekly the momentum is falling and the RS has deteriorated sharply. So that is not a good sign. In daily also the momentum is starting to fall. So both of these are not good signs at least for the short term and even probably for the medium term. Underperformance cannot be ruled out. So you need to be careful.
convexity,GOLDBEES,india,hold-avoid,down,med,2026-04-20,2026-04-20,3m,GOLDBEES.NS,False,125.0,-0.0417,-0.0144,0.0272,0.0417,True,True,,,3m,https://www.youtube.com/watch?v=5-jaE9noaWU,I think in gold at least one more leg down is remaining.
convexity,NIFTY,india,buy,up,high,2026-04-20,,,,,,,,,,,False,no price data,,3m,https://www.youtube.com/watch?v=5-jaE9noaWU,April is seasonally the best month of the year. So in April you should not be bearish. The time to invest has come.
convexity,NIFTY,india,hold-avoid,down,med,2025-09-20,,,,,,,,,,,False,no price data,,1m,https://www.youtube.com/watch?v=60r_--8mO2A,"The charts are showing weakness, lower lows lower highs, the nifty's broken the 20-day average, the weekly RMI is in sell and it's not completed the down cycle. Remain cautious, let the negativity play out."
convexity,NIFTY,india,buy,up,med,2024-06-20,,,,,,,,,,,False,no price data,25200,6m,https://www.youtube.com/watch?v=6Ur97UMuvOs,"If we see by the pattern which had formed last time we got almost 19 to 20% sort of rally. Very similar sort of patterns have been formed this time. That comes to somewhere around 25,200 so that could still be almost 2,000 points away from the current levels."
convexity,NIFTYPHARMA,india,buy,up,med,2024-06-20,,,,,,,,,,,False,no price data,35250,3m,https://www.youtube.com/watch?v=6Ur97UMuvOs,"Pharma particularly looks good, even it now seems to be picking up. Once the high in the Nifty it is broken on the upside which is say somewhere around 35,250 or so I think we should be seeing the next leg of up move."
convexity,BANKNIFTY,india,buy,up,med,2024-06-20,,,,,,,,,,,False,no price data,,6m,https://www.youtube.com/watch?v=6Ur97UMuvOs,"Banks are the one which so far have been slightly underperforming but I think we should eventually see a pick up back because Bank Nifty is a very big part of Nifty. If we are seeing Nifty at 25,200 naturally Bank Nifty will eventually participate."
convexity,XAGUSD,india,buy,up,med,2024-06-20,,,,,,,,,,,False,no price data,,3m,https://www.youtube.com/watch?v=6Ur97UMuvOs,"Silver is at its lower end of the channel, come back to the 40-day average. Wave three of three should unfold. Once we get daily RMI turning bullish and silver crossing above the 20-day average it should be a good setup for the next leg of up move."
convexity,XAUUSD,india,buy,up,med,2024-06-20,,,,,,,,,,,False,no price data,,3m,https://www.youtube.com/watch?v=6Ur97UMuvOs,Gold has been in sideways correction for quite some time and this consolidation phase should largely be over. We should probably now see a pickup. Once RMI turns around and bullish crossover happens we should see the next leg of up move.
convexity,NIFTY,india,buy,up,med,2024-06-20,,,,,,,,,,,False,no price data,,3m,https://www.youtube.com/watch?v=76MjiyJXqO0,"What we would want to see is a close above the 61.8% retracement level which is 22,422. Once that happens and we get a bullish crossover on the daily RMI we would think that the next leg of up move has started."
convexity,XAGUSD,india,buy,up,high,2024-06-20,,,,,,,,,,,False,no price data,50,1y,https://www.youtube.com/watch?v=76MjiyJXqO0,If silver breaks out from this range okay which is 29 30 range if this is broken on the upside there can be a very very big move. 50 or 52 is approximately the all-time high so that is what levels are going to open up.
convexity,XAUUSD,india,buy,up,med,2024-06-20,,,,,,,,,,,False,no price data,,3m,https://www.youtube.com/watch?v=76MjiyJXqO0,"Gold — any minor consolidation or dip is now likely to attract buying pressure and eventually it should be headed higher. This entire range has been broken on the upside, any minor dip likely to get buying pressure."
convexity,BANKNIFTY,india,buy,up,med,2025-06-20,,,,,,,,,,,False,no price data,,1y,https://www.youtube.com/watch?v=6oKM1zGy0XE,Financials are the last undervalued sector right now in the market. A lot of money from funds have been allocated to Banks and that is why Banks were holding out better than others. Long-term you still see value and that's where a lot of money may continue to go.
convexity,XAGUSD,india,hold-avoid,down,med,2025-06-20,,,,,,,,,,,False,no price data,26,3m,https://www.youtube.com/watch?v=6oKM1zGy0XE,In silver we are trying to form nine waves. If we do see that this fall is five waves and you do a retracement and start falling again. The minimum scenario being $26 — at least ABC will get you back to around $26.
convexity,XAUUSD,india,hold-avoid,down,med,2025-06-20,,,,,,,,,,,False,no price data,,3m,https://www.youtube.com/watch?v=6oKM1zGy0XE,We've completed five waves in gold and that five wave is anyway going to correct. As long as dollar is rising that's what will happen. In gold some correction of this last five wave up will happen — at least a retracement of the last rise is due.
convexity,NIFTY50,india,buy,up,high,2025-12-20,,,,,,,,,,,False,no price data,,3m,https://www.youtube.com/watch?v=79mxnY3Ubfc,The Nifty is barely 100 points or 150 points away from making an all-time high. Is it going to do it? The answer is very simple. Yes...there'll be a minimum 3 to 4% move in the market when the trade deal is announced.
convexity,BANKNIFTY,india,buy,up,high,2025-12-20,,,,,,,,,,,False,no price data,,6m,https://www.youtube.com/watch?v=79mxnY3Ubfc,if the credit cycle turns around...the financial sector is going to do exceedingly well. So that is one sector that you have to focus on from a pure value perspective.
convexity,RELIANCE,india,buy,up,med,2025-12-20,2025-12-22,3m,RELIANCE.NS,True,1568.1495,-0.1022,-0.1168,0.0146,-0.1022,True,True,,,3m,https://www.youtube.com/watch?v=79mxnY3Ubfc,we are seeing a comeback in the oil and gas space. Stocks like Reliance are starting to contribute to the index move which they were not doing last year.
convexity,NIFTYMETAL,india,buy,up,med,2025-12-20,,,,,,,,,,,False,no price data,,3m,https://www.youtube.com/watch?v=79mxnY3Ubfc,Metals index also ended up very very close to previous highs and is surpassing it and that's what you are seeing in the metal stocks as well. They are also outperforming the index.
convexity,NIFTY50,india,buy,up,high,2025-06-20,,,,,,,,,,,False,no price data,,1y,https://www.youtube.com/watch?v=7pVqzadnL-4,"new highs you know it won't be surprising 26,000 28,000 why not 30 why not 35 you can come up with any number and it might sound believable because the sure change that is happening in terms of the entire environment."
convexity,BANKNIFTY,india,buy,up,med,2025-06-20,,,,,,,,,,,False,no price data,,6m,https://www.youtube.com/watch?v=7pVqzadnL-4,Banks picking up real estate Metals everything that's related to Consumer to some extent Autos all get a positive rub off from falling interest rates or Bond yields and so you'll see many of these markets start to gain traction.
convexity,NIFTY50,india,buy,up,med,2024-06-20,,,,,,,,,,,False,no price data,22920,1m,https://www.youtube.com/watch?v=8Ezyo88aFqo,once that is broken on the upside this level is somewhere around 22920 I think once that is broken on the upside that's where we might end up getting a real momentum.
convexity,NIFTYIT,india,hold-avoid,down,med,2024-06-20,,,,,,,,,,,False,no price data,,3m,https://www.youtube.com/watch?v=8Ezyo88aFqo,the only index that I can see is Nifty it which is not performing that well which is sort of weakening...you know it will be a relative underperformer.
convexity,NIFTYMETAL,india,buy,up,med,2024-06-20,,,,,,,,,,,False,no price data,,3m,https://www.youtube.com/watch?v=8Ezyo88aFqo,sectors like metal which have been outperforming and making newer highs...these are probably the place where people would want to chase the momentum.
convexity,NIFTYPSE,india,buy,up,med,2024-06-20,,,,,,,,,,,False,no price data,,3m,https://www.youtube.com/watch?v=8Ezyo88aFqo,psus are actually you know they had broken out from a 12 13 year kind of range and they are sort of continuing their uptrend so it doesn't matter what Nifty is doing because there are many other sectors and stocks which are doing well.
convexity,XAUUSD,india,buy,up,med,2024-06-20,,,,,,,,,,,False,no price data,,3m,https://www.youtube.com/watch?v=97B4ONJju9c,the larger trend for gold and silver is up which is telling me that most likely the larger trend of the dollar Index is probably turning down... I feel that eventually there will be a pickup that we will see in gold and silver
convexity,XAGUSD,india,buy,up,med,2024-06-20,,,,,,,,,,,False,no price data,,3m,https://www.youtube.com/watch?v=97B4ONJju9c,I think there is one more leg still pending in silver... even in Commodities it looks like that the rally is not done right so maybe some pullback here and there can happen but broadly they should be inching higher
convexity,NIFTY,india,buy,up,med,2024-06-20,,,,,,,,,,,False,no price data,23200,1m,https://www.youtube.com/watch?v=97B4ONJju9c,"the next leg of up move will come once we break this upward slanting range... the most important would be to break above this 23,200 mark... as long as we are above the daily averages and the weekly averages we are okay"
convexity,XAUUSD,india,buy,up,med,2025-06-20,,,,,,,,,,,False,no price data,2450,3m,https://www.youtube.com/watch?v=BAiozyXGHf4,once we get a break above this previous high which was 2392 the uptrend can continue and you know it might eventually head higher towards its previous high of 2450 and of course in the longer run it can go then much much beyond 2450
convexity,XAGUSD,india,buy,up,med,2025-06-20,,,,,,,,,,,False,no price data,3251,3m,https://www.youtube.com/watch?v=BAiozyXGHf4,once it sees a decisive break above this 31.5 there again we might end up seeing some good up move in silver as well... the next level will be the 52 week high which is at 3251 and once that breaks on the upside a much larger target on the upside may kick in
convexity,CNXPHARMA,india,buy,up,med,2025-06-20,,,,,,,,,,,False,no price data,,3m,https://www.youtube.com/watch?v=BAiozyXGHf4,I actually like Pharma and FMCG... if we look at Pharma index I think there is still a lot of room that is left on the upside so even from current levels if the Nifty Pharma goes towards the upper end of the channel it is some thousand points away
convexity,CNXFMCG,india,buy,up,med,2025-06-20,,,,,,,,,,,False,no price data,,3m,https://www.youtube.com/watch?v=BAiozyXGHf4,even the Nifty FMCG index... that completed the cycle on the daily chart and now it is again rising higher... this is basically a cup and handle which got formed and cup and handle pattern is usually a continuation pattern once it breaks on the upside
convexity,BANKNIFTY,india,hold-avoid,down,med,2025-06-20,,,,,,,,,,,False,no price data,,1m,https://www.youtube.com/watch?v=BAiozyXGHf4,PSU Banks is one of them... it was in a lagging stage previously as well... even now it is lagging and the JDK RS ratio that means its relative strength to the Nifty index is only deteriorating and that's why it is moving to the left
convexity,CNXCONSUMDUR,india,hold-avoid,down,low,2025-06-20,,,,,,,,,,,False,no price data,,1m,https://www.youtube.com/watch?v=BAiozyXGHf4,one of the index that seems to be entering this lagging mode is the Nifty CD that is nothing but consumer durable... with RRG going into the lagging mode maybe there could be a chance that it might end up completing the cycle and for sometime it may underperform
convexity,NIFTY,india,buy,up,med,2025-06-20,,,,,,,,,,,False,no price data,,3m,https://www.youtube.com/watch?v=BAiozyXGHf4,the Nifty index has broken out from this Rising range which it was in since Jan to almost June... the expectation would be that it should see the up move only gaining momentum... as long as the Nifty index does not break 20-day on the downside the bullish trend is intact
convexity,NIFTY,india,sell,down,high,2026-03-20,,,,,,,,,,,False,no price data,22600,3m,https://www.youtube.com/watch?v=9E-A7R7MkwY,"Nifty had a head and shoulders pattern. Its target comes to around 22,700. The bear market has started. A very big confirmation will come when the 22,600 level breaks."
convexity,BANKNIFTY,india,sell,down,med,2026-03-20,,,,,,,,,,,False,no price data,45500,3m,https://www.youtube.com/watch?v=9E-A7R7MkwY,"Bank Nifty was hitting all-time highs and has now started falling. When it fell it broke its 20-month average and will now head towards the 40-month average. The 22,500 level for Nifty corresponds to 45,500 for Bank Nifty."
convexity,CNXPHARMA,india,buy,up,med,2026-03-20,,,,,,,,,,,False,no price data,,3m,https://www.youtube.com/watch?v=9E-A7R7MkwY,"The only sector that is outperforming is pharmaceuticals. Everyone will need medicines. The US has also spoken about making cheap medicines available to people. If you want to invest in generic drugs, you can certainly do so."
convexity,CNXIT,india,hold-avoid,down,med,2026-03-20,,,,,,,,,,,False,no price data,,3m,https://www.youtube.com/watch?v=9E-A7R7MkwY,The IT sector has weakness. Some platform companies were showing very weak charts earlier. Themes have deteriorated. Avoid.
convexity,NIFTY,india,buy,up,med,2026-05-20,,,,,,,,,,,False,no price data,,1m,https://www.youtube.com/watch?v=9rL1lkGpPZs,"The market trend from here is bullish. Higher highs, higher lows, liquidity, interest rates, trade deal — all things are lining up. The negatives have been discounted. There is a deep buying opportunity."
convexity,NIFTY,india,buy,up,med,2025-11-20,,,,,,,,,,,False,no price data,,3m,https://www.youtube.com/watch?v=A65-zmNaYPA,The market trend is holding bullish momentum. The bull market is not over. This was just a phase and the bull market is very much here.
convexity,CNXIT,india,hold-avoid,down,med,2025-11-20,,,,,,,,,,,False,no price data,,3m,https://www.youtube.com/watch?v=A65-zmNaYPA,"Attention turned to the IT sector because there is fear that H1B visas could be stopped, hurting their business. Donald Trump will also do something to the pharma sector. There are some sectors that are not moving. Avoid."
convexity,NIFTYMETAL,india,buy,up,high,2025-06-20,,,,,,,,,,,False,no price data,,3m,https://www.youtube.com/watch?v=C2EFIR00soQ,I always like Metals... commodity prices pick up... start looking at Indian bond yields... I'm liking it all over again because we should be starting longer term into a third wave within this sector right so this is a very very important data point
convexity,NIFTYFMCG,india,buy,up,med,2025-06-20,,,,,,,,,,,False,no price data,,3m,https://www.youtube.com/watch?v=C2EFIR00soQ,fmcg right it went through a deep correction Jan Feb March April correction is over weekly momentum starts picking up... that is a sector that has started to make a comeback
convexity,NIFTYBANK,india,buy,up,high,2025-06-20,,,,,,,,,,,False,no price data,,3m,https://www.youtube.com/watch?v=C2EFIR00soQ,banks have not been performing will they perform you cannot have a bull market without banks and so we are going back to a bullish mode which I think will continue not just into the budget but probably after the budget as well
convexity,NIFTYPSUBANK,india,hold-avoid,neutral,med,2025-06-20,,,,,,,,,,,False,no price data,,3m,https://www.youtube.com/watch?v=C2EFIR00soQ,psus were essentially an election rally... post the election can you keep running on the same theme the answer is now it's going to be a mixed bag... money will find new places new sectors to actually go into
convexity,NIFTYREALTY,india,buy,up,med,2025-06-20,,,,,,,,,,,False,no price data,,6m,https://www.youtube.com/watch?v=C2EFIR00soQ,real estate stocks they've consolidate for a couple of months but I think the momentum has started to pick up there as well... you have real estate... all of these things are so linked to the interest rate cycle
convexity,NIFTYAUTO,india,buy,up,med,2025-06-20,,,,,,,,,,,False,no price data,,3m,https://www.youtube.com/watch?v=C2EFIR00soQ,you already seeing that momentum in Auto stocks the auto index is almost near the all-time high... autos... all of these things are so linked to the interest rate cycle that it's very interesting
convexity,NIFTYPHARMA,india,buy,up,med,2024-06-20,,,,,,,,,,,False,no price data,,3m,https://www.youtube.com/watch?v=DiviMZPYa1Y,if something has to outperform I can think of Pharma... it's actually picked up only this year again so that probably stands out as something I would look at in dips... if at all I have to get invested would be in Pharma
convexity,ADANIENT,india,hold-avoid,down,med,2024-06-20,2024-06-20,3m,ADANIENT.NS,True,3257.835,-0.097,0.0784,0.1755,0.097,True,True,,,3m,https://www.youtube.com/watch?v=DiviMZPYa1Y,Adani Enterprises is still within 66% exactly at 66% retracement of the entire fall... they would still look like they are in a bare Market... there is still an incomplete case... I don't know what other risk may be there
convexity,BPCL,india,buy,up,med,2024-06-20,2024-06-20,1m,BPCL.NS,False,279.2616,-0.0298,0.0409,-0.0707,-0.0298,False,True,,,1m,https://www.youtube.com/watch?v=FLnsFWvU4rk,bpcl may actually end up seeing a lot of unwinding of the call option and if that happens then that can lead to a good up move... if bpcl manages to consolidate above 620 and then eventually see a breakout
convexity,PETRONET,india,buy,up,med,2024-06-20,2024-06-20,3m,PETRONET.NS,False,294.528,0.0366,0.0784,-0.0418,0.0366,False,True,,,3m,https://www.youtube.com/watch?v=H4O9GJO0cVw,typically such scenarios actually lead to a good short covering rallies in the coming days and weeks typically we end up seeing these move lasting for many weeks or probably even months
convexity,BANKNIFTY,india,sell,down,high,2024-06-20,,,,,,,,,,,False,no price data,,1m,https://www.youtube.com/watch?v=GTXJDF5WFQU,Bank Nifty is lot more bearish than the other indices... Bank Nifty has broken both the key averages that is the 40-day exponential average and the 20-day average as well and that too along with a bearish crossover
convexity,NIFTYIT,india,sell,down,med,2024-06-20,,,,,,,,,,,False,no price data,,1m,https://www.youtube.com/watch?v=GTXJDF5WFQU,it index has already formed this wedge pattern it broke down it retested today and now probably it should be heading lower once you get this low breaking on the downside
convexity,GOLD,india,buy,up,med,2024-06-20,,,,,,,,,,,False,no price data,,3m,https://www.youtube.com/watch?v=JphsXxBgVEo,once this rise completes and we get a pullback that may end up being a very good buying opportunity... if it gives signs of picking up that would be the point to probably enter gold and silver once again for the next leg of up
convexity,SILVER,india,buy,up,med,2024-06-20,2024-06-20,3m,SILVER.NS,False,91.73,-0.0208,0.0784,-0.0993,-0.0208,False,True,,,3m,https://www.youtube.com/watch?v=JphsXxBgVEo,once this rise completes and we get a pullback that may end up being a very good buying opportunity... if it gives signs of picking up that would be the point to probably enter gold and silver once again for the next leg of up
convexity,NIFTY,india,hold-avoid,down,med,2025-06-20,,,,,,,,,,,False,no price data,,3m,https://www.youtube.com/watch?v=FboxX5mfOB4,it looks like we have a five wave impulse down in the nifty 50 and the Nifty 500 which indicates we're not going back to all-time highs and this rally is going to be a counter trend move after which we see it roll over and go back to making lower lows below 23263
convexity,GOLD,india,buy,up,high,2025-10-20,,,,,,,,,,,False,no price data,,6m,https://www.youtube.com/watch?v=GXagpuvI9jU,Overall the gold and silver bull market that has started will not end. We will definitely see new rounds of gains in gold and silver.
convexity,SILVER,india,buy,up,high,2025-10-20,2025-10-20,6m,SILVER.NS,False,153.64,0.6114,-0.0572,0.6686,0.6114,True,True,,,6m,https://www.youtube.com/watch?v=GXagpuvI9jU,Overall the gold and silver bull market that has started will not end. We will definitely see new rounds of gains in gold and silver.
convexity,BANKNIFTY,india,buy,up,high,2025-06-20,,,,,,,,,,,False,no price data,,3m,https://www.youtube.com/watch?v=JyOM5ti0EdA,my chart setup on banking says that banking is broken out post the elections and it's going to outperform in the weeks and months to come
convexity,NIFTYPVTBANK,india,buy,up,med,2025-06-20,,,,,,,,,,,False,no price data,,6m,https://www.youtube.com/watch?v=JyOM5ti0EdA,banking and financials which are an undervalued sector to actually play catchup and start performing in a big way as the rate cycle turns
convexity,NIFTYCONSDURBL,india,buy,up,med,2025-06-20,,,,,,,,,,,False,no price data,,3m,https://www.youtube.com/watch?v=JyOM5ti0EdA,consumer durable stocks right that is a sector which is gaining attention gaining traction...the relative strength is right now favorable to that sector
convexity,NIFTYMETAL,india,buy,up,med,2025-06-20,,,,,,,,,,,False,no price data,,3m,https://www.youtube.com/watch?v=JyOM5ti0EdA,interest rate sensitive sectors which include Metals Autos apart from banking reality that tend to do well in an environment where rates are coming down
convexity,NIFTY,india,buy,up,high,2025-07-20,,,,,,,,,,,False,no price data,25000,3m,https://www.youtube.com/watch?v=KFrs7tKSAf8,"markets should not go below 25,000. We should be headed far higher from here...it's a great opportunity to buy these dips that you're getting again and again and again on the investment side"
convexity,NIFTY,india,buy,up,high,2026-01-20,,,,,,,,,,,False,no price data,35000,1y,https://www.youtube.com/watch?v=KHCBbU8yck0,"the nifty now 3 months down the line wherever it takes off is going to be headed towards...35,000...considering all the factors a growth revival the commodity cycle global reflation and trade deal taking place"
convexity,NIFTYMETAL,india,buy,up,med,2026-01-20,,,,,,,,,,,False,no price data,,6m,https://www.youtube.com/watch?v=KHCBbU8yck0,"the metals index did break out and go to all-time highs again this week...smart money is not waiting it's already buying up stocks that are going to benefit from the reflationary cycle which definitely means commodities, metals"
convexity,NIFTYPVTBANK,india,buy,up,high,2025-06-20,,,,,,,,,,,False,no price data,,6m,https://www.youtube.com/watch?v=Kxjlbyd3jEA,banking and financials are showing growth 20 30% earnings growth for many of these major Banks and financials and the stock price is underperforming...private Banks which have the lowest valuation in like 10 years
convexity,BAJAJ-AUTO,india,buy,up,med,2025-06-20,2025-06-20,6m,BAJAJ-AUTO.NS,True,8371.0,0.0754,0.034,0.0414,0.0754,True,True,,,6m,https://www.youtube.com/watch?v=MSpfzyCrodQ,"Whether it's Bajaj Auto, whether it's TVS Motors, whether it's Hero MotoCorp. There is no sign of a trend reversal on these charts."
convexity,TVSMOTOR,india,buy,up,med,2025-06-20,2025-06-20,6m,TVSMOTOR.NS,False,2802.3052,0.3037,0.034,0.2696,0.3037,True,True,,,6m,https://www.youtube.com/watch?v=MSpfzyCrodQ,"Whether it's Bajaj Auto, whether it's TVS Motors, whether it's Hero MotoCorp. There is no sign of a trend reversal on these charts."
convexity,HEROMOTOCO,india,buy,up,med,2025-06-20,2025-06-20,6m,HEROMOTOCO.NS,False,4192.1641,0.3526,0.034,0.3186,0.3526,True,True,,,6m,https://www.youtube.com/watch?v=MSpfzyCrodQ,"Whether it's Bajaj Auto, whether it's TVS Motors, whether it's Hero MotoCorp. There is no sign of a trend reversal on these charts."
convexity,MARUTI,india,buy,up,med,2025-06-20,2025-06-20,1y,MARUTI.NS,True,12654.04,0.0586,-0.0438,0.1023,0.0586,True,True,,,1y,https://www.youtube.com/watch?v=MSpfzyCrodQ,Today a Maruti may offer value. It may not yet offer growth as you're saying because of fears of maybe inventory but when your rates will start falling that becomes your trigger.
convexity,ASHOKLEY,india,buy,up,med,2025-06-20,2025-06-20,1y,ASHOKLEY.NS,False,116.783,0.3415,-0.0438,0.3852,0.3415,True,True,,,1y,https://www.youtube.com/watch?v=MSpfzyCrodQ,Ashok Leyland valuation chart is very very similar. The valuations have been falling even as prices have held up and in fact prices actually broke out recently.
convexity,BANKBEES,india,buy,up,med,2025-06-20,2025-06-20,1y,BANKBEES.NS,False,576.73,0.0357,-0.0438,0.0795,0.0357,True,True,,,1y,https://www.youtube.com/watch?v=MSpfzyCrodQ,"If one anticipates the rates to go down, one should perhaps be an early entrant in the financial services space. Right now, you would be an early entrant, which is where you are getting value."
convexity,TATASTEEL,india,buy,up,med,2025-06-20,2025-06-20,1y,TATASTEEL.NS,True,151.97,0.3092,-0.0438,0.353,0.3092,True,True,,,1y,https://www.youtube.com/watch?v=MSpfzyCrodQ,I always have a view on the dollar. So weak dollar is equal to higher commodity prices. I like the metal sector. It's a very easy equation.
convexity,SUNPHARMA,india,buy,up,high,2025-06-20,2025-06-20,6m,SUNPHARMA.NS,True,1648.9257,0.0514,0.034,0.0174,0.0514,True,True,,,6m,https://www.youtube.com/watch?v=MSpfzyCrodQ,Continue to focus on pharma and consumer durables is based on the most recent outperformance of the last 1 month. The entire mid-cap pharma has come to life since March of 2023 and they're all just going up like crazy.
convexity,TCS,india,sell,down,high,2026-02-20,2026-02-20,1y,TCS.NS,True,2686.2,-0.2089,-0.0609,0.148,0.2089,True,True,,,1y,https://www.youtube.com/watch?v=NNDYbjN79hQ,"In the short term, the selling we are seeing in the IT sector has perhaps not fully finished. It is a bit oversold. There can be a small bounce. But selling pressure will build up again."
convexity,NIFTY,india,sell,down,high,2026-02-20,,,,,,,,,,,False,no price data,19000,1y,https://www.youtube.com/watch?v=NNDYbjN79hQ,"Nifty can crash to 19,000 due to global macros. If the market falls more than 20%, you will be fully protected. Buy December 2026 puts at the 25,000 strike."
convexity,GOLD,india,sell,down,high,2026-02-20,,,,,,,,,,,False,no price data,,6m,https://www.youtube.com/watch?v=NNDYbjN79hQ,"The topping out of gold and silver is an indication that the dollar is bottoming. Even in commodities, gold and silver, the opportunities are on the short side."
convexity,SILVER,india,sell,down,high,2026-02-20,2026-02-20,6m,SILVER.NS,False,246.33,-0.0617,-0.0609,0.0008,0.0617,True,True,,,6m,https://www.youtube.com/watch?v=NNDYbjN79hQ,"Even in commodities, gold and silver, the opportunities are on the short side. I will not try to buy dips and play bounces."
convexity,HINDALCO,india,sell,down,high,2026-02-20,2026-02-20,6m,HINDALCO.NS,True,935.7,0.0794,-0.0609,-0.1403,-0.0794,False,True,,,6m,https://www.youtube.com/watch?v=NNDYbjN79hQ,The entire commodity metal sector boom trade is over. We are out. I am out of this trade. Opportunities are on the short side for commodities.
financial-education,NKE,us,buy,up,med,2026-02-20,2026-02-20,1y,NKE,True,64.3926,-0.2981,0.0861,-0.3841,-0.2981,False,True,,100,1y,https://www.youtube.com/watch?v=-15kJ5ckah0,the turnaround's clear as day to me now at this point in time. So now the stock price will follow over the next year or two and I believe Nike is on its way back to hundred plus dollars this year.
financial-education,ELF,us,buy,up,high,2026-02-20,2026-02-20,1y,ELF,False,94.02,-0.3172,0.0861,-0.4033,-0.3172,False,True,,200,1y,https://www.youtube.com/watch?v=-15kJ5ckah0,"I think the stock's on its way to 200 plus over the next two or three years. If that's boring, I guess I like boring stocks."
financial-education,SOFI,us,buy,up,med,2026-02-20,2026-02-20,1y,SOFI,False,19.02,-0.0584,0.0861,-0.1444,-0.0584,False,True,,27,1y,https://www.youtube.com/watch?v=-15kJ5ckah0,"once the market gets moving up again, SoFi is going to go flying. Like it'll go right back to $25 $30 a share."
financial-education,AMD,us,buy,up,high,2026-02-20,2026-02-20,1y,AMD,True,200.15,1.6848,0.0861,1.5988,1.6848,True,True,,,1y,https://www.youtube.com/watch?v=-15kJ5ckah0,AMD AMD is very very exciting stock obviously for the next few years with the four 400 series ramping this year. It's going to be a huge development for the company. Growth rates are going to go insane.
financial-education,ADBE,us,buy,up,med,2026-02-20,2026-02-20,6m,ADBE,True,258.61,-0.2454,0.0861,-0.3314,-0.2454,False,True,,,6m,https://www.youtube.com/watch?v=-15kJ5ckah0,"Adobe, this is one that I think is also close to a bottom. I think the Ford P is now down to 10 or 11 on this company. They're not being replaced."
financial-education,HNST,us,buy,up,med,2026-02-20,2026-02-20,6m,HNST,False,2.27,0.6608,0.0861,0.5747,0.6608,True,True,,5,,https://www.youtube.com/watch?v=-15kJ5ckah0,"the stock should not be trading under $5. That's the way I'll put it. like you're under $5, it's cuz you're a bankruptcy candidate. And honest is just not a bankruptcy candidate at all."
financial-education,ELF,us,buy,up,high,2025-09-20,2025-09-22,1y,ELF,False,137.32,-0.5325,0.1262,-0.6587,-0.5325,False,True,,200,1y,https://www.youtube.com/watch?v=-IlxdNbQ_Lo,"we're headed to 200 plus. We're headed to alltime highs in the stock... at the end of the day, we're headed to 200 plus on this stock. And it's just a question of do we hit that 200 plus level this year, as in 2025, or do we hit it next year?"
financial-education,AMD,us,buy,up,high,2025-09-20,2025-09-22,1y,AMD,True,159.79,2.363,0.1262,2.2368,2.363,True,True,,300,1y,https://www.youtube.com/watch?v=-IlxdNbQ_Lo,The bottom line with AMD is we're headed to 200 next 200 then we're headed to 300 in 2026 in my opinion. 300 plus and if all goes well we could be 400 plus in 2027.
financial-education,NVDA,us,hold-avoid,neutral,med,2025-09-20,2025-09-22,1y,NVDA,True,183.3761,0.149,0.1262,-0.0228,-0.149,False,True,,,1y,https://www.youtube.com/watch?v=-IlxdNbQ_Lo,I think the stock's rangebound until we get to 2028 plus. I think the stock's rangebound from anywhere about from about 125 to 200... I think the big gains in Nvidia stock was already happened.
financial-education,CELH,us,buy,up,high,2026-04-20,2026-04-20,1y,CELH,False,33.78,-0.0882,0.0536,-0.1419,-0.0882,False,True,,,1y,https://www.youtube.com/watch?v=-NJoYL0DLAE,"this year, they should do, you know, easily three plus billion if not pushing close to four billion dollars of revenue... Forward P on the stock is around 20... a 24 P is way too low. I expect Celsius to grow at a double-digit clip for at least the rest of this decade."
financial-education,AMZN,us,buy,up,high,2026-04-20,2026-04-20,1y,AMZN,True,248.28,-0.0157,0.0536,-0.0693,-0.0157,False,True,,,1y,https://www.youtube.com/watch?v=-NJoYL0DLAE,I want to build this stock even into a bigger position... over the next 5 years this is a much higher stock than it is today. I think Amazon's going to crush the S&P 500 returns over the next 5 years.
financial-education,ELF,us,buy,up,high,2026-04-20,2026-04-20,3m,ELF,False,68.42,-0.0617,0.0536,-0.1153,-0.0617,False,True,,100,3m,https://www.youtube.com/watch?v=-NJoYL0DLAE,"I'm still buying the stock insanely heavy across portfolios... I needed to continue to as long as the stock is under $100, and the further it is under $100, the heavier I need to be buying."
financial-education,AXP,us,buy,up,high,2026-04-20,2026-04-20,1y,AXP,True,329.87,0.0246,0.0536,-0.029,0.0246,False,True,,,1y,https://www.youtube.com/watch?v=-NJoYL0DLAE,"even in my bear case, I still get a W... compound annual growth rate, we can call it between 9% about 15%... I don't know what else to say other than I have to buy this stock."
financial-education,NKE,us,buy,up,high,2026-04-20,2026-04-20,1y,NKE,True,46.0678,-0.0188,0.0536,-0.0725,-0.0188,False,True,,,1y,https://www.youtube.com/watch?v=-NJoYL0DLAE,"$45,000 I bought of Nike stock in one day. I'm only going to do that if I have a lot of conviction in a company... I'm going to make a lot of money on that stock over time."
financial-education,TSLA,us,sell,down,med,2025-12-20,2025-12-22,6m,TSLA,True,488.73,-0.1805,0.0934,0.2739,0.1805,True,True,,,6m,https://www.youtube.com/watch?v=0vRlP8l142U,"If the market goes south, I believe Tesla stock will definitely go south...Tesla stock would go down significantly, then this would 2x leverage to the upside. It's way overhyped. The robo taxi opportunity will not make any money for a long time."
financial-education,ADBE,us,buy,up,med,2025-12-20,2025-12-22,1y,ADBE,True,357.53,-0.4541,0.0934,-0.5475,-0.4541,False,True,,,1y,https://www.youtube.com/watch?v=0vRlP8l142U,I bought 25 shares [of Adobe]...a 2-year forward P on this one of 14. Way too low for a company with double digit growth. 20% Kagar. Adobe is a very misunderstood stock.
financial-education,AXP,us,buy,up,med,2025-12-20,2025-12-22,1y,AXP,True,378.8083,-0.1077,0.0934,-0.2011,-0.1077,False,True,,,1y,https://www.youtube.com/watch?v=0vRlP8l142U,"American Express has one of the best business models in the world...16 to 21% Kagar, significantly above the S&P 500. That's why I go ahead and stick money in a stock like Amex."
financial-education,CRM,us,buy,up,med,2025-12-20,2025-12-22,1y,CRM,True,263.9698,-0.425,0.0934,-0.5184,-0.425,False,True,,,1y,https://www.youtube.com/watch?v=0vRlP8l142U,I've been buying a lot of Salesforce stock...Two-year forward P on Salesforce of 20...very strong expected double-digit earnings per share growth. 13 to 18% Kaggar on the stock overall.
financial-education,AMD,us,buy,up,high,2025-12-20,2025-12-22,1y,AMD,True,214.95,1.5,0.0934,1.4066,1.5,True,True,,700,1y,https://www.youtube.com/watch?v=0vRlP8l142U,I bought 20 shares of AMD...hard for me to see the stock sitting at 208 today and not step in and buy. Stock somewhere between $600 $800 2029. 34% to 40% Kagar.
financial-education,CELH,us,buy,up,high,2025-12-20,2025-12-22,1y,CELH,False,44.36,-0.3057,0.0934,-0.3991,-0.3057,False,True,,,1y,https://www.youtube.com/watch?v=0vRlP8l142U,"I look at [Celsius] in the low 40s here today and I'm like, got to give me some more shares...shows you my level of confidence in this company that I can still step in and buy this stock in the 40s."
financial-education,CAKE,us,buy,up,high,2025-12-20,2025-12-22,1y,CAKE,False,51.7267,0.4923,0.0934,0.3989,0.4923,True,True,,,1y,https://www.youtube.com/watch?v=0vRlP8l142U,Cheesecake Factory. This should not come as a surprise. I've been buying this stock for years. I'm still buying it and I might buy it next year as well. I like this — I can't get enough shares of because it's just one of the most attractive opportunities I see in the market.
financial-education,META,us,buy,up,high,2025-12-20,2025-12-22,1y,META,True,660.9341,-0.1267,0.0934,-0.22,-0.1267,False,True,,1400,1y,https://www.youtube.com/watch?v=0vRlP8l142U,"Meta...stock somewhere between $1,300 and $1,500 [in 2029], which we call over a double up between now and 2029. That, ladies and gentlemen, is very, very attractive stock."
financial-education,CELH,us,buy,up,high,2026-05-20,2026-05-20,1y,CELH,False,28.63,0.0758,0.0074,0.0684,0.0758,True,True,,,1y,https://www.youtube.com/watch?v=1BBlwjC6QNY,Pounding my hand on the table about this one. Celsius Holdings...load the boat under 30...it's a buy heavy under 40 and still a buy even all the way up to 50. 35 to 41% compound annual growth rate.
financial-education,AMZN,us,buy,up,high,2026-05-20,2026-05-20,1y,AMZN,True,265.01,-0.0778,0.0074,-0.0852,-0.0778,False,True,,,1y,https://www.youtube.com/watch?v=1BBlwjC6QNY,"Everybody needs to own Amazon...Amazon is always a buy. It was a buy yesterday...It's a buy today. It's a buy tomorrow. It's always a buy until there's real disruption risk to either their core e-commerce platform, AWS, or the ads business."
financial-education,META,us,buy,up,high,2026-05-20,2026-05-20,1y,META,True,605.06,-0.046,0.0074,-0.0534,-0.046,False,True,,1200,1y,https://www.youtube.com/watch?v=1BBlwjC6QNY,"Have patience with Meta...when it makes its next run, it's going to be epic and it will run to like $1,200. When does that happen? Is it 3 months, 6 months, 2 years from now? Your guess is as good as mine, but it will happen."
financial-education,ELF,us,buy,up,high,2026-05-20,2026-05-20,1y,ELF,False,50.72,0.2658,0.0074,0.2584,0.2658,True,True,,,1y,https://www.youtube.com/watch?v=1BBlwjC6QNY,ELF Beauty. ELF is a huge buy huge buy...bare case has 9% revenue growth and 9% net income growth...still getting a 21% CAGR midpoint. Elf Beauty slapping my hand on the table. It's a buy.
financial-education,CAKE,us,buy,up,med,2026-05-20,2026-05-20,1y,CAKE,False,60.3,0.2801,0.0074,0.2727,0.2801,True,True,,,1y,https://www.youtube.com/watch?v=1BBlwjC6QNY,"Cheesecake Factory...21 to 27% compounding on your growth rate on this company right and don't forget the dividends...a great dividend stock, and there's just a stable business model."
financial-education,SOFI,us,buy,up,med,2026-05-20,2026-05-20,1y,SOFI,False,15.69,0.1415,0.0074,0.1341,0.1415,True,True,,,1y,https://www.youtube.com/watch?v=1BBlwjC6QNY,SoFi Technologies $16 stock...Lot of gains still to come in SoFi...this company should be a company that long-term over the next decade should become a company that's hundred billion dollar plus market cap.
financial-education,DUOL,us,sell,down,high,2025-09-20,2025-09-22,6m,DUOL,False,309.34,-0.683,-0.0219,0.6612,0.683,True,True,,180,6m,https://www.youtube.com/watch?v=1GjKJ86sHtQ,"I hedged against [Duolingo]...revenue growth next year my base case has them at 20%...stock price in 2026 likely goes to 170 to 190. Market gets hit, the stock's going night night. Put options, 260 strike price, March 20th 2026."
financial-education,EL,us,buy,up,high,2025-09-20,2025-09-22,1y,EL,True,86.3382,-0.0177,0.1262,-0.1439,-0.0177,False,True,,250,1y,https://www.youtube.com/watch?v=1GjKJ86sHtQ,I believe this stock is going to the $200 to $300 range in the next 36 months. The bottom's already in for the stock. We hit that bottom in the 50s and that was it.
financial-education,NKE,us,buy,up,med,2025-09-20,2025-09-22,1y,NKE,True,69.7368,-0.3518,0.1262,-0.478,-0.3518,False,True,,,1y,https://www.youtube.com/watch?v=1GjKJ86sHtQ,"Este reminds me so much of Nike...people will look back at Estee Lauder and Nike and be like, we should have placed some chips on the table on those two brands. You don't want to go against those two brands."
financial-education,NKE,us,buy,up,high,2026-06-09,2026-06-09,1m,NKE,True,44.65,0.0123,0.0,0.0123,0.0123,True,True,,60,1m,https://www.youtube.com/watch?v=FLfRxSDaKUw,I believe this stock has a dramatic move up ahead. I believe the move could even start as early as this week. And we'll see that stock make a rapid run to 60 plus.
financial-education,ELF,us,buy,up,high,2026-06-09,2026-06-09,6m,ELF,False,55.67,0.1532,0.0,0.1532,0.1532,True,True,,90,6m,https://www.youtube.com/watch?v=FLfRxSDaKUw,I think the stock can rise to $90 pretty darn quickly over the next 6 to 12 months. Elf long term is a 200-plus dollar stock. I'm trying to buy the stock as aggressively as possible.
financial-education,CELH,us,buy,up,med,2026-06-09,2026-06-09,1y,CELH,False,28.19,0.0926,0.0,0.0926,0.0926,True,True,,45,1y,https://www.youtube.com/watch?v=FLfRxSDaKUw,"Celsius is poised to go on a massive run. Mid-20s right now, I wouldn't be surprised if the stock's mid-40s within the next 9 to 12 months."
financial-education,AMD,us,buy,up,high,2026-06-09,2026-06-09,6m,AMD,True,475.51,0.1301,0.0,0.1301,0.1301,True,True,,,6m,https://www.youtube.com/watch?v=FLfRxSDaKUw,"AMD has shown no signs that this run is over. I think we're going to end up having with AMD two straight quarters with shock and awes. And when Nvidia started coming out with shock and awe quarters, the run was insane."
financial-education,NOW,us,buy,up,med,2026-06-09,2026-06-09,6m,NOW,True,106.97,-0.1115,0.0,-0.1115,-0.1115,False,True,,,6m,https://www.youtube.com/watch?v=FLfRxSDaKUw,"ServiceNow, NOW stock. This stock has clearly shown it's bottomed, right? And it's in an upward cycle from here. As more and more Wall Streeters start to understand the agentic opportunity for ServiceNow, I think you'll see more momentum."
financial-education,META,us,buy,up,med,2026-01-20,2026-01-20,6m,META,True,603.6032,-0.0437,0.1051,-0.1488,-0.0437,False,True,,1300,,https://www.youtube.com/watch?v=GEdvZf9Mk4I,"Is it possible Meta could go to $1,200 to $1,400 over the next 36 months and I can make a million dollars right there alone? Possible. very possible."
financial-education,AMD,us,buy,up,med,2026-01-20,2026-01-20,6m,AMD,True,231.92,1.317,0.1051,1.212,1.317,True,True,,600,,https://www.youtube.com/watch?v=GEdvZf9Mk4I,"Is it possible AMD goes 600 in the next 36 months, right? So, we get another million out of AMD here in terms of gains. That's very possible if they 450 series sells as strong as I think they're going to sell."
financial-education,EL,us,buy,up,med,2026-01-20,2026-01-20,6m,EL,True,113.6625,-0.2538,0.1051,-0.3589,-0.2538,False,True,,300,,https://www.youtube.com/watch?v=GEdvZf9Mk4I,"Estee Lauder, I think I see this stock going 300 honestly in the next the way I'm starting to see this turnaround. I think 300's a possibility over the next 36 months."
financial-education,CELH,us,buy,up,med,2026-01-20,2026-01-20,6m,CELH,False,56.69,-0.4567,0.1051,-0.5618,-0.4567,False,True,,100,,https://www.youtube.com/watch?v=GEdvZf9Mk4I,"Celsius, I can see that stock going to 100 plus. Its all-time high is right around 100 or just under 100. Drink giant on the way for Celsius."
financial-education,CAKE,us,buy,up,med,2026-01-20,2026-01-20,6m,CAKE,False,57.1143,0.3515,0.1051,0.2464,0.3515,True,True,,100,,https://www.youtube.com/watch?v=GEdvZf9Mk4I,"Cheesecake Factory, that stock I can see going 100 plus in the next 3 years. When we think about the growth there, as people understand Flowerchild North tally opportunity better."
financial-education,NKE,us,buy,up,high,2026-01-20,2026-01-20,1y,NKE,True,62.6498,-0.2785,0.1051,-0.3836,-0.2785,False,True,,,1y,https://www.youtube.com/watch?v=GEdvZf9Mk4I,"Nike, that's a stock I think the turnaround's already going on and it's going well. I think by the time you get to this point next year, every market can be positive for Nike. Wall Street will come flooding back. 100 plus all-time high for Nike."
financial-education,AMZN,us,buy,up,med,2026-01-20,2026-01-20,1y,AMZN,True,231.0,0.058,0.1051,-0.0471,0.058,False,True,,,1y,https://www.youtube.com/watch?v=GEdvZf9Mk4I,"Amazon feels like it's on the plateau of like going for a big move. If you can see continued AWS growth acceleration in 26, I don't see them keeping Amazon in those 220 or below range. I think we'll see significant upside for Amazon stock."
financial-education,PYPL,us,buy,up,med,2026-01-20,2026-01-20,6m,PYPL,True,54.7333,-0.2233,0.1051,-0.3284,-0.2233,False,True,,150,,https://www.youtube.com/watch?v=GEdvZf9Mk4I,PayPal 150 plus. I could see that over the next three years. The valuation is dirt cheap on this one. They're getting into banking as well. I could see them potentially accelerating growth rates over the next few years.
financial-education,ADBE,us,buy,up,med,2026-01-20,2026-01-20,6m,ADBE,True,290.37,-0.3279,0.1051,-0.433,-0.3279,False,True,,600,,https://www.youtube.com/watch?v=GEdvZf9Mk4I,"Adobe 600 plus is that possible for Adobe considering how strong the numbers are and how cheap the valuation is, is possible."
financial-education,ELF,us,buy,up,med,2026-01-20,2026-01-20,6m,ELF,False,89.04,-0.279,0.1051,-0.3841,-0.279,False,True,,200,,https://www.youtube.com/watch?v=GEdvZf9Mk4I,ELF new all-time highs in the next 36 months. I definitely see that being very very possible. All-time highs in ELF stock is 200 plus.
financial-education,AXP,us,buy,up,med,2026-01-20,2026-01-20,6m,AXP,True,351.0801,-0.0373,0.1051,-0.1423,-0.0373,False,True,,500,,https://www.youtube.com/watch?v=GEdvZf9Mk4I,"American Express 500 plus is definitely possible for that sleepy stock and that's just, you know, just a money maker."
financial-education,CRM,us,buy,up,med,2026-01-20,2026-01-20,6m,CRM,True,219.521,-0.3086,0.1051,-0.4137,-0.3086,False,True,,400,,https://www.youtube.com/watch?v=GEdvZf9Mk4I,"As far as sales force go, CRM 400 plus is possible in my opinion in regards to sales force. So definitely significant upside potential here."
financial-education,FUBO,us,buy,up,med,2026-01-20,2026-01-20,1y,FUBO,False,30.84,-0.701,0.1051,-0.8061,-0.701,False,True,,10,1y,https://www.youtube.com/watch?v=GEdvZf9Mk4I,"Fubo, $10 plus is possible. I think even by this time next year, people will understand Fubo. I think no one understands it right now."
financial-education,HNST,us,buy,up,low,2026-01-20,2026-01-20,6m,HNST,False,2.45,0.5388,0.1051,0.4337,0.5388,True,True,,10,,https://www.youtube.com/watch?v=GEdvZf9Mk4I,Honest $10 plus I can see in the next 36 months or bought out. It's possible somebody ends up buying them out in the next couple years.
financial-education,SHOP,us,buy,up,high,2026-01-20,2026-01-20,6m,SHOP,False,144.5,-0.2467,0.1051,-0.3518,-0.2467,False,True,,,,https://www.youtube.com/watch?v=GEdvZf9Mk4I,Shopify. My opinion is the most underrated big tech company in the world. It's the second biggest position for me in the Patreon portfolio. It's over 10% waiting which shows how much I believe in this particular stock. Up 157% on Shopify stock.
financial-education,AMD,us,buy,up,high,2026-03-20,2026-03-20,3m,AMD,True,201.33,1.6691,0.1514,1.5177,1.6691,True,True,,350,3m,https://www.youtube.com/watch?v=GFCg0iuMq20,AMD could go to $300 to $400 within the next 4 months if you understand how fast a hype cycle can go and how insane it can be.
financial-education,NVDA,us,hold-avoid,neutral,med,2026-03-20,2026-03-20,6m,NVDA,True,172.4989,0.2214,0.1514,-0.07,-0.2214,False,True,,,,https://www.youtube.com/watch?v=GFCg0iuMq20,Nvidia is going to be stuck between 125 and 200 for years. AMD is going to eat a lot of Nvidia's money. These growth rates are going to start becoming a lot more mundane. No one's willing to buy Nvidia.
financial-education,CRM,us,buy,up,high,2026-03-20,2026-03-20,1m,CRM,True,194.8926,-0.0654,0.0949,-0.1604,-0.0654,False,True,,,1m,https://www.youtube.com/watch?v=GFCg0iuMq20,I need to keep adding to this position. I'm trying to buy as many shares I can while the company's also buying as many shares as they can. I'm very confident Salesforce has a future on lock.
financial-education,HNST,us,buy,up,high,2026-03-20,2026-03-20,1m,HNST,False,2.67,0.2659,0.0949,0.171,0.2659,True,True,,,1m,https://www.youtube.com/watch?v=GFCg0iuMq20,"As long as everything checks out, I'm a buyer of Honest. I'll probably be a heavy buyer. Actually, I'm more confident in the company than ever. If that conference call is good, I load up. I load up. We'll own the whole company."
financial-education,AMD,us,buy,up,high,2026-02-20,2026-02-20,3m,AMD,True,200.15,1.3358,0.0845,1.2513,1.3358,True,True,,500,3m,https://www.youtube.com/watch?v=GXH1wW9d7YA,"I am extremely confident AMD can go to 500 plus in the next 24 to 36 months. My base case, the stock goes to high $600 range to $800 range over the next four years."
financial-education,ADBE,us,buy,up,med,2026-02-20,2026-02-20,1y,ADBE,True,258.61,-0.2454,0.0861,-0.3314,-0.2454,False,True,,,1y,https://www.youtube.com/watch?v=GXH1wW9d7YA,"I did about a $13,600 buy of Adobe here today... Adobe Salesforce and Service Now are some of the best business models in the world trading at unbelievable discounts. I think those are all double and triple up opportunities over the next 3 to 5 years."
financial-education,CRM,us,buy,up,med,2026-02-20,2026-02-20,1y,CRM,True,184.6981,-0.1782,0.0861,-0.2643,-0.1782,False,True,,,1y,https://www.youtube.com/watch?v=GXH1wW9d7YA,"Salesforce CRM. Bought a 100 shares of Salesforce. Just under a $20,000 move... Adobe Salesforce and Service Now are some of the best business models in the world trading at unbelievable discounts. I think those are all double and triple up opportunities over the next 3 to 5 years."
financial-education,NOW,us,buy,up,med,2026-02-20,2026-02-20,1y,NOW,True,104.27,-0.0885,0.0861,-0.1746,-0.0885,False,True,,,1y,https://www.youtube.com/watch?v=GXH1wW9d7YA,"Service Now, 190 shares of Service Now I bought here today. It's almost a $21,000 move... Adobe Salesforce and Service Now are some of the best business models in the world... I think those are all double and triple up opportunities over the next 3 to 5 years."
financial-education,PYPL,us,buy,up,low,2026-02-20,2026-02-20,1y,PYPL,True,41.3878,0.0271,0.0861,-0.059,0.0271,False,True,,,1y,https://www.youtube.com/watch?v=GXH1wW9d7YA,PayPal. I'm going be honest with you guys. This was a hold my nose and buy... the numbers are very good out of PayPal. It was a B+ income statement. Balance sheet's good. Cash flow is good.
financial-education,FUBO,us,buy,up,low,2026-02-20,2026-02-20,1y,FUBO,False,14.88,-0.3804,0.0861,-0.4665,-0.3804,False,True,,,1y,https://www.youtube.com/watch?v=GXH1wW9d7YA,"Fubo. No one wants Fubo. I'll be buy the last few shares of that one... $5,400 buy. 3,000 shares of Fubo I bought here today... the financials are getting a lot better."
financial-education,AMD,us,buy,up,high,2026-05-20,2026-05-20,1y,AMD,True,447.58,0.2006,0.0074,0.1932,0.2006,True,True,,1000,1y,https://www.youtube.com/watch?v=GjWWOR5YQJ0,"I have this stock going to a $1,000 plus stock my base case now. AMD could run to $1,000 or even $1,500 in the next year or two. AMD in the 400s is still a steal deal. It's party on, man."
financial-education,SHOP,us,buy,up,med,2026-05-20,2026-05-20,1y,SHOP,False,105.01,0.0366,0.0074,0.0292,0.0366,True,True,,,1y,https://www.youtube.com/watch?v=GjWWOR5YQJ0,"Shopify is a buy. They just reported 34% revenue growth. Forward P on the stock, 31. That's too low. Too low for a company growing revenue in the 30s. I think there's a lot more gains ahead over time for Shopify."
financial-education,RVLV,us,buy,up,med,2026-05-20,2026-05-20,1y,RVLV,False,18.65,0.1684,0.0074,0.161,0.1684,True,True,,,1y,https://www.youtube.com/watch?v=GjWWOR5YQJ0,"RVLV, company name Revolve... It's a huge steal deal for this one... Way too cheap in my opinion. Forward P on this one, 21. Way too cheap. We're talking about a company that's growing mid-teens percentage. Way too damn cheap."
financial-education,NFLX,us,buy,up,high,2026-06-18,,,,,,,,,,,False,no exit price in any horizon,,1y,https://www.youtube.com/watch?v=Gy3fzD0h4Ns,"I spent over $60,000 on Netflix stock... Netflix as of right now looks like a company on the trajectory to join the trillion dollar boys club at some point in the early 2030s. Way too discounted right now."
financial-education,NOW,us,buy,up,med,2026-06-18,,,,,,,,,,,False,no exit price in any horizon,,1y,https://www.youtube.com/watch?v=Gy3fzD0h4Ns,"If you like a stock like Service Now for the long term and you believe that's going to be a 200, 300, 400, $500 stock, you want to be stepping in on days when that stock's down huge."
financial-education,META,us,buy,up,med,2026-06-18,,,,,,,,,,,False,no exit price in any horizon,1000,1y,https://www.youtube.com/watch?v=Gy3fzD0h4Ns,"A stock like Meta that's already beaten down... gets beaten down even heavier when you get a big down day like today... If you know Meta is a stock that you believe long term is a thousand, $2,000 stock, you want to be stepping in when the market's getting really shaky."
financial-education,INTU,us,buy,up,low,2026-06-18,,,,,,,,,,,False,no exit price in any horizon,,1y,https://www.youtube.com/watch?v=Gy3fzD0h4Ns,"If you're like all this AI hype is overblown, people are still going to be using TurboTax and QuickBooks... let's say you pick up a stock like Intuit on a day like today, right? Because it's already beaten down heavy and then it just got smashed again another 4%."
financial-education,SHOP,us,buy,up,med,2026-06-18,,,,,,,,,,,False,no exit price in any horizon,,1y,https://www.youtube.com/watch?v=Gy3fzD0h4Ns,Look at a stock like Shopify 4 and a half% move down... These are the sorts of stocks you want to look to and look for when the market's going through major volatility.
financial-education,EL,us,buy,up,high,2026-05-23,2026-05-26,6m,EL,True,86.2664,-0.0169,-0.0051,-0.0118,-0.0169,False,True,,200,,https://www.youtube.com/watch?v=H8_z-4sMRWw,"Tomorrow if it's $88, $90, it's still a buy. I believe Estee Lauder long term is a $200 plus stock."
financial-education,NKE,us,buy,up,high,2026-05-23,2026-05-26,1y,NKE,True,44.5414,0.0148,-0.0051,0.0199,0.0148,True,True,,75,1y,https://www.youtube.com/watch?v=H8_z-4sMRWw,"Nike's next up... you're going to look a year from now and it's going to be like a $70, $80 stock... Every time I think I'm done buying Nike, I got to buy more. $44.39."
financial-education,ADBE,us,hold-avoid,neutral,high,2026-05-23,2026-05-26,6m,ADBE,True,240.49,-0.1885,-0.0051,0.1834,0.1885,True,True,,,,https://www.youtube.com/watch?v=H8_z-4sMRWw,"I'm just worried that it's going to be a low-returning stock or a dead money stock for years... It feels a lot like PayPal, man. Could there be more downside? There's a potential."
financial-education,AXP,us,buy,up,med,2026-05-23,2026-05-26,6m,AXP,True,310.72,0.0878,-0.0051,0.0929,0.0878,True,True,,,,https://www.youtube.com/watch?v=H8_z-4sMRWw,"American Express, AXP... double-digit earnings per share growth as far as I can see... 17 forward P right now... two-year forward P 13. That's phenomenal."
financial-education,NOW,us,buy,up,med,2026-05-23,2026-05-26,6m,NOW,True,99.92,-0.0488,-0.0051,-0.0437,-0.0488,False,True,,,,https://www.youtube.com/watch?v=H8_z-4sMRWw,Bought some ServiceNow stock here today... I think they're actually going to be AI beneficiaries... ServiceNow should be fine and should actually thrive in future years.
financial-education,CELH,us,buy,up,high,2026-05-23,2026-05-26,6m,CELH,False,29.67,0.0381,-0.0051,0.0432,0.0381,True,True,,,,https://www.youtube.com/watch?v=H8_z-4sMRWw,"I'm not done buying Celsius, by the way. I'm going to be buying Celsius for a while... even Celsius at 40, 45, still a huge buy. This is why Celsius is a must buy for me right now."
financial-education,HNST,us,buy,up,med,2026-05-23,2026-05-26,6m,HNST,False,3.56,0.059,-0.0051,0.0641,0.059,True,True,,10,,https://www.youtube.com/watch?v=H8_z-4sMRWw,"I bought 5,000 shares of Honest... I love everything that's going on there... I think that stock's going to be a $10 plus stock."
financial-education,ELF,us,buy,up,high,2026-05-23,2026-05-26,6m,ELF,False,54.13,0.186,-0.0051,0.1912,0.186,True,True,,200,,https://www.youtube.com/watch?v=H8_z-4sMRWw,"I think Estee Lauder and Elf are both going to be up there... I believe Estee Lauder long term is a $200 plus stock, kind of like I do believe that with Elf."
financial-education,FUBO,us,buy,up,low,2026-05-23,2026-05-26,6m,FUBO,False,9.52,-0.0315,-0.0051,-0.0264,-0.0315,False,True,,,,https://www.youtube.com/watch?v=H8_z-4sMRWw,"Next one I bought here today, Fubo... They've turned around that business model in a massive way... just a very speculative stock, but if it works, it's going to work."
financial-education,CELH,us,buy,up,high,2026-06-11,2026-06-11,6m,CELH,False,28.4,0.0845,0.0148,0.0697,0.0845,True,True,,,,https://www.youtube.com/watch?v=IKAbT988Gko,Celsius is a huge long-term opportunity. That stock today is $28... Celsius has 10-20 years of growth ahead of that company... definitely one that I'm investing heavy into.
financial-education,ELF,us,buy,up,high,2026-06-11,2026-06-11,6m,ELF,False,60.68,0.058,0.0148,0.0432,0.058,True,True,,200,,https://www.youtube.com/watch?v=IKAbT988Gko,"ELF is another huge long-term upside stock... El's a $58 stock here today. Long-term, I think that stock's 200 plus. I just bought shares in the public account here recently."
financial-education,SOFI,us,buy,up,high,2026-06-11,2026-06-11,6m,SOFI,False,16.67,0.0744,0.0148,0.0596,0.0744,True,True,,,,https://www.youtube.com/watch?v=IKAbT988Gko,"SoFi, $15. I love it... I have 0% interest in selling SoFi... this company has a long-term potential to become a financial giant... this could be a life-changing type stock."
financial-education,AMD,us,buy,up,high,2026-06-11,2026-06-11,6m,AMD,True,488.45,0.1002,0.0148,0.0854,0.1002,True,True,,1000,,https://www.youtube.com/watch?v=IKAbT988Gko,"AMD big long-term opportunity still... this stock can still give me likely a 30%ish CAGR over the next several years. This stock's likely going to $1,000 plus. That's why I'm not selling AMD."
financial-education,PLTR,us,buy,up,low,2026-06-11,2026-06-11,6m,PLTR,True,131.08,-0.0199,0.0148,-0.0347,-0.0199,False,True,,,,https://www.youtube.com/watch?v=IKAbT988Gko,"Palanteer actually, you know, not my favorite buy right now, but I actually wouldn't mind buying it. Their numbers are better than ever."
financial-education,GOOGL,us,buy,up,high,2025-09-20,2025-09-22,1y,GOOGL,True,252.1874,0.4594,0.1262,0.3332,0.4594,True,True,,,1y,https://www.youtube.com/watch?v=JMs-TiPbSeE,I'll let those ride. I got to keep buying Google McDougall in the Patreon portfolio. And when do I stop buying Google? I would say 275 and over. I would stop buying Google essentially.
financial-education,NKE,us,buy,up,high,2025-09-20,2025-09-22,1y,NKE,True,69.7368,-0.3518,0.1262,-0.478,-0.3518,False,True,,,1y,https://www.youtube.com/watch?v=JMs-TiPbSeE,I'm 0% worried. Nike's already bottomed. It gets better in 26 and it gets a lot better in 27. I bought 77 shares of Nike.
financial-education,HNST,us,buy,up,med,2025-09-20,2025-09-22,1y,HNST,False,3.94,-0.0431,0.1262,-0.1693,-0.0431,False,True,,,1y,https://www.youtube.com/watch?v=JMs-TiPbSeE,Honest just way too cheap. I'm looking at the stock at 383 here today. I think the stock's been heavily disrespected and I don't think it's going to remain like that.
financial-education,ADBE,us,buy,up,high,2025-09-20,2025-09-22,1y,ADBE,True,364.08,-0.464,0.1262,-0.5902,-0.464,False,True,,,1y,https://www.youtube.com/watch?v=JMs-TiPbSeE,"I see Adobe and I see a Google 2.0 situation. I see a stock that as soon as it starts to move, it'll move 50%. I wouldn't be surprised if it's a year in the future and I'm up 50% plus on Adobe."
financial-education,WHR,us,buy,up,med,2025-09-20,2025-09-22,6m,WHR,False,79.0089,-0.3386,-0.0219,-0.3167,-0.3386,False,True,,,3y,https://www.youtube.com/watch?v=JMs-TiPbSeE,"I think the stock's going to do great 26, 27, 28. Start a position today in the public account. $9081, 110 shares."
financial-education,AAPL,us,buy,up,med,2025-09-20,2025-09-22,6m,AAPL,True,255.3576,-0.0297,-0.0219,-0.0079,-0.0297,False,True,,,,https://www.youtube.com/watch?v=JMs-TiPbSeE,I think this is bigger than just great news for Google. Apple — profit's going to keep pouring in there. There's a stock that's arguably benefits even more from this — it's Apple.
financial-education,CRM,us,buy,up,high,2026-04-20,2026-04-20,6m,CRM,True,186.27,-0.1852,0.0536,-0.2388,-0.1852,False,True,,,3y,https://www.youtube.com/watch?v=JgFxMUqHHlg,I think it's very early days in regards to Salesforce and ServiceNow. You're getting Salesforce around the same price you were paying back in 2018. I think Wall Street's missing it in a huge way.
financial-education,NOW,us,buy,up,high,2026-04-20,2026-04-20,6m,NOW,True,99.72,-0.0469,0.0536,-0.1006,-0.0469,False,True,,,3y,https://www.youtube.com/watch?v=JgFxMUqHHlg,"ServiceNow, you're getting this stock for around the same price it was six years ago. I think it's actually very early days. Wall Street's missing it in a huge way once again."
financial-education,SOFI,us,buy,up,high,2026-05-20,2026-05-20,1y,SOFI,False,15.69,0.1415,0.0074,0.1341,0.1415,True,True,,,1y,https://www.youtube.com/watch?v=JrRE9eFUDuI,"Even at $16, this is still a huge buy in my personal opinion. Under $15 is a great buy zone for SoFi. 15 to $20, very good buy zone. I'm up 95% on this position."
financial-education,NOW,us,buy,up,high,2026-05-20,2026-05-20,6m,NOW,True,103.3,-0.08,0.0074,-0.0874,-0.08,False,True,,257,3y,https://www.youtube.com/watch?v=JrRE9eFUDuI,"ServiceNow is a buy. And it's a buy, and it's a buy. My base case puts the stock between about $237 and $277, giving me a CAGR of about 30%. Stock down 52% the past year at $91."
financial-education,ELF,us,buy,up,high,2026-05-20,2026-05-20,6m,ELF,False,50.72,0.2658,0.0074,0.2584,0.2658,True,True,,,3y,https://www.youtube.com/watch?v=JrRE9eFUDuI,Anything under $100 is a buy until you cry. I believe this is a $200 plus stock over the next few years and I can pick up shares today for 61 bucks. Base case 35% to 40% CAGR.
financial-education,CELH,us,buy,up,high,2026-05-20,2026-05-20,1y,CELH,False,28.63,0.0758,0.0074,0.0684,0.0758,True,True,,67,1y,https://www.youtube.com/watch?v=JrRE9eFUDuI,Celsius is a huge buy. Stock could go to somewhere between 50 and $70 over the next 12 months. JP Morgan price target $67. Base case 25 to 30% CAGR. Stock at $33.
financial-education,META,us,buy,up,med,2025-12-20,2025-12-22,1y,META,True,660.9341,-0.1267,0.0934,-0.22,-0.1267,False,True,,,1y,https://www.youtube.com/watch?v=Jx7lKG3x9ds,"if you look at the PE ratios of it, the stock actually screams undervalued right now"
financial-education,META,us,buy,up,high,2026-02-20,2026-02-20,1y,META,True,655.0991,-0.1189,0.0861,-0.205,-0.1189,False,True,,1000,1y,https://www.youtube.com/watch?v=LCgOD_JndyI,"If the street can look past the spend, Meta is spending a fortune right now on AI related chips...the stocks going to a $1,000 plus this year, ladies and gentlemen, this year."
financial-education,AMD,us,buy,up,med,2026-02-20,2026-02-20,6m,AMD,True,200.15,1.6848,0.0861,1.5988,1.6848,True,True,,350,6m,https://www.youtube.com/watch?v=LCgOD_JndyI,$300 to $400 is realistic before we take a breather on this stock.
financial-education,PYPL,us,buy,up,med,2026-02-20,2026-02-20,6m,PYPL,True,41.3878,0.0271,0.0861,-0.059,0.0271,False,True,,,3y,https://www.youtube.com/watch?v=LCgOD_JndyI,"PayPal, I think it's a great buy. Maybe I'm wrong. It's a risk I'm willing to take."
financial-education,CELH,us,buy,up,med,2026-04-20,2026-04-20,6m,CELH,False,33.78,-0.0882,0.0536,-0.1419,-0.0882,False,True,,75,3y,https://www.youtube.com/watch?v=MDcoPZ5cAbg,"My base case, this is just a fancy way of saying what I actually expect, I expect Celsius to be somewhere in the $75 range 3 years from now."
financial-education,ELF,us,buy,up,high,2026-04-20,2026-04-20,6m,ELF,False,68.42,-0.0617,0.0536,-0.1153,-0.0617,False,True,,140,3y,https://www.youtube.com/watch?v=MDcoPZ5cAbg,"My base case...I think the stock's going to be a $140 stock or so 3 years from now. And then if things go much better than I anticipate, the stock will be over $200."
financial-education,SOFI,us,buy,up,med,2026-04-20,2026-04-20,6m,SOFI,False,19.5,-0.0815,0.0536,-0.1352,-0.0815,False,True,,35,3y,https://www.youtube.com/watch?v=MDcoPZ5cAbg,"Base case, this is what I expect for the stock. I expect it to be $35 stock in three years from now."
financial-education,CAKE,us,buy,up,med,2026-04-20,2026-04-20,6m,CAKE,False,61.8331,0.2484,0.0536,0.1947,0.2484,True,True,,80,3y,https://www.youtube.com/watch?v=MDcoPZ5cAbg,"Base case, $80. Bull case is $100 plus. Now, you got to understand you also get paid dividends every 3 months for the stock."
financial-education,HOOD,us,buy,up,med,2026-04-20,2026-04-20,6m,HOOD,True,91.275,0.1849,0.0536,0.1312,0.1849,True,True,,120,3y,https://www.youtube.com/watch?v=MDcoPZ5cAbg,Base case I have on this one is 120 for the Hood. Bull case for Hood I have over the next 3 years is 150 plus.
financial-education,NKE,us,buy,up,high,2026-04-20,2026-04-20,6m,NKE,True,46.0678,-0.0188,0.0536,-0.0725,-0.0188,False,True,,120,3y,https://www.youtube.com/watch?v=MDcoPZ5cAbg,My base case for Nike now over the next 3 years is 120. 120...My bull case for Nike is 180 plus.
financial-education,HNST,us,buy,up,med,2026-04-20,2026-04-20,6m,HNST,False,3.47,0.0865,0.0536,0.0328,0.0865,True,True,,10,3y,https://www.youtube.com/watch?v=MDcoPZ5cAbg,My bear case for Honest over the next 3 years is $5. My base case for Honest over the next 3 years is $10. And my bull case for Honest over the next 3 years is 15 plus dollars.
financial-education,FUBO,us,buy,up,med,2026-04-20,2026-04-20,6m,FUBO,False,13.29,-0.3062,0.0536,-0.3599,-0.3062,False,True,,25,3y,https://www.youtube.com/watch?v=MDcoPZ5cAbg,"Currently, the stock's $12. My bear case is $12 for the stock over the next 3 years. My base case, $25. And my bull case is $100 plus dollars 3 years from now."
financial-education,EL,us,buy,up,med,2026-04-20,2026-04-20,6m,EL,True,77.5501,0.0936,0.0536,0.04,0.0936,True,True,,155,3y,https://www.youtube.com/watch?v=MDcoPZ5cAbg,"My base case for EL, 155 3 years out. My bull case for EL is 200 plus 3 years from now. I like EL stock a whole lot."
financial-education,BBWI,us,buy,up,med,2026-04-20,2026-04-20,6m,BBWI,False,20.9,-0.0163,0.0536,-0.0699,-0.0163,False,True,,32,3y,https://www.youtube.com/watch?v=MDcoPZ5cAbg,Bear case on the stock the next 3 years is 25 for me. It's 18 right now. Base case 32. Bull case 40 plus. I like Bath & Body Works...I think it's a very attractively priced stock.
financial-education,NOW,us,buy,up,med,2026-04-20,2026-04-20,6m,NOW,True,99.72,-0.0469,0.0536,-0.1006,-0.0469,False,True,,,3y,https://www.youtube.com/watch?v=MDcoPZ5cAbg,For SAS company it's just it's a buy. What can I say about it? It's a buy at $99 or anywhere near this price.
financial-education,CELH,us,buy,up,high,2025-10-20,2025-10-20,1y,CELH,False,64.45,-0.5221,0.1187,-0.6408,-0.5221,False,True,,,1y,https://www.youtube.com/watch?v=MHN1S7o8s6M,"I'd rather buy the stock today at $51... there's too much growth opportunity for this company over the next 5 10 years when you think about all the US distribution and market share they could grab. Celsius, absolutely beautiful stock."
financial-education,ELF,us,buy,up,high,2025-10-20,2025-10-20,1y,ELF,False,127.42,-0.4962,0.1187,-0.6149,-0.4962,False,True,,200,1y,https://www.youtube.com/watch?v=MHN1S7o8s6M,"Where's the stock price headed? In my opinion, it's headed to 200 plus in the next nine months. I don't think there's any way it doesn't. When people start to see these growth rates, they're going to flood back into ELF."
financial-education,META,us,buy,up,high,2025-10-20,2025-10-20,1y,META,True,730.9475,-0.2103,0.1187,-0.329,-0.2103,False,True,,1700,1y,https://www.youtube.com/watch?v=MHN1S7o8s6M,"Meta stock is still a buy. This stock is still a heavy buy. Base case puts the stock between $1,600 and $1,800 by 2029. Even in my bare case Meta stock will still outperform the S&P 500."
financial-education,AMD,us,buy,up,med,2025-10-20,2025-10-20,1y,AMD,True,240.56,1.2338,0.1187,1.1151,1.2338,True,True,,,1y,https://www.youtube.com/watch?v=MHN1S7o8s6M,AMD has now started the race and now they're catching up rapidly with Nvidia. I think they're going to hit 50% plus type revenue growth. I'd be shocked if AMD doesn't grow at at least a 30% plus clip every quarter.
financial-education,SOFI,us,buy,up,med,2025-10-20,2025-10-20,1y,SOFI,False,28.68,-0.3755,0.1187,-0.4942,-0.3755,False,True,,,1y,https://www.youtube.com/watch?v=MHN1S7o8s6M,"SoFi, I love this stock. It's been a great stock over the past 5 years. The big payoff, it's coming. It's coming down the road. The revenue growth of this company is exploding upward now at this point in time."
financial-education,TSLA,us,sell,down,med,2025-10-20,2025-10-20,3m,TSLA,True,447.43,-0.0222,0.0334,0.0556,0.0222,True,True,,,3m,https://www.youtube.com/watch?v=MaaFn1kPGjA,"I went ahead and bought 22,222 shares of TSLZ. That's a 2x leverage against Tesla stock. If the market goes risk off, Tesla's going to come crumbling down. Could that stock go down 15, 20, 30%? It happens all the time."
financial-education,PLTR,us,sell,down,med,2025-10-20,2025-10-20,3m,PLTR,True,181.59,-0.0585,0.0334,0.0919,0.0585,True,True,,,3m,https://www.youtube.com/watch?v=MaaFn1kPGjA,"I also went ahead and bought 222 shares of PLTZ, a 2x leverage against Palanteer stock. If the market goes risk off, Palanteer is going to go down quite substantially. Could that stock go down 20, 30, 40%? Of course."
financial-education,HNST,us,buy,up,med,2025-10-20,2025-10-20,1y,HNST,False,3.61,0.0443,0.1187,-0.0744,0.0443,False,True,,,1y,https://www.youtube.com/watch?v=NBUV73ghMgE,I think this is going to a one to two billion dollar market cap before we get to the 2030s. Right now it's a 400 million dollar market cap. This is a type of stock that I think can 3x or maybe even more than 3x over the next 4 years.
financial-education,CRM,us,buy,up,med,2025-10-20,2025-10-20,1y,CRM,True,253.2369,-0.4006,0.1187,-0.5194,-0.4006,False,True,,,1y,https://www.youtube.com/watch?v=NBUV73ghMgE,"I feel very comfortable investing into Salesforce. This next 36 months is key. Get everybody to use Agent Force product. The valuation on the stock is about the lowest you'll find in the last 10, 15, 20 years for the stock."
financial-education,ADBE,us,buy,up,med,2025-10-20,2025-10-20,1y,ADBE,True,343.4,-0.4317,0.1187,-0.5504,-0.4317,False,True,,,1y,https://www.youtube.com/watch?v=NBUV73ghMgE,"My base case for Adobe stock is very conservative 8% revenue growth, 10% net income growth, compound annual growth rate between 15 and 20%. That's why the stock's a buy. I like Adobe a whole lot."
financial-education,NKE,us,buy,up,high,2025-10-20,2025-10-20,1y,NKE,True,66.156,-0.3168,0.1187,-0.4355,-0.3168,False,True,,175,1y,https://www.youtube.com/watch?v=NBUV73ghMgE,Deal of a generation on this stock. In 2025 this is a generational buying opportunity in regards to Nike. I think a return to glory is happening in this next 24 to 36 months and we'll see the stock go to the 150 to 200 dollar level.
financial-education,PYPL,us,buy,up,med,2025-10-20,2025-10-20,1y,PYPL,True,68.6058,-0.3804,0.1187,-0.4991,-0.3804,False,True,,130,1y,https://www.youtube.com/watch?v=NBUV73ghMgE,"The path to $130 on the stock, I think it's easy over the next 12 to 24 months as long as they post high single digit revenue growth. If they ever got back to low double-digit growth, we'll be talking PayPal 200."
financial-education,AMZN,us,buy,up,high,2025-10-20,2025-10-20,1y,AMZN,True,216.48,0.1289,0.1187,0.0102,0.1289,True,True,,530,1y,https://www.youtube.com/watch?v=NBUV73ghMgE,Bull case puts the stock somewhere between about $500 and about $560. Bear case still gives me a compound annual growth rate double-digits. It's impossible not to buy Amazon right now. That's why you see me continue to buy shares.
financial-education,CAKE,us,buy,up,med,2025-10-20,2025-10-20,1y,CAKE,False,53.5692,0.4409,0.1187,0.3222,0.4409,True,True,,137,1y,https://www.youtube.com/watch?v=NBUV73ghMgE,I just got to continue to buy cake stock. Base case puts the stock somewhere between about 125 and 150 with compound annual growth rate of low 20s to high 20s. It continues to be a money maker.
financial-education,ADBE,us,buy,up,high,2025-12-20,2025-12-22,1y,ADBE,True,357.53,-0.4541,0.0934,-0.5475,-0.4541,False,True,,,1y,https://www.youtube.com/watch?v=NYmMNpVMk0I,"I spent $22,000 on one stock today...it is Adobe. ADBE. That was filled at $321. I could feel comfortable having Adobe as a 10% weighting. That's how confident I am in Adobe in the current valuation on that stock."
financial-education,AMD,us,buy,up,med,2025-12-20,2025-12-22,3m,AMD,True,214.95,-0.0634,-0.0504,-0.013,-0.0634,False,True,,300,3m,https://www.youtube.com/watch?v=NYmMNpVMk0I,AMD still a buy in my opinion. It's likely headed to 300. Probably I wouldn't be surprised if it's 300 in the next few months.
financial-education,CELH,us,buy,up,med,2025-12-20,2025-12-22,6m,CELH,False,44.36,-0.3057,0.0934,-0.3991,-0.3057,False,True,,,,https://www.youtube.com/watch?v=NYmMNpVMk0I,Celsius remains a buy now.
financial-education,CAKE,us,buy,up,med,2025-12-20,2025-12-22,6m,CAKE,False,51.7267,0.4923,0.0934,0.3989,0.4923,True,True,,,,https://www.youtube.com/watch?v=NYmMNpVMk0I,Cheesecake's one I would like to add more to. I could definitely add this one. I wouldn't mind getting this one up to over a 5% weighting here.
financial-education,PYPL,us,buy,up,med,2025-12-20,2025-12-22,6m,PYPL,True,59.4832,-0.2853,0.0934,-0.3787,-0.2853,False,True,,,,https://www.youtube.com/watch?v=NYmMNpVMk0I,"PayPal, I would like to add some more PayPal. I wouldn't mind getting that to a four or maybe a 5% weighting."
financial-education,ELF,us,buy,up,med,2025-12-20,2025-12-22,6m,ELF,False,79.14,-0.1888,0.0934,-0.2822,-0.1888,False,True,,,,https://www.youtube.com/watch?v=NYmMNpVMk0I,"ELF remains a buy, no doubt about it."
financial-education,HNST,us,buy,up,high,2025-12-20,2025-12-22,1y,HNST,False,2.71,0.3911,0.0934,0.2978,0.3911,True,True,,5,1y,https://www.youtube.com/watch?v=NYmMNpVMk0I,"Honest is a huge buy right now. Huge buy. Within 12 to 24 months, I think people will see the light...Honest should be a $5 plus stock."
financial-education,AXP,us,buy,up,high,2025-12-20,2025-12-22,6m,AXP,True,378.8083,-0.1077,0.0934,-0.2011,-0.1077,False,True,,,,https://www.youtube.com/watch?v=NYmMNpVMk0I,"American Express is a great buy right now. The risk-reward profile there, in my personal opinion, is phenomenal. I mean, I could AMEX I like if AMEX was 10% weighting, I would have no issue with that."
financial-education,CRM,us,buy,up,med,2025-12-20,2025-12-22,6m,CRM,True,263.9698,-0.425,0.0934,-0.5184,-0.425,False,True,,,,https://www.youtube.com/watch?v=NYmMNpVMk0I,"CRM, great buy right now, in my opinion. I would love to have that as like a maybe a 5% weighting in the portfolio."
financial-education,PLTR,us,hold-avoid,neutral,med,2025-12-20,2025-12-22,1y,PLTR,True,193.98,-0.3377,0.0934,0.4311,0.3377,True,True,,,1y,https://www.youtube.com/watch?v=NYmMNpVMk0I,Palantir is no longer a buy. It's actually dead money for the next four years. That's my base case.
financial-education,META,us,sell,neutral,high,2026-02-20,2026-02-20,1y,META,True,655.0991,-0.1189,0.0861,0.205,0.1189,True,True,,,1y,https://www.youtube.com/watch?v=Nyro0c39u_8,"I sold out of 600 shares of Meta here today...because of Meta's out of control spending, this is now a long shot...the risks of Meta Stock have gone up quite a bit now at this point in time."
financial-education,NOW,us,buy,up,high,2026-02-20,2026-02-20,1y,NOW,True,104.27,-0.0885,0.0861,-0.1746,-0.0885,False,True,,,1y,https://www.youtube.com/watch?v=Nyro0c39u_8,"$101,000 buy here. Filled that at 10137...I believe I'm getting a great deal in the stock. I'm getting well over 20% plus Kaggar in Service Now. That's why I'm buying Service Now."
financial-education,CRM,us,buy,up,high,2026-02-20,2026-02-20,1y,CRM,True,184.6981,-0.1782,0.0861,-0.2643,-0.1782,False,True,,,1y,https://www.youtube.com/watch?v=Nyro0c39u_8,I bought 600 shares of Salesforce here today. CRM Benioff $185 I paid for those shares...got to buy it got to buy it.
financial-education,ADBE,us,buy,up,high,2026-02-20,2026-02-20,1y,ADBE,True,258.61,-0.2454,0.0861,-0.3314,-0.2454,False,True,,,1y,https://www.youtube.com/watch?v=Nyro0c39u_8,"I bought 191 shares of Adobe here today. Just under $50,000 move for Adobe...26 to 32% Kaggar. The only way like I just kind of flatlined money over the coming years with Adobe is if they grew revenue and net income at like a 2% clip."
financial-education,TSLA,us,sell,down,med,2026-02-20,2026-02-20,1y,TSLA,True,411.82,-0.0275,0.0861,0.1136,0.0275,True,True,,,1y,https://www.youtube.com/watch?v=Nyro0c39u_8,I added more to my Tesla hedge...Business is in shambles. Business is rough...They're now they're talking about not selling the S or X moving forward. The three and Y numbers don't even look good. Like the company's a mess.
financial-education,AXP,us,buy,up,high,2026-02-20,2026-02-20,1y,AXP,True,345.0891,-0.0205,0.0861,-0.1066,-0.0205,False,True,,,1y,https://www.youtube.com/watch?v=Nyro0c39u_8,"AXP, American Express, $32,000 buy here. 355. 90 shares of American Express...around a 20% kag are roughly there."
financial-education,PYPL,us,buy,up,high,2026-02-20,2026-02-20,1y,PYPL,True,41.3878,0.0271,0.0861,-0.059,0.0271,False,True,,,1y,https://www.youtube.com/watch?v=Nyro0c39u_8,"860 shares. almost $35,000 buy here with PayPal...it's at a 64p. Come on, man...the company's growing and they're at a forward P of this. Like come on, man."
financial-education,SOFI,us,buy,up,high,2025-06-20,2025-06-20,1y,SOFI,False,15.2,0.1783,0.2672,-0.0889,0.1783,False,True,,,1y,https://www.youtube.com/watch?v=O373AHWgJfU,SoFi is looking really flip flipping flapjacking good in my opinion...SoFi even under this kind of base or bare case for SoFi the company should have its stock price expand much more rapidly than...the S&P 500.
financial-education,HNST,us,buy,up,med,2025-06-20,2025-06-20,1y,HNST,False,4.69,-0.1962,0.2672,-0.4634,-0.1962,False,True,,10,1y,https://www.youtube.com/watch?v=O373AHWgJfU,"Would I be surprised at all if the stock is $10 or more next year? Not at all...do you think it's crazy to imagine the stock goes 10 plus? No, of course not."
financial-education,AMD,us,buy,up,high,2026-03-20,2026-03-20,1y,AMD,True,201.33,1.6691,0.1514,1.5177,1.6691,True,True,,400,1y,https://www.youtube.com/watch?v=PdJHHZm_06Y,AMD's going to go 400 to 600... AMD's not just going to accidentally get all that revenue growth... AMD is about to start growing... they're going to be eating market share here.
financial-education,NVDA,us,hold-avoid,neutral,high,2026-03-20,2026-03-20,1y,NVDA,True,172.4989,0.2214,0.1514,-0.07,-0.2214,False,True,,,1y,https://www.youtube.com/watch?v=PdJHHZm_06Y,"This stock's going to stay stuck between about 125 and the 200-ish range... if you're expecting the stock to go 400, 500, 600, yeah. AMD's going to go 400 to 600, but not Nvidia. At least not anytime soon."
financial-education,MU,us,sell,down,high,2026-03-20,2026-03-20,1y,MU,True,422.7224,1.6826,0.1514,-1.5312,-1.6826,False,True,,,1y,https://www.youtube.com/watch?v=PdJHHZm_06Y,"Micron trading at a $519 billion market cap. That's not sustainable... when Micron trades at insanely low forward P/E, it's usually not a good time to buy the stock... this is not sustainable long-term."
financial-education,AMZN,us,buy,up,high,2025-10-20,2025-10-20,1y,AMZN,True,216.48,0.1289,0.1187,0.0102,0.1289,True,True,,,1y,https://www.youtube.com/watch?v=QDX7LFTge30,"Amazon stock, you got to own this stock. Amazon's a buy. Amazon's a buy and a buy. Every day, every week, every month, and every year since this company went public back in the '90s, the stock has been a buy."
financial-education,META,us,buy,up,high,2025-10-20,2025-10-20,1y,META,True,730.9475,-0.2103,0.1187,-0.329,-0.2103,False,True,,1000,1y,https://www.youtube.com/watch?v=QDX7LFTge30,"The stock today 715. The stock, I would say, within 12 to 18 months from now, will be $1,000 plus. $1,000 plus on Meta within the next 12 to 18 months. And it probably comes in the next two or three years... going to double this up to 1280."
financial-education,TSLA,us,sell,down,high,2025-10-20,2025-10-20,3m,TSLA,True,447.43,-0.0222,0.0334,0.0556,0.0222,True,True,,,3m,https://www.youtube.com/watch?v=QDX7LFTge30,"I went ahead and added to a hedge position. This is my 2x leverage position against Tesla stock... You take the S&P 500 down 10%, Tesla's probably going down 30 or at least 25. And then we're talking 2x leverage, you're probably up 50%."
financial-education,EL,us,buy,up,med,2025-10-20,2025-10-20,1y,EL,True,101.4254,-0.1638,0.1187,-0.2825,-0.1638,False,True,,180,1y,https://www.youtube.com/watch?v=QDX7LFTge30,"Now is the time to load up on shares of Estee Lauder Goldman Sachs... this stock could go back to 370 over the next number of years... you could say it could easily double to like a 180, could it not?"
financial-education,AMZN,us,buy,up,high,2026-01-20,2026-01-20,1y,AMZN,True,231.0,0.058,0.1051,-0.0471,0.058,False,True,,,1y,https://www.youtube.com/watch?v=QPbdk5fMOwM,"Amazon. This is one of my top picks for 2026 in regards to big tech stocks. Amazon, I'm expecting a great year... I think it's going to be a great year for Amazon stock."
financial-education,AXP,us,buy,up,high,2026-01-20,2026-01-20,1y,AXP,True,351.0801,-0.0373,0.1051,-0.1423,-0.0373,False,True,,,1y,https://www.youtube.com/watch?v=QPbdk5fMOwM,"American Express, AXP for me, is an easy buy... I would love to buy as many American Express shares as I can possibly get my hands on over this next bit of time. That was silly. What a great buying opportunity in regards to American Express."
financial-education,CELH,us,buy,up,med,2026-01-20,2026-01-20,1y,CELH,False,56.69,-0.4567,0.1051,-0.5618,-0.4567,False,True,,,1y,https://www.youtube.com/watch?v=QPbdk5fMOwM,"Celsius Beverage, Celsius Holdings up over 16% so far this year. This is another one of my top picks for 2026... It was actually the second stock of those five stocks that I spoke about there as an incredible opportunity."
financial-education,AMD,us,buy,up,high,2025-08-20,2025-08-20,1y,AMD,True,165.2,2.2528,0.1802,2.0727,2.2528,True,True,,,1y,https://www.youtube.com/watch?v=R3icAh9z77s,I can't find a more exciting opportunity in the market honestly right now than AMD. Wall Streeters that are selling the stock today at 160 will be gladly buying it at 260 before you know it.
financial-education,CELH,us,buy,up,high,2025-08-20,2025-08-20,1y,CELH,False,61.95,-0.5028,0.1802,-0.683,-0.5028,False,True,,100,1y,https://www.youtube.com/watch?v=R6STLQpmSCM,In my opinion that stock's headed to 100 plus either this year or next year in my opinion. The trajectory will be up and to the right in my opinion in regards to Celsius.
financial-education,SOFI,us,buy,up,med,2025-08-20,2025-08-20,1y,SOFI,False,22.52,-0.2047,0.1802,-0.3849,-0.2047,False,True,,60,1y,https://www.youtube.com/watch?v=R6STLQpmSCM,"If you think SoFi is in the early innings of a major growth cycle, we still probably got another year, if not two years of SoFi stock price momentum. Maybe SoFi runs to 60 bucks, right? And then has a crash down to 40."
financial-education,ELF,us,buy,up,med,2025-08-20,2025-08-20,1y,ELF,False,120.44,-0.467,0.1802,-0.6471,-0.467,False,True,,200,1y,https://www.youtube.com/watch?v=R6STLQpmSCM,"ELF's likely on its way to 200 plus um probably 2026, but it's possible it could hit it this year. You're going to see ELF report 30 40 50% growth rates."
financial-education,META,us,buy,up,high,2026-01-20,2026-01-20,1y,META,True,603.6032,-0.0437,0.1051,-0.1488,-0.0437,False,True,,2000,1y,https://www.youtube.com/watch?v=TAoUWYB3l7w,"I believe Meta long term is a $2,000 stock. So, if Meta goes 515, 415 over the next three, six months, I don't care. I'll buy more shares."
financial-education,PYPL,us,buy,up,med,2026-01-20,2026-01-20,1y,PYPL,True,54.7333,-0.2233,0.1051,-0.3284,-0.2233,False,True,,,1y,https://www.youtube.com/watch?v=TAoUWYB3l7w,"PayPal has just a very attractive valuation on the stock. Forward P on the stock somewhere in the 10 to 11 range. They've got nice revenue growth, revenue growth is actually been accelerating recently. I like PayPal a lot."
financial-education,ELF,us,buy,up,med,2026-01-20,2026-01-20,1y,ELF,False,89.04,-0.279,0.1051,-0.3841,-0.279,False,True,,,1y,https://www.youtube.com/watch?v=TAoUWYB3l7w,They're going to get back to very nice growth in my opinion here in '26. And then I think '27 you'll see margins start to really move up. Earnings per share accelerate significantly.
financial-education,CELH,us,buy,up,med,2026-01-20,2026-01-20,1y,CELH,False,56.69,-0.4567,0.1051,-0.5618,-0.4567,False,True,,,1y,https://www.youtube.com/watch?v=TAoUWYB3l7w,"The earnings per share, you're going to see that skyrocket throughout '26 and '27. The revenue growth will moderate in 27, but 26 is going to be a huge revenue growth year for the company."
financial-education,ADBE,us,buy,up,med,2026-01-20,2026-01-20,1y,ADBE,True,290.37,-0.3279,0.1051,-0.433,-0.3279,False,True,,,1y,https://www.youtube.com/watch?v=TAoUWYB3l7w,I'm actually very bullish on Adobe for the remainder of the year. And obviously bullish on Adobe for the next several years. My plan is to build this one as significantly as I can realistically here in the first quarter.
financial-education,CRM,us,buy,up,med,2026-01-20,2026-01-20,1y,CRM,True,219.521,-0.3086,0.1051,-0.4137,-0.3086,False,True,,,1y,https://www.youtube.com/watch?v=TAoUWYB3l7w,"Salesforce, CRM. The earnings per share is expected to skyrocket for the company. Solid revenue growth like high single digits. I think my belief is revenue growth is actually going to go to low double digits here very shortly."
financial-education,AMD,us,buy,up,high,2026-01-20,2026-01-20,1y,AMD,True,231.92,1.317,0.1051,1.212,1.317,True,True,,400,1y,https://www.youtube.com/watch?v=TAoUWYB3l7w,"I believe AMD's on its way to join the trillion-dollar boys club. If that one gets that $400 level, I'll probably unload some level of shares. Right now market cap in the $300 range."
financial-education,AXP,us,buy,up,med,2026-01-20,2026-01-20,1y,AXP,True,351.0801,-0.0373,0.1051,-0.1423,-0.0373,False,True,,,1y,https://www.youtube.com/watch?v=TAoUWYB3l7w,"American Express, number eight of eight. Just an easy peasy lemon squeezy stock to buy. I understand everything going on with oh, is Trump going to limit credit card rates."
financial-education,HNST,us,buy,up,med,2026-04-20,2026-04-20,3m,HNST,False,3.47,0.0865,0.0536,0.0328,0.0865,True,True,,,3m,https://www.youtube.com/watch?v=U3eGEycHccU,"Where am I looking to put that TSLZ money? I would be looking to buy some more Honest, HNST. I'd be looking to buy definitely some more American Express. I would say Adobe will kind of be my main focuses."
financial-education,AXP,us,buy,up,med,2026-04-20,2026-04-20,3m,AXP,True,329.87,0.0246,0.0536,-0.029,0.0246,False,True,,,3m,https://www.youtube.com/watch?v=U3eGEycHccU,I'd be looking to buy definitely some more American Express. I bought some American Express actually this morning. I would say American Express will kind of be my main focuses when it comes to public account buys.
financial-education,ADBE,us,buy,up,med,2026-04-20,2026-04-20,3m,ADBE,True,248.63,-0.2151,0.0536,-0.2687,-0.2151,False,True,,,3m,https://www.youtube.com/watch?v=U3eGEycHccU,"I would say Adobe will kind of be my main focuses when it comes to public account uh buys there. Looking to put TSLZ proceeds into Honest, American Express, Adobe."
financial-education,CRM,us,buy,up,high,2025-12-20,2025-12-22,1y,CRM,True,263.9698,-0.425,0.0934,-0.5184,-0.425,False,True,,,1y,https://www.youtube.com/watch?v=UQz-nwsrk2E,"I believe, will 2x to 3x over the next 5 years... I got to buy it. Like this is I cannot like stay on the sideline for a stock opportunity like that."
financial-education,AMZN,us,buy,up,high,2025-12-20,2025-12-22,1y,AMZN,True,228.43,0.0699,0.0934,-0.0235,0.0699,False,True,,,1y,https://www.youtube.com/watch?v=UQz-nwsrk2E,Amazon is incredible riskreward. Incredible. Operating cash flow for Amazon long-term is likely headed to 200 to $300 billion a year.
financial-education,CAKE,us,buy,up,high,2025-12-20,2025-12-22,1y,CAKE,False,51.7267,0.4923,0.0934,0.3989,0.4923,True,True,,,1y,https://www.youtube.com/watch?v=UQz-nwsrk2E,This is why I consistently buy cake. I've been buying cake for the last couple years consistently and this is why because the riskreward is there.
financial-education,NKE,us,buy,up,high,2025-12-20,2025-12-22,1y,NKE,True,56.3386,-0.1977,0.0934,-0.2911,-0.1977,False,True,,,1y,https://www.youtube.com/watch?v=UQz-nwsrk2E,I'm getting this stock today in 2025 at 2015 pricing and the turnaround has already started to occur. I got to buy that. It's just easy.
financial-education,ELF,us,buy,up,high,2025-12-20,2025-12-22,1y,ELF,False,79.14,-0.1888,0.0934,-0.2822,-0.1888,False,True,,,1y,https://www.youtube.com/watch?v=UQz-nwsrk2E,"I'm actively buying the stock this year, and I plan to continue to buy more shares of the stock. I want to buy more ELF shares."
financial-education,FUBO,us,buy,up,med,2025-12-20,2025-12-22,1y,FUBO,False,31.8,-0.7101,0.0934,-0.8034,-0.7101,False,True,,,1y,https://www.youtube.com/watch?v=UQz-nwsrk2E,I like it a lot. Like it's very well positioned. The balance sheet's pretty dang strong. It's not even very spec now.
financial-education,HNST,us,buy,up,med,2025-12-20,2025-12-22,1y,HNST,False,2.71,0.3911,0.0934,0.2978,0.3911,True,True,,,1y,https://www.youtube.com/watch?v=UQz-nwsrk2E,The stock is so severely mispriced it's not even funny. I think we'll look back not even that long from now and be like that was silly.
financial-education,ADBE,us,buy,up,high,2025-12-20,2025-12-22,1y,ADBE,True,357.53,-0.4541,0.0934,-0.5475,-0.4541,False,True,,,1y,https://www.youtube.com/watch?v=UQz-nwsrk2E,"I spent $22,000 on this growth stock today. The number one stock, a stock I'll buy the remainder of 2025."
financial-education,PLTR,us,hold-avoid,neutral,med,2025-12-20,2025-12-22,1y,PLTR,True,193.98,-0.3377,0.0934,0.4311,0.3377,True,True,,,1y,https://www.youtube.com/watch?v=UQz-nwsrk2E,I'm actually not bullish on those stocks for the next four or five years... it doesn't really matter what they do. It's going to be hard for those stock prices to go up.
financial-education,TSLA,us,hold-avoid,neutral,med,2025-12-20,2025-12-22,1y,TSLA,True,488.73,-0.1805,0.0934,0.2739,0.1805,True,True,,,1y,https://www.youtube.com/watch?v=UQz-nwsrk2E,"You look at something like a Palunteer, Tesla, stocks like that. I'm actually not bullish on those stocks for the next four or five years."
financial-education,AMZN,us,buy,up,high,2025-08-20,2025-08-20,1y,AMZN,True,223.81,0.092,0.1802,-0.0882,0.092,False,True,,,1y,https://www.youtube.com/watch?v=UUPdaV_8Y3A,"I just stuck another $80,000 plus dollars in Amazon stock here today. I think that's small money compared to where I'm going to be at with this position 3 to 5 years from now."
financial-education,CAKE,us,buy,up,high,2025-08-20,2025-08-20,1y,CAKE,False,60.9744,0.2659,0.1802,0.0858,0.2659,True,True,,,1y,https://www.youtube.com/watch?v=UUPdaV_8Y3A,I'm up a lot. It's still a buy. I love the valuation of cake and so I have limited downside risk with incredible upside risk over this next 5 10 years.
financial-education,GOOGL,us,buy,up,high,2025-08-20,2025-08-20,1y,GOOGL,True,198.8717,0.8506,0.1802,0.6704,0.8506,True,True,,443,1y,https://www.youtube.com/watch?v=UUPdaV_8Y3A,"In 2029, the stock should be priced somewhere between $443 and $532. I've got to take that riskreward when it comes to Google McDougall."
financial-education,NKE,us,buy,up,high,2025-08-20,2025-08-20,1y,NKE,True,74.2232,-0.391,0.1802,-0.5712,-0.391,False,True,,,1y,https://www.youtube.com/watch?v=UUPdaV_8Y3A,I'm actively investing in the stock very consistently. I believe all those are going to be reversing over this next 12 months. I think that's going to change a lot over this next few years.
financial-education,ADBE,us,buy,up,high,2025-09-20,2025-09-22,3m,ADBE,True,364.08,-0.0226,0.0236,-0.0462,-0.0226,False,True,,,3m,https://www.youtube.com/watch?v=1vx-TXPd-VQ,"I love this stock, man. I'm going to continue to buy as many shares as I can get my hands on this next 90 trading days. There's no doubt about it. Forward P on the stock is 19. Two-year forward P of 14. That's pretty free money I'm getting here with not a lot of risk."
financial-education,CRM,us,buy,up,high,2025-09-20,2025-09-22,1y,CRM,True,248.6657,-0.3896,0.1262,-0.5158,-0.3896,False,True,,,1y,https://www.youtube.com/watch?v=1vx-TXPd-VQ,I need to just continue to load up on as many shares as I possibly can for this next 90 trading days. I wouldn't be surprised 5 years from now is a $500 to $800 stock. The next 5 years is going to be nothing like this 5 years for Salesforce — going to be an absolute animal.
financial-education,PLTR,us,sell,down,high,2025-09-20,2025-09-22,1y,PLTR,True,179.33,-0.2836,0.1262,0.4098,0.2836,True,True,,,1y,https://www.youtube.com/watch?v=1vx-TXPd-VQ,"Palantir I wouldn't touch a stock with a 10-ft pole at these prices. 295 forward PE, 2-year forward P at 200. The stock is setting up for a horrible 2026 to 2030. The stock will either be flat or have lost people money."
financial-education,TSLA,us,sell,down,high,2025-09-20,2025-09-22,1y,TSLA,True,434.21,-0.0777,0.1262,0.2039,0.0777,True,True,,,1y,https://www.youtube.com/watch?v=1vx-TXPd-VQ,"I can't believe people are really buying Tesla stock in 2025. This is a year to sell Tesla and get out, not the year to buy. The fundamentals are for the dumpster. As soon as the NASDAQ turns, Tesla goes down, down, down all the way to Chinatown."
financial-education,COIN,us,hold-avoid,down,low,2025-09-20,2025-09-22,3m,COIN,True,331.95,-0.2616,0.0236,0.2852,0.2616,True,True,,,3m,https://www.youtube.com/watch?v=1vx-TXPd-VQ,"Coinbase is a potential hedge. Trading at a forward P of 40 plus after a massive crypto expansion cycle is actually a little worrisome. There's a potential that after the rate cuts come, we could see a chilling of the market and it could go the other way for crypto."
financial-education,HOOD,us,hold-avoid,down,med,2025-09-20,2025-09-22,1y,HOOD,True,124.89,-0.134,0.1262,0.2602,0.134,True,True,,,1y,https://www.youtube.com/watch?v=1vx-TXPd-VQ,Robin Hood has brutal comps to comp against in 2026. The stock could go from $120 down to 60 — about 50% downfall. Trading at a 664 P in a booming bull market is not the time. It's not the time to be trading at a 664 P.
financial-education,TSLA,us,sell,down,high,2025-11-20,2025-11-20,3m,TSLA,True,395.23,0.0417,0.0521,0.0104,-0.0417,True,True,,,3m,https://www.youtube.com/watch?v=1MoCTi_Rw5A,Tesla's fundamentals are not there. Revenue growth is embarrassing and might go back negative. EPS was down 30 plus percent. Margins are awful. Tesla sets up much better than Palantir for downside risk when the market does start to move to the downside.
financial-education,PLTR,us,sell,down,med,2025-11-20,2025-11-20,1y,PLTR,True,155.745,-0.1751,0.1509,0.326,0.1751,True,True,,,1y,https://www.youtube.com/watch?v=1MoCTi_Rw5A,"My base case for Palantir, I don't get a return. If I run my base case, the stock's going to be dead money for the next couple years. The 2026 through 2029 does not set up well for Palantir stock. When revenue growth peaks and they start to decelerate, Palantir's stock is going to get obliterated — 50% downside."
financial-education,HNST,us,buy,up,high,2025-11-20,2025-11-20,1y,HNST,False,2.53,0.4901,0.1509,0.3392,0.4901,True,True,,5.0,1y,https://www.youtube.com/watch?v=2XEQr2TkIO8,"Honest right now should be a bare minimum 400 million dollar market cap. I could make a strong argument the market cap should be 600 million, over double what it is. Few years from now Honest is going to be $5, $10, $15 a share and they'll be thinking about the shares they sold at $2.50."
financial-education,AMD,us,buy,up,high,2025-11-20,2025-11-20,1y,AMD,True,206.02,1.6083,0.1509,1.4574,1.6083,True,True,,,1y,https://www.youtube.com/watch?v=2XEQr2TkIO8,"AMD's is a phenomenal stock. The 450 series is going to be huge. Just wait to see the free cash flow and operating cash flow a year from now, two years from now. You're going to be in shock. AMD's about to have a tsunami of money coming in their way."
financial-education,MU,us,buy,up,med,2025-11-20,2025-11-20,6m,MU,True,201.2042,2.7877,0.1447,2.643,2.7877,True,True,,,6m,https://www.youtube.com/watch?v=2XEQr2TkIO8,Micron MU is benefiting huge from AMD cuz AMD's going to use a ton of Micron memory in the 450 series. MU is a huge beneficiary of that. Memory is just a hot play right now and people play MU for that.
financial-education,PYPL,us,buy,up,high,2025-11-20,2025-11-20,1y,PYPL,True,57.7393,-0.2638,0.1509,-0.4147,-0.2638,False,True,,,1y,https://www.youtube.com/watch?v=2XEQr2TkIO8,PayPal is an absolute no-brainer right now that everybody should be buying. Forward P on the stock is 12. They grew revenues last quarter 7% and are expected to grow EPS at a double-digit clip. There's no reason this company should be at a 12 forward P and that will readjust over the next couple years.
financial-education,AMD,us,buy,up,high,2025-12-20,2025-12-22,1y,AMD,True,214.95,1.5,0.0934,1.4066,1.5,True,True,,600,1y,https://www.youtube.com/watch?v=Ui8wrQFniL0,AMD is a huge buy. This is so silly. This is ridiculous. AMD's a buy. Base case has the stock somewhere between low $500 to high $600 a share. Right now it's less than $200 a share.
financial-education,META,us,buy,up,high,2025-12-20,2025-12-22,1y,META,True,660.9341,-0.1267,0.0934,-0.22,-0.1267,False,True,,1000,1y,https://www.youtube.com/watch?v=Ui8wrQFniL0,"I think Meta's a $1,000 stock next year. I think Meta's a $1,000 stock in 2026. That stock should be a $1,000 plus next year. Bottom line."
financial-education,WYNN,us,buy,up,med,2025-12-20,2025-12-22,1y,WYNN,True,125.3765,-0.1583,0.0934,-0.2517,-0.1583,False,True,,,1y,https://www.youtube.com/watch?v=Ui8wrQFniL0,I wouldn't be surprised if the stock moved up considerably as you get closer and closer that opportunity opening. There's going to be a lot of excitement that builds in 2026 in regards to that.
financial-education,CAVA,us,buy,up,low,2025-12-20,2025-12-22,6m,CAVA,False,58.04,0.5365,0.0934,0.4431,0.5365,True,True,,40,,https://www.youtube.com/watch?v=Ui8wrQFniL0,"Cava Cava Cava Cava Cava. Yeah, that one I really want to see that one go down about that $40 level or maybe even break 40 and go into the 30s. If that happens, I'll definitely step in and start buying Cava stock."
financial-education,ELF,us,buy,up,high,2026-04-20,2026-04-20,1y,ELF,False,68.42,-0.0617,0.0536,-0.1153,-0.0617,False,True,,400,1y,https://www.youtube.com/watch?v=V3rZgB4YVnE,"I believe Elf is going to be dramatically higher 3 years from now, 2 years from now even, a year from now even. I've got to add more Elf shares in the public account. I believe the stock long term is a $300 to $500 stock."
financial-education,NKE,us,buy,up,med,2026-04-20,2026-04-20,1y,NKE,True,46.0678,-0.0188,0.0536,-0.0725,-0.0188,False,True,,,1y,https://www.youtube.com/watch?v=V3rZgB4YVnE,"I'm going to add some more Nike... My plan is to hold Nike for the next 3 to 7 years, maybe even longer than that. I'm not planning on dumping on Nike anytime soon."
financial-education,SOFI,us,buy,up,high,2025-08-20,2025-08-20,1y,SOFI,False,22.52,-0.2047,0.1802,-0.3849,-0.2047,False,True,,40,1y,https://www.youtube.com/watch?v=VKqFKUJAGhI,"SoFi's headed to $30 to $50 until we get a risk-off market. I think there's going to continue to be a lot of momentum. Am I planning on selling any of my 5,000 shares of SoFi? The answer is absolutely not."
financial-education,FUBO,us,buy,up,med,2025-08-20,2025-08-20,3m,FUBO,False,40.32,0.0149,0.0413,-0.0264,0.0149,False,True,,5,3m,https://www.youtube.com/watch?v=VKqFKUJAGhI,I would not be shocked at all if this stock's $5 plus after the deal goes through. Don't be surprised if the stock goes $10 plus in 2026. Don't be surprised if this stock goes four plus this week.
financial-education,BROS,us,hold-avoid,neutral,med,2025-08-20,2025-08-20,6m,BROS,False,62.94,-0.1513,0.0817,0.2329,0.1513,True,True,,,,https://www.youtube.com/watch?v=VUfRKRCTRFU,I can't pay 100 plus Ford P for Dutch Bros. Um that doesn't mean the stock won't still continue to run. I just can't pay 100 plus 400 P for Dutch Bros.
financial-education,TTD,us,hold-avoid,down,med,2025-08-20,2025-08-20,6m,TTD,True,52.53,-0.5146,0.0817,0.5962,0.5146,True,True,,,,https://www.youtube.com/watch?v=VUfRKRCTRFU,I do think there's real reason to be concerned with TTD's growth rates... I think Amazon is a juggernaut to compete with in this space... I don't want to go head-to-head against Amazon.
financial-education,ADBE,us,buy,up,high,2025-08-20,2025-08-20,3m,ADBE,True,353.43,-0.0999,0.0413,-0.1412,-0.0999,False,True,,,3m,https://www.youtube.com/watch?v=VUfRKRCTRFU,"The stock's a buy. Like, I don't know what else to say. Like, the stock's a buy... I'm buying Adobe across my portfolios right now."
financial-education,NVDA,us,sell,down,med,2025-08-20,2025-08-20,1y,NVDA,True,175.1667,0.2028,0.1802,-0.0226,-0.2028,False,True,,,1y,https://www.youtube.com/watch?v=VUfRKRCTRFU,"That's when things are going to get really shaky for Nvidia stock for like about a 2 to 3-year period... it's going to be multi-year, you know, Nvidia shaking around and downtrending essentially for like two to three years."
financial-education,RVLV,us,buy,up,med,2025-11-20,2025-11-20,1y,RVLV,False,21.98,-0.0086,0.1509,-0.1595,-0.0086,False,True,,,1y,https://www.youtube.com/watch?v=Ver2ZS9pulk,"I wouldn't be surprised if I end up tripling up, quadrupling up my money on that stock over the next few years... brighter days ahead for Revolve."
financial-education,FUBO,us,buy,up,med,2025-11-20,2025-11-20,3m,FUBO,False,38.88,-0.608,0.0521,-0.6601,-0.608,False,True,,5.0,3m,https://www.youtube.com/watch?v=Ver2ZS9pulk,There's no way conceivable that stock should be under $5 right now... I think Fubo's next up. I think that will be my eighth stock with a triple digit gain.
financial-education,AMD,us,buy,up,high,2025-11-20,2025-11-20,1y,AMD,True,206.02,1.6083,0.1509,1.4574,1.6083,True,True,,735.0,1y,https://www.youtube.com/watch?v=Ver2ZS9pulk,"My base case for AMD: 35% revenue growth on average 26 to 29, 45% net income growth... stock going $670 to $800, which gives me a strong compound annual growth rate of probably around 30%."
financial-education,SOFI,us,buy,up,med,2025-11-20,2025-11-20,1y,SOFI,False,24.91,-0.281,0.1509,-0.4319,-0.281,False,True,,,1y,https://www.youtube.com/watch?v=Ver2ZS9pulk,SoFi is the most exciting company in fintech. Period... I think we've really flipped here on what stock is the most exciting in fintech and could provide the best returns moving forward.
financial-education,SHOP,us,buy,up,med,2025-11-20,2025-11-20,1y,SHOP,False,144.56,-0.247,0.1509,-0.3979,-0.247,False,True,,,1y,https://www.youtube.com/watch?v=Ver2ZS9pulk,"There's two companies that almost everybody should own. One is Amazon, one is Shopify... I could make strong arguments that everybody should own either Meta or Google or both as well."
financial-education,AXP,us,buy,up,high,2025-11-20,2025-11-20,1y,AXP,True,341.9569,-0.0116,0.1509,-0.1625,-0.0116,False,True,,735.0,1y,https://www.youtube.com/watch?v=Ver2ZS9pulk,"I just bought... I love this stock... the stock is too attractively priced right now. Base case puts the stock somewhere just under $700 to potentially $800 come 2029, ~20% CAGR."
financial-education,ELF,us,buy,up,med,2025-11-20,2025-11-20,1y,ELF,False,68.42,-0.0617,0.1509,-0.2126,-0.0617,False,True,,400.0,1y,https://www.youtube.com/watch?v=Ver2ZS9pulk,"If ELF really executes on a high level over the next three to five years, the company is likely going to be a $300 to $500 stock. They're going to become a cosmetic giant."
financial-education,HNST,us,buy,up,low,2025-11-20,2025-11-20,1y,HNST,False,2.53,0.4901,0.1509,0.3392,0.4901,True,True,,,1y,https://www.youtube.com/watch?v=Ver2ZS9pulk,I have full trust in Carla making this move... margins could go to records we've never seen in this company's history... net income and earnings per share go to numbers we never thought possible.
financial-education,AMD,us,buy,up,high,2025-11-20,2025-11-20,3m,AMD,True,206.02,-0.0129,0.0521,-0.0649,-0.0129,False,True,,1000,3m,https://www.youtube.com/watch?v=XAsQRjjpma4,I couldn't even consider selling one share in the public account of AMD right now... this is a moment you want to hold every share as tight as you possibly can. The stock runs to 500 then a thousand by 2029.
financial-education,PLTR,us,sell,down,high,2025-11-20,2025-11-20,1y,PLTR,True,155.745,-0.1751,0.1509,0.326,0.1751,True,True,,,1y,https://www.youtube.com/watch?v=XAsQRjjpma4,My base case has a very low single-digit Kaggar for Palanteer. So this is what I expect for Palanteer. This is why it makes sense for me to cash. I've taken immense hundreds of thousands of dollars of profits in Palunteer this year.
financial-education,AMZN,us,buy,up,high,2025-11-20,2025-11-20,1y,AMZN,True,217.14,0.1255,0.1509,-0.0254,0.1255,False,True,,,1y,https://www.youtube.com/watch?v=XAsQRjjpma4,"Amazon should significantly, not like a little, significantly outperform the S&P 500 over the next four to five years. And it shouldn't even be close. And so it doesn't make sense to sell a stock."
financial-education,AMD,us,buy,up,med,2025-07-20,2025-07-21,6m,AMD,True,157.0,0.4766,0.1063,0.3703,0.4766,True,True,,200,6m,https://www.youtube.com/watch?v=XdSeZKsWCvc,"AMD, I wouldn't be surprised if AMD sees 200 this year."
financial-education,META,us,buy,up,med,2025-07-20,2025-07-21,6m,META,True,711.2994,-0.1288,0.1063,-0.2351,-0.1288,False,True,,900,6m,https://www.youtube.com/watch?v=XdSeZKsWCvc,"Stocks like Meta, I, you know, I wouldn't be surprised if Meta sees $900 this year."
financial-education,AMZN,us,buy,up,med,2025-07-20,2025-07-21,6m,AMZN,True,229.3,0.0428,0.1063,-0.0635,0.0428,False,True,,275,6m,https://www.youtube.com/watch?v=XdSeZKsWCvc,"Amazon, I wouldn't be surprised if Amazon sees 250 to 275 this year."
financial-education,GOOGL,us,buy,up,med,2025-07-20,2025-07-21,6m,GOOGL,True,189.6725,0.7386,0.1063,0.6323,0.7386,True,True,,,6m,https://www.youtube.com/watch?v=XdSeZKsWCvc,"Google McDougall, I wouldn't be surprised at all if that one comes back very strong through the remainder of the year."
financial-education,IWM,us,buy,up,high,2025-07-20,2025-07-21,6m,IWM,False,219.1538,0.2076,0.1063,0.1013,0.2076,True,True,,,6m,https://www.youtube.com/watch?v=XdSeZKsWCvc,The Russell 2000 is the move. Small caps are the move now at this point in time... My opinion is Russell rolls throughout the remainder of the year.
financial-education,MSFT,us,buy,up,high,2026-05-20,2026-05-20,1y,MSFT,True,420.15,-0.097,0.0074,-0.1044,-0.097,False,True,,,1y,https://www.youtube.com/watch?v=YHKkawU8K9w,"Microsoft, I've been talking about this one the last month or two is a buy, you know, straight up. Like, it's a buy. I don't know what other way to put it."
financial-education,SOFI,us,buy,up,med,2026-05-20,2026-05-20,3m,SOFI,False,15.69,0.1415,0.0074,0.1341,0.1415,True,True,,25,3m,https://www.youtube.com/watch?v=YHKkawU8K9w,"SoFi could go back to a 22 to $25 stock after earnings, right? Eventually, we're going to get back to the 30s. If this stock drops and you go back to the $15 to $16 level, for long-term investors that love SoFi, it's a great buying opportunity."
financial-education,AXP,us,buy,up,med,2026-05-20,2026-05-20,6m,AXP,True,309.82,0.091,0.0074,0.0835,0.091,True,True,,,,https://www.youtube.com/watch?v=YHKkawU8K9w,"There's a stock I like more than Visa by the way, and it is a company named American Express. Yes, I like American Express more than Visa. Getting in a discount and I actually believe American Express actually a little bit more of a premium business model."
financial-education,CAKE,us,buy,up,med,2026-05-20,2026-05-20,3m,CAKE,False,60.3,0.2801,0.0074,0.2727,0.2801,True,True,,,3m,https://www.youtube.com/watch?v=YHKkawU8K9w,"Cheesecake Factory, I'm expecting beats across the board for Cheesecake Factory. Evaluation is very attractive. Forward P 15 with so many growth concepts for the next 10 plus years for that company."
financial-education,EL,us,buy,up,med,2026-05-20,2026-05-20,1y,EL,True,77.8988,0.0887,0.0074,0.0813,0.0887,True,True,,,1y,https://www.youtube.com/watch?v=YHKkawU8K9w,"EL, I'm expecting beats across the board for EL. And I'm going to I honestly expect EL to just beat beat beat for quite a while in regards to that stock."
financial-education,ENPH,us,hold-avoid,down,med,2026-05-20,2026-05-20,6m,ENPH,False,53.15,-0.0164,0.0074,0.0238,0.0164,True,True,,,,https://www.youtube.com/watch?v=YHKkawU8K9w,"Enphase has been a mess for years, remains a mess, right?"
financial-education,RIVN,us,hold-avoid,down,med,2026-05-20,2026-05-20,6m,RIVN,False,13.73,0.2032,0.0074,-0.1958,-0.2032,False,True,,,,https://www.youtube.com/watch?v=YHKkawU8K9w,"Rivian, I mean, you know, their vehicles are pretty good, but man, they just, you know, just not bueno not bueno."
financial-education,AMZN,us,buy,up,high,2026-02-20,2026-02-20,1y,AMZN,True,210.11,0.1632,0.0861,0.0771,0.1632,True,True,,,1y,https://www.youtube.com/watch?v=YTEAKunnRBY,"The ultimate stock to buy long term, listen, it's Amazon, without question... I believe Amazon's going to a 10 trillion plus dollar company here."
financial-education,CAKE,us,buy,up,high,2026-02-20,2026-02-20,1y,CAKE,False,62.9277,0.2266,0.0861,0.1406,0.2266,True,True,,100,1y,https://www.youtube.com/watch?v=YTEAKunnRBY,This stock's on its way to 100 plus. And that's why I hold CAKE. It's going to 100 plus baby... I am buying SAS stocks very heavily in the first quarter.
financial-education,ELF,us,buy,up,high,2026-02-20,2026-02-20,3m,ELF,False,94.02,-0.4374,0.0845,-0.5218,-0.4374,False,True,,187,3m,https://www.youtube.com/watch?v=YTEAKunnRBY,My base case... I have this stock going to $160 to $187 a share come 2029. That's tremendous upside from here essentially. Elf absolutely a company I love.
financial-education,SOFI,us,buy,up,med,2026-02-20,2026-02-20,1y,SOFI,False,19.02,-0.0584,0.0861,-0.1444,-0.0584,False,True,,,1y,https://www.youtube.com/watch?v=YTEAKunnRBY,SoFi is really the future of banking... I think it's going to continue to be a great stock for years to go in the future.
financial-education,NKE,us,buy,up,med,2026-02-20,2026-02-20,1y,NKE,True,64.3926,-0.2981,0.0861,-0.3841,-0.2981,False,True,,,1y,https://www.youtube.com/watch?v=YTEAKunnRBY,"Nike's definitely the turnaround... like the is not a question about the turnaround anymore at this point time. Nike, honorable mention."
financial-education,CRM,us,buy,up,high,2026-02-20,2026-02-20,1y,CRM,True,184.6981,-0.1782,0.0861,-0.2643,-0.1782,False,True,,,1y,https://www.youtube.com/watch?v=YTEAKunnRBY,"Number one, this is the best buy in my opinion in the SAS space and it is CRM. It is Salesforce... I am buying SAS stocks very heavily in the first quarter."
financial-education,NOW,us,buy,up,med,2026-02-20,2026-02-20,1y,NOW,True,104.27,-0.0885,0.0861,-0.1746,-0.0885,False,True,,,1y,https://www.youtube.com/watch?v=YTEAKunnRBY,"Number two of five is ServiceNow. Next year, revenue growth expected to be 17% for ServiceNow. Don't be surprised if they beat those numbers... ServiceNow, I like that one a lot."
financial-education,ADBE,us,buy,up,med,2026-02-20,2026-02-20,1y,ADBE,True,258.61,-0.2454,0.0861,-0.3314,-0.2454,False,True,,,1y,https://www.youtube.com/watch?v=YTEAKunnRBY,Next one up here is ADBE... I don't think people understand how Adobe makes most of money from big companies... huge opportunity for them to expand in the AI space.
financial-education,INTU,us,buy,up,med,2026-02-20,2026-02-20,1y,INTU,True,379.3776,-0.2962,0.0861,-0.3823,-0.2962,False,True,,,1y,https://www.youtube.com/watch?v=YTEAKunnRBY,"Number four or five is Intuit. INTU on this one. Intuit, 15 forward P... one of the best business models in the world... Intuit's going to keep making money for me this year and future years."
financial-education,PANW,us,buy,up,med,2026-02-20,2026-02-20,1y,PANW,True,148.7,0.9353,0.0861,0.8492,0.9353,True,True,,,1y,https://www.youtube.com/watch?v=YTEAKunnRBY,Number five of five is Palo Alto Networks... this is a company that should grow double digits for years to go in the future... I see as a big opportunity.
financial-education,META,us,buy,up,high,2026-02-20,2026-02-20,3m,META,True,655.0991,-0.0684,0.0845,-0.1529,-0.0684,False,True,,,3m,https://www.youtube.com/watch?v=YnIhU8buVqM,"The stock I believe has the most upside for the next three years out of my top eight stocks... Number one is Meta... Meta, I believe, has the most upside for the next 3 years specifically."
financial-education,AMD,us,buy,up,high,2026-02-20,2026-02-20,1y,AMD,True,200.15,1.6848,0.0861,1.5988,1.6848,True,True,,500,1y,https://www.youtube.com/watch?v=YnIhU8buVqM,"AMD sets up very well as well... I won't be surprised if you it pushes to 500 plus. I know it seems like a long way from here, but I wouldn't be surprised at all."
financial-education,ELF,us,buy,up,med,2026-02-20,2026-02-20,3m,ELF,False,94.02,-0.4374,0.0845,-0.5218,-0.4374,False,True,,,3m,https://www.youtube.com/watch?v=YnIhU8buVqM,"I think Elf sets up very well. Getting through all the tariff drama, I think there's going to be a lot more clarity around the business model by the end of this year."
financial-education,CELH,us,buy,up,high,2026-02-20,2026-02-20,3m,CELH,False,48.32,-0.3767,0.0845,-0.4611,-0.3767,False,True,,,3m,https://www.youtube.com/watch?v=YnIhU8buVqM,Celsius Holdings. That's the fourth stock I think has the most upside the next 3 years. With the Lani deal... I think growth rates are going to be phenomenal for the next 3 years.
financial-education,GOOGL,us,buy,up,med,2026-02-20,2026-02-20,3m,GOOGL,True,314.7584,0.2167,0.0845,0.1322,0.2167,True,True,,,3m,https://www.youtube.com/watch?v=YnIhU8buVqM,The fifth stock up here is Google McDougall... I think Google actually still sets up very well for the next 3 years... watch out. That's all I'll say about that for the next 3 years.
financial-education,CRM,us,buy,up,high,2026-02-20,2026-02-20,3m,CRM,True,184.6981,-0.0251,0.0845,-0.1095,-0.0251,False,True,,180,3m,https://www.youtube.com/watch?v=YnIhU8buVqM,"Salesforce, worst-case scenario I see for Salesforce, 180. Worst case... I am buying pretty much every single week these stocks right now. And I'm going to do that for the remainder of Q1."
financial-education,ADBE,us,buy,up,high,2026-02-20,2026-02-20,3m,ADBE,True,258.61,-0.0536,0.0845,-0.138,-0.0536,False,True,,250,3m,https://www.youtube.com/watch?v=YnIhU8buVqM,"Worst-case scenario for Adobe stock, in my personal opinion, 250... I am buying pretty much every single week these stocks right now... buying Salesforce, buying Adobe."
financial-education,NFLX,us,hold-avoid,down,med,2026-02-20,2026-02-20,3m,NFLX,True,78.67,0.1262,0.0845,-0.0417,-0.1262,False,True,,,3m,https://www.youtube.com/watch?v=YnIhU8buVqM,Am I interested in buying Netflix tomorrow? The answer is no... Netflix is going to have to take out a massive load of debt... it's a big dark cloud over the stock.
financial-education,WHR,us,buy,up,high,2025-09-20,2025-09-22,6m,WHR,False,79.0089,-0.3386,-0.0219,-0.3167,-0.3386,False,True,,,6m,https://www.youtube.com/watch?v=ZL7b74dB6Sc,I view this stock as a buy anywhere in the $70 to $110 area... I kind of look at Whirlpool as a double up opportunity here.
financial-education,GOOGL,us,buy,up,high,2025-09-20,2025-09-22,1y,GOOGL,True,252.1874,0.4594,0.1262,0.3332,0.4594,True,True,,,1y,https://www.youtube.com/watch?v=ZL7b74dB6Sc,"My base case for Google... doing 10% revenue growth per year over the next few years... gives me a compound annual growth rate of about 15% on the low end and 20% on the high end. Easy, easy peasy."
financial-education,CAKE,us,buy,up,high,2025-09-20,2025-09-22,1y,CAKE,False,53.067,0.4546,0.1262,0.3284,0.4546,True,True,,,1y,https://www.youtube.com/watch?v=ZL7b74dB6Sc,It was a buy yesterday. It was a buy the month before. It was buy last year. It was a buy the year before. It's a buy next year... the next 10 plus years of growth ahead.
financial-education,FUBO,us,buy,up,med,2025-09-20,2025-09-22,1y,FUBO,False,54.72,-0.8315,0.1262,-0.9577,-0.8315,False,True,,10,1y,https://www.youtube.com/watch?v=ZL7b74dB6Sc,"I think it's a kind of a joke the stock's $353 today. This stock should be well over $5 right now... if they get back to very nice revenue growth next year, we could be talking about a stock that goes... $10 plus."
financial-education,ADBE,us,buy,up,med,2025-09-20,2025-09-22,1y,ADBE,True,364.08,-0.464,0.1262,-0.5902,-0.464,False,True,,,1y,https://www.youtube.com/watch?v=ZL7b74dB6Sc,Honorable mention here today. Stock's done trash past 5 years. I think it's going to do very well for itself over the next five years. Adobe is a stock I started buying here somewhat recently.
financial-education,NKE,us,buy,up,med,2025-09-20,2025-09-22,1y,NKE,True,69.7368,-0.3518,0.1262,-0.478,-0.3518,False,True,,,1y,https://www.youtube.com/watch?v=ZL7b74dB6Sc,I love Nike as a buy the last few months. The stock's already bottomed. It's heading up from here. I think Nike's got a great next 3 to 5 years ahead of this company.
financial-education,AMZN,us,buy,up,high,2026-03-20,2026-03-20,1y,AMZN,True,205.37,0.19,0.1514,0.0386,0.19,True,True,,,1y,https://www.youtube.com/watch?v=ZT5Y9OWWduo,Amazon is at a discount right now... that's why I wanted to feature number one here today out of these seven stocks. It's one you can buy and hold for ever right now.
financial-education,SOFI,us,buy,up,high,2026-03-20,2026-03-20,1y,SOFI,False,16.9,0.0598,0.1514,-0.0916,0.0598,False,True,,,1y,https://www.youtube.com/watch?v=ZT5Y9OWWduo,SoFi Technologies. This is a $17 stock... I think they can pull that off right now... I think they can pull that off. This is a stock to buy and hold forever.
financial-education,META,us,buy,up,high,2026-03-20,2026-03-20,1y,META,True,593.66,-0.0277,0.1514,-0.1791,-0.0277,False,True,,,1y,https://www.youtube.com/watch?v=ZT5Y9OWWduo,"Meta, it's very attractively priced. Ford P in the stock somewhere around 20. That's extremely fair... that's a steel deal. Meta is my number one biggest investment in the public account."
financial-education,NKE,us,buy,up,med,2026-03-20,2026-03-20,1y,NKE,True,51.9055,-0.1292,0.1514,-0.2806,-0.1292,False,True,,,1y,https://www.youtube.com/watch?v=ZT5Y9OWWduo,"Nike 30,000% gainer all time on this stock. number four... It's a $54 stock as of today... Nike is still going to be way more relevant 20 years from now than it was 20 years ago."
financial-education,ELF,us,buy,up,high,2026-03-20,2026-03-20,1y,ELF,False,72.5,-0.1145,0.1514,-0.2658,-0.1145,False,True,,,1y,https://www.youtube.com/watch?v=ZT5Y9OWWduo,"ELF is a $73. Steel deal, right? Steel deal. Anything under 100 you can get your hands on with E.L.F. buy it up. Buy it up. Buy it up."
financial-education,CELH,us,buy,up,high,2026-03-20,2026-03-20,1y,CELH,False,41.51,-0.258,0.1514,-0.4094,-0.258,False,True,,,1y,https://www.youtube.com/watch?v=ZT5Y9OWWduo,"Celsius is a major position for me... Up $76,000 on it so far up 78%. Do I have any ambition to sell any of these 4,000 shares? Absolutely not. I would love to hold this for years to go in the future."
financial-education,WYNN,us,buy,up,med,2026-03-20,2026-03-20,1y,WYNN,True,99.7181,0.0583,0.1514,-0.0931,0.0583,False,True,,,1y,https://www.youtube.com/watch?v=ZT5Y9OWWduo,Number seven of these seven stocks that you can buy and hold forever is Wynn Resorts... that's a company I could feel comfortable investing into for decades to go in the future.
financial-education,ELF,us,buy,up,high,2026-02-20,2026-02-20,1y,ELF,False,94.02,-0.3172,0.0861,-0.4033,-0.3172,False,True,,76,1y,https://www.youtube.com/watch?v=_3i3ZilrlDg,ELF at $76 is a great buy... both of stocks are buys today. ELF and Estee Lauder.
financial-education,EL,us,buy,up,high,2026-02-20,2026-02-20,1y,EL,True,113.4341,-0.2523,0.0861,-0.3384,-0.2523,False,True,,96,1y,https://www.youtube.com/watch?v=_3i3ZilrlDg,EL at $96 is a great buy if you have a longer-term investment horizon... both of stocks are buys today.
financial-education,CRM,us,buy,up,high,2026-02-20,2026-02-20,1y,CRM,True,184.6981,-0.1782,0.0861,-0.2643,-0.1782,False,True,,,1y,https://www.youtube.com/watch?v=_3i3ZilrlDg,I believe Salesforce is going to be a great winner winner chicken dinner over the next several years... I bought 60 shares of CRM. We're in a generational buying opportunity in 2026 for SAS stocks.
financial-education,ADBE,us,buy,up,high,2026-02-20,2026-02-20,6m,ADBE,True,258.61,-0.2454,0.0861,-0.3314,-0.2454,False,True,,,6m,https://www.youtube.com/watch?v=_3i3ZilrlDg,I bought 85 shares of Adobe... We're in a generational buying opportunity in 2026 for SAS stocks. They might not be at an exact bottom today but I would say within 5 to 15%.
financial-education,NOW,us,buy,up,high,2026-02-20,2026-02-20,6m,NOW,True,104.27,-0.0885,0.0861,-0.1746,-0.0885,False,True,,,6m,https://www.youtube.com/watch?v=_3i3ZilrlDg,I bought 120 shares of Service Now... generational buying opportunity for SAS stocks in 2026. Service Now might be the most quality of all them. Could Service Now get cut in half again? No.
financial-education,AMD,us,buy,up,high,2026-02-20,2026-02-20,1y,AMD,True,200.15,1.6848,0.0861,1.5988,1.6848,True,True,,,1y,https://www.youtube.com/watch?v=_3i3ZilrlDg,You got to own AMD. You got to own it. Like I have a million dollars plus in AMD... You just got to own AMD. It's a must own.
financial-education,ADBE,us,buy,up,high,2025-12-20,2025-12-22,6m,ADBE,True,357.53,-0.4541,0.0934,-0.5475,-0.4541,False,True,,,6m,https://www.youtube.com/watch?v=_eWsP_5tlp8,Adobe will be one of those stocks that suddenly 2x's within a 6-month span in my personal opinion. It's a great risk-reward profile on Adobe.
financial-education,AMD,us,buy,up,high,2025-12-20,2025-12-22,1y,AMD,True,214.95,1.5,0.0934,1.4066,1.5,True,True,,,1y,https://www.youtube.com/watch?v=_eWsP_5tlp8,I'm holding these babies tight. I have no interest in letting those babies go... You could offer me 250 for AMD right now and I'm not interested. You could offer me 300. If you told me I couldn't buy it back I wouldn't be interested.
financial-education,SOFI,us,buy,up,high,2025-12-20,2025-12-22,1y,SOFI,False,27.35,-0.3452,0.0934,-0.4385,-0.3452,False,True,,,1y,https://www.youtube.com/watch?v=_eWsP_5tlp8,"I am I don't care what you offer me for SoFi, I'm not interested in selling them. Not right now... I'm up 226% on the stock... SoFi just continues to impress me, man."
financial-education,CAKE,us,buy,up,high,2025-12-20,2025-12-22,1y,CAKE,False,51.7267,0.4923,0.0934,0.3989,0.4923,True,True,,,1y,https://www.youtube.com/watch?v=_eWsP_5tlp8,Cake... it's literally one of my favorite stocks in the market... I'm still buying the stock. I still love this stock. Cake has total available liquidity of $556 million... super profitable.
financial-education,ADBE,us,buy,up,high,2025-07-20,2025-07-21,1y,ADBE,True,367.68,-0.4692,0.1977,-0.6669,-0.4692,False,True,,950,1y,https://www.youtube.com/watch?v=_r98mhORa8E,"I was actively buying the stock today. I was buying Adobe stock today and I plan to continue to buy this one for a while. My base case puts the stock somewhere between about $820 and right under $1,000 a share come 2029."
financial-education,NKE,us,buy,up,med,2025-07-20,2025-07-21,6m,NKE,True,72.0431,-0.1201,0.1063,-0.2265,-0.1201,False,True,,,,https://www.youtube.com/watch?v=_r98mhORa8E,"Stock number two of these five stocks up here is Nike NKE. This stock is on a ripper rally, folks. 24%. The run has started, folks. The run has started."
financial-education,AMD,us,buy,up,high,2025-07-20,2025-07-21,1y,AMD,True,157.0,2.4227,0.1977,2.225,2.4227,True,True,,200,1y,https://www.youtube.com/watch?v=_r98mhORa8E,AMD is up 41% in the past 3 months and it's still a buy. I would not be shocked at all if this stock's 200 plus this year. And this stock could be a 500 plus dollar stock by 2027.
financial-education,CAKE,us,buy,up,high,2025-07-20,2025-07-21,6m,CAKE,False,62.6581,-0.0626,0.1063,-0.1689,-0.0626,False,True,,,,https://www.youtube.com/watch?v=_r98mhORa8E,I was buying cake shares here today. I keep buying every share in sight of the stock. What do you do with cake? You buy every rally. You buy every dip and you buy everything in between.
financial-education,WYNN,us,buy,up,med,2025-07-20,2025-07-21,6m,WYNN,True,105.39,0.0796,0.1063,-0.0267,0.0796,False,True,,,,https://www.youtube.com/watch?v=_r98mhORa8E,Wind Resorts stock is up 34.5% over the past 5 months. It's on a ripper rally now at this point in time. Love wind resorts.
financial-education,ADBE,us,buy,up,high,2025-12-20,2025-12-22,1y,ADBE,True,357.53,-0.4541,0.0934,-0.5475,-0.4541,False,True,,,1y,https://www.youtube.com/watch?v=_wbkVFKIrHk,Adobe first up. I believe Adobe's a 20% plus gainer in 2026. I believe all this negativity around the stock here in 2025 will alleviate in 2026 and people will give up on the bearish narrative.
financial-education,CRM,us,buy,up,med,2025-12-20,2025-12-22,1y,CRM,True,263.9698,-0.425,0.0934,-0.5184,-0.425,False,True,,,1y,https://www.youtube.com/watch?v=_wbkVFKIrHk,Salesforce. Another stock I expect to be a 20% plus gainer in 2026. The growth rate will start to accelerate at Salesforce. 20% plus gainer in my opinion in 26.
financial-education,FUBO,us,buy,up,med,2025-12-20,2025-12-22,1y,FUBO,False,31.8,-0.7101,0.0934,-0.8034,-0.7101,False,True,,,1y,https://www.youtube.com/watch?v=_wbkVFKIrHk,"Fubo, $2.50 stock roughly today. I believe the stock comes back to life in a major way. I believe people will realize that Fubo is here to stay and they're going to become a huge player in the streaming space."
financial-education,HNST,us,buy,up,med,2025-12-20,2025-12-22,1y,HNST,False,2.71,0.3911,0.0934,0.2978,0.3911,True,True,,5,1y,https://www.youtube.com/watch?v=_wbkVFKIrHk,The Honest Company. It's a two buck chuck right now. I believe this stock exits 2026 at 4 to $6 in my personal opinion.
financial-education,PYPL,us,buy,up,med,2025-12-20,2025-12-22,1y,PYPL,True,59.4832,-0.2853,0.0934,-0.3787,-0.2853,False,True,,,1y,https://www.youtube.com/watch?v=_wbkVFKIrHk,PayPal. I believe this is a 20% plus gainer in 2026. PayPal's got great numbers. They should continue to put up very strong numbers. The valuation's already at dirt cheap prices.
financial-education,EL,us,buy,up,med,2025-12-20,2025-12-22,1y,EL,True,107.893,-0.2139,0.0934,-0.3073,-0.2139,False,True,,140,1y,https://www.youtube.com/watch?v=_wbkVFKIrHk,Estee Lauder EL. I believe the stock exits at $140 plus dollars in 2026. They're going to continue to show growth in the business model. The margins will continue to come up.
financial-education,AMD,us,buy,up,high,2025-12-20,2025-12-22,1y,AMD,True,214.95,1.5,0.0934,1.4066,1.5,True,True,,275,1y,https://www.youtube.com/watch?v=_wbkVFKIrHk,AMD. I believe the stock exits 2026 somewhere priced between $250 and $300. Their numbers are going to be much much better in 27 than they were in 26 and 26 is going to be very impressive numbers.
financial-education,NKE,us,buy,up,med,2025-12-20,2025-12-22,1y,NKE,True,56.3386,-0.1977,0.0934,-0.2911,-0.1977,False,True,,,1y,https://www.youtube.com/watch?v=_wbkVFKIrHk,Nike 20% plus gainer in my opinion for Nike in 2026. The company's already started to turn around the business model. I believe you'll see that stock be well over 20% plus gainer.
financial-education,CELH,us,buy,up,med,2025-12-20,2025-12-22,1y,CELH,False,44.36,-0.3057,0.0934,-0.3991,-0.3057,False,True,,42,1y,https://www.youtube.com/watch?v=_wbkVFKIrHk,"Celsius Holdings, CELH, energy drink company should exit the year somewhere in the low to mid 40s. I believe this is a 20% plus gainer in 2026."
financial-education,ELF,us,buy,up,med,2025-12-20,2025-12-22,1y,ELF,False,79.14,-0.1888,0.0934,-0.2822,-0.1888,False,True,,100,1y,https://www.youtube.com/watch?v=_wbkVFKIrHk,"Elf Beauty, I believe this stock exits 2026 at $100 plus."
financial-education,PLTR,us,hold-avoid,down,med,2025-12-20,2025-12-22,1y,PLTR,True,193.98,-0.3377,0.0934,0.4311,0.3377,True,True,,,1y,https://www.youtube.com/watch?v=_wbkVFKIrHk,"Stocks like Palanteer, stocks like Tesla, stocks like Oaklo, be very careful of those in 26 and beyond. Those stocks were the big runners. They got insanely rich valuations. They've got valuation problems in a major major way."
financial-education,TSLA,us,hold-avoid,down,med,2025-12-20,2025-12-22,1y,TSLA,True,488.73,-0.1805,0.0934,0.2739,0.1805,True,True,,,1y,https://www.youtube.com/watch?v=_wbkVFKIrHk,"Stocks like Palanteer, stocks like Tesla, be very careful of those in 26 and beyond. They've got valuation problems in a major major way now at this point in time. That makes it not to play in 2026 and beyond."
financial-education,OKLO,us,hold-avoid,down,med,2025-12-20,2025-12-22,1y,OKLO,False,83.44,-0.2669,0.0934,0.3603,0.2669,True,True,,,1y,https://www.youtube.com/watch?v=_wbkVFKIrHk,"Stocks like Oaklo, be very careful of those in 26 and beyond. Oklo, the company's like a basically pre-revenue company that who knows if they ever get to profitability, it would be in the 2030s."
financial-education,SOFI,us,buy,up,med,2025-07-20,2025-07-21,3m,SOFI,False,21.16,0.2543,0.0596,0.1947,0.2543,True,True,,25,3m,https://www.youtube.com/watch?v=bTPsKpZDx2A,"If they can keep this going and they don't have a bad guidance, we're going to see higher highs from SoFi and you'll see the stock go probably $25 plus. That's where I think we're headed if they come in with another double beat."
financial-education,CAKE,us,buy,up,high,2025-07-20,2025-07-21,1y,CAKE,False,62.6581,0.2319,0.1977,0.0342,0.2319,True,True,,100,1y,https://www.youtube.com/watch?v=bTPsKpZDx2A,"Cake remains a great riskreward. Next thing you know, we'll be talking about a $75 stock and then we'll be talking about a $100 stock. For the next many years cake should be on the upward move."
financial-education,AMD,us,buy,up,high,2025-07-20,2025-07-21,1y,AMD,True,157.0,2.4227,0.1977,2.225,2.4227,True,True,,300,1y,https://www.youtube.com/watch?v=bTPsKpZDx2A,For this stock to take out 200 really rapidly here and then go 250 and then we start talking about 300. It's not crazy at all. You could have a pull down on the stock after that and then you head up to $4 or $500 if Lisa Sue keeps putting up the numbers.
financial-education,AMD,us,buy,up,high,2026-05-20,2026-05-20,1y,AMD,True,447.58,0.2006,0.0074,0.1932,0.2006,True,True,,1000,1y,https://www.youtube.com/watch?v=bsXdpDzDTqk,"In my base case for AMD, this stock will be a thousand dollar plus stock in 2029. Just a few years from now. As far as the way I look at it, the first range you could even consider taking some profits is in the $400 to $500 range."
financial-education,NOW,us,buy,up,high,2026-05-20,2026-05-20,1y,NOW,True,103.3,-0.08,0.0074,-0.0874,-0.08,False,True,,,1y,https://www.youtube.com/watch?v=bsXdpDzDTqk,"ServiceNow, ticker symbol NOW. I put about a hundred thousand dollars into this stock. I'd really view it as scoop up as much as possible, hold for the next 3 to 7 years, and get ready for a party long term."
financial-education,AMD,us,buy,up,high,2026-02-20,2026-02-20,1y,AMD,True,200.15,1.6848,0.0861,1.5988,1.6848,True,True,,,1y,https://www.youtube.com/watch?v=cCRQ41JBU8o,"As far as me and what I'm doing with my AMD stock, listen, I'm holding every share as tight as I possibly can. I'm a very happy shareholder."
financial-education,ELF,us,buy,up,high,2026-02-20,2026-02-20,1y,ELF,False,94.02,-0.3172,0.0861,-0.4033,-0.3172,False,True,,200,1y,https://www.youtube.com/watch?v=cCRQ41JBU8o,"It's on its way back to 200 plus. It's not going to happen overnight, but it's on its way to 200 plus. ELF Beauty still a buy. Even tomorrow, even if the stock's up big tomorrow, it's a buy. Stock's down, it's a buy."
financial-education,NOW,us,buy,up,med,2026-02-20,2026-02-20,1y,NOW,True,104.27,-0.0885,0.0861,-0.1746,-0.0885,False,True,,,1y,https://www.youtube.com/watch?v=cCRQ41JBU8o,Service Now is a great buy in my personal opinion. People have gone way too crazy about these software stocks.
financial-education,ADBE,us,buy,up,med,2026-02-20,2026-02-20,6m,ADBE,True,258.61,-0.2454,0.0861,-0.3314,-0.2454,False,True,,,,https://www.youtube.com/watch?v=cCRQ41JBU8o,"Adobe is a great buy right now. Adobe is going to be so hard to push down on red days. On green days, it's going to explode to the upside."
financial-education,NKE,us,buy,up,med,2026-02-20,2026-02-20,6m,NKE,True,64.3926,-0.2981,0.0861,-0.3841,-0.2981,False,True,,,,https://www.youtube.com/watch?v=cCRQ41JBU8o,Nike up 5% plus today. Nike still a steel deal. That's 64 bucks. Come on.
financial-education,AXP,us,buy,up,med,2026-02-20,2026-02-20,6m,AXP,True,345.0891,-0.0205,0.0861,-0.1066,-0.0205,False,True,,,,https://www.youtube.com/watch?v=cCRQ41JBU8o,"American Express, always a buy. I don't know any other way to put it."
financial-education,GOOGL,us,sell,neutral,med,2026-02-20,2026-02-20,6m,GOOGL,True,314.7584,0.1692,0.0861,-0.0832,-0.1692,False,True,,,,https://www.youtube.com/watch?v=cCRQ41JBU8o,"I'm going to probably take my money and run. Not because Google's a bad company. I don't think they're going to be able to do it. So, I might take my profit and run out of Google and invest that elsewhere."
financial-education,GOOGL,us,sell,neutral,med,2026-02-20,2026-02-20,6m,GOOGL,True,314.7584,0.1692,0.0861,-0.0832,-0.1692,False,True,,,,https://www.youtube.com/watch?v=ciM231WXE8w,"I took $72,000 out of the stock here today. In terms of my other 222 shares, I'm holding those babies for now but at some point they're going to be gone too. The easy money in regards to Google has been made."
financial-education,CRM,us,buy,up,high,2026-02-20,2026-02-20,1y,CRM,True,184.6981,-0.1782,0.0861,-0.2643,-0.1782,False,True,,,1y,https://www.youtube.com/watch?v=ciM231WXE8w,"I believe this is another situation that from wherever it hits bottom in the next 2 months, I think we'll look at another double up situation. 28% to 34% CAGR on this one."
financial-education,AXP,us,buy,up,high,2026-02-20,2026-02-20,1y,AXP,True,345.0891,-0.0205,0.0861,-0.1066,-0.0205,False,True,,900,1y,https://www.youtube.com/watch?v=ciM231WXE8w,"Under bull case assumption, the stock goes to 800 to 900 plus dollars, which gives me a solid 20% plus CAGR. Base case right around 20% CAGR. Absolutely love American Express."
financial-education,NKE,us,buy,up,med,2026-02-20,2026-02-20,1y,NKE,True,64.3926,-0.2981,0.0861,-0.3841,-0.2981,False,True,,150,1y,https://www.youtube.com/watch?v=ciM231WXE8w,I think we're going back to that 120 to 150 range over the next 36 months. It's clear to me looking at the Nike numbers that Nike has turned a corner. I don't think Wall Street's really recognized that.
financial-education,HIMS,us,hold-avoid,down,med,2026-02-20,2026-02-20,1y,HIMS,False,15.63,1.2694,0.0861,-1.1833,-1.2694,False,True,,,1y,https://www.youtube.com/watch?v=ciM231WXE8w,"My personal thoughts on this one, I'm going to revisit Hims in 2027. For 2026 it's kind of a done situation for me. The chances I would buy the stock in 2026 is extremely low."
financial-education,ELF,us,buy,up,med,2025-09-20,2025-09-22,1y,ELF,False,137.32,-0.5325,0.1262,-0.6587,-0.5325,False,True,,,1y,https://www.youtube.com/watch?v=cmC9aVsvzIM,"Stocks like these three are also, in my opinion, a great play. ELF, Wynn Resorts, Celsius. ELF and Celsius are going to have massive growth rates in 2026. It doesn't matter what market you are in. If a company really has great growth, people want to be in it."
financial-education,CELH,us,buy,up,med,2025-09-20,2025-09-22,1y,CELH,False,51.34,-0.4001,0.1262,-0.5263,-0.4001,False,True,,,1y,https://www.youtube.com/watch?v=cmC9aVsvzIM,"ELF and Celsius are going to have massive growth rates in 2026. It doesn't matter what market you are in. If a company really has great growth, people want to be in it."
financial-education,WYNN,us,buy,up,med,2025-09-20,2025-09-22,1y,WYNN,True,125.1864,-0.157,0.1262,-0.2832,-0.157,False,True,,,1y,https://www.youtube.com/watch?v=cmC9aVsvzIM,"Wynn Resorts sets up very well. Interest rates are likely going lower, good for a company like Wynn. They have their big Middle East property opening likely in 2027. You could start to have a lot of hype and excitement coming to Wynn Resorts in 26."
financial-education,TSLA,us,hold-avoid,down,med,2025-09-20,2025-09-22,6m,TSLA,True,434.21,-0.1526,-0.0219,0.1307,0.1526,True,True,,,6m,https://www.youtube.com/watch?v=cmC9aVsvzIM,"Tesla, the fundamentals are very bad. That's not an opinion, that's a fact. The only thing positive is people are excited about maybe robots someday. Tesla has nothing going for it in the short term when it comes to their business model. Positive, nothing."
financial-education,CRM,us,buy,up,high,2025-09-20,2025-09-22,1y,CRM,True,248.6657,-0.3896,0.1262,-0.5158,-0.3896,False,True,,,1y,https://www.youtube.com/watch?v=d_1LSjS7f68,CRM Salesforce. This is my new building giant. I bought another 40 shares today. I need to build this stock out as quickly as I possibly can before Q2 2026. I love this one and I'm going to continue to buy it. I'm going to make it a massive position.
financial-education,NKE,us,buy,up,high,2025-09-20,2025-09-22,1y,NKE,True,69.7368,-0.3518,0.1262,-0.478,-0.3518,False,True,,,1y,https://www.youtube.com/watch?v=d_1LSjS7f68,"Bought another $1,700 worth of Nike. I own 2,800 shares in Nike. It's over a $200,000 position. Nike still going to be a buy in October and November and December. I think it's a stock I'm going to make a lot of money in over the next several years."
financial-education,HNST,us,buy,up,med,2025-09-20,2025-09-22,1y,HNST,False,3.94,-0.0431,0.1262,-0.1693,-0.0431,False,True,,10.0,1y,https://www.youtube.com/watch?v=d_1LSjS7f68,"Bought 777 shares of HMST Honest at $3.82. I think there's a lot of money to be made here. I think we'll be talking about $10. If Carla keeps executing the way she's done, we'll be out of the goolog very shortly and we'll be up into $10 before you know it."
financial-education,AMD,us,buy,up,high,2025-09-20,2025-09-22,1y,AMD,True,159.79,2.363,0.1262,2.2368,2.363,True,True,,350.0,1y,https://www.youtube.com/watch?v=d_1LSjS7f68,"You know I believe AMD is going to $3 to $400 stock over the next couple years here, right? Yeah, I think it's going there. I own 2555 shares. It's a $400,000 plus position. It's a maxed out position."
financial-education,META,us,buy,up,high,2025-09-20,2025-09-22,1y,META,True,763.8824,-0.2444,0.1262,-0.3706,-0.2444,False,True,,1000.0,1y,https://www.youtube.com/watch?v=d_1LSjS7f68,"Meta. Oh, Meta. Meta the $1.2 million position. I think Meta is going to a thousand plus within the next 12 months."
financial-education,ADBE,us,buy,up,high,2026-02-20,2026-02-20,1y,ADBE,True,258.61,-0.2454,0.0861,-0.3314,-0.2454,False,True,,,1y,https://www.youtube.com/watch?v=eAT1PB-DOHY,I bought Adobe 70 shares here today. My base case for Adobe gives me a 21% CAGR midpoint. How am I not gonna buy Adobe? I got to buy Adobe. I'll take my 21% Kaggar situation.
financial-education,CRM,us,buy,up,high,2026-02-20,2026-02-20,1y,CRM,True,184.6981,-0.1782,0.0861,-0.2643,-0.1782,False,True,,,1y,https://www.youtube.com/watch?v=eAT1PB-DOHY,"Salesforce 90 shares here today. Steel deal at 190, steel deal at 200, 210, 220, 230. My plan is buy buy and just keep adding to them. My base case for Salesforce gives me a compound annual growth rate of 25% to right around 30%. Very attractive."
financial-education,NOW,us,buy,up,high,2026-02-20,2026-02-20,1y,NOW,True,104.27,-0.0885,0.0861,-0.1746,-0.0885,False,True,,,1y,https://www.youtube.com/watch?v=eAT1PB-DOHY,"I bought Service Now, 180 shares. The stock's trading way too cheap. Way way too cheap. I expect revenue growth in the 15 to 25% range every year all the way to 2030 plus. Looking at a forward P of 28 doesn't make sense for a company growing at those rates."
financial-education,MU,us,hold-avoid,down,high,2026-02-20,2026-02-20,1y,MU,True,427.9902,1.6496,0.0861,-1.5635,-1.6496,False,True,,,1y,https://www.youtube.com/watch?v=eAT1PB-DOHY,"Micron, is it easy money or a trap? It's a trap. I would not be a buyer of MU stock for the remainder of this year. It's best to position out of that this year in 2026. The prices you'll see in 2026 for Micron won't be touched again maybe ever."
financial-education,PLTR,us,hold-avoid,down,med,2026-02-20,2026-02-20,6m,PLTR,True,135.24,-0.0501,0.0861,0.1361,0.0501,True,True,,,6m,https://www.youtube.com/watch?v=eAT1PB-DOHY,Palanteer's got a lot of dark clouds around it right now. Government contracts could get a lot harder to secure. Some government contracts might try to cancel. There's going to be dark dark clouds for a while regarding Palunteer. It's not going to magically dissipate.
financial-education,META,us,buy,up,high,2025-08-20,2025-08-20,1y,META,True,745.968,-0.2262,0.1802,-0.4064,-0.2262,False,True,,1000,1y,https://www.youtube.com/watch?v=eB3vOj_3ApU,Meta's on its way to a thousand right. I've said this many times it's on its way to a thousand. There's no question to me whether Meta is going to a thousand here in the next 12 to 18 months.
financial-education,ELF,us,buy,up,med,2025-08-20,2025-08-20,6m,ELF,False,120.44,-0.269,0.0817,-0.3507,-0.269,False,True,,100,,https://www.youtube.com/watch?v=eB3vOj_3ApU,Eel saw some momentum here today. Almost a 3% move for that one. That one's going to be 100 plus shortly.
financial-education,AMD,us,buy,up,high,2025-08-20,2025-08-20,6m,AMD,True,165.2,0.2114,0.0817,0.1297,0.2114,True,True,,250,,https://www.youtube.com/watch?v=eB3vOj_3ApU,AMD continues to see momentum. The same people are selling it for 150 will be buying at 250 plus like you know crazy crazy crazy in regards to that one.
financial-education,AMD,us,buy,up,high,2025-11-20,2025-11-20,1y,AMD,True,206.02,1.6083,0.1509,1.4574,1.6083,True,True,,300,1y,https://www.youtube.com/watch?v=eOGInSssL9c,"This move on AMD stock is early, very early, as in like we're in like the second or third inning of a nine inning game here. The stock now at 250 it's on its way to being a $300 or $400 stock before you know it."
financial-education,SOFI,us,buy,up,med,2025-11-20,2025-11-20,6m,SOFI,False,24.91,-0.3717,0.1447,-0.5164,-0.3717,False,True,,30,,https://www.youtube.com/watch?v=eOGInSssL9c,"Don't be surprised that SoFi is over 30 before you know it, especially if they come through with insane growth rates again next earnings."
financial-education,ELF,us,buy,up,med,2025-11-20,2025-11-20,6m,ELF,False,68.42,-0.2236,0.1447,-0.3683,-0.2236,False,True,,200,,https://www.youtube.com/watch?v=eOGInSssL9c,ELF was a forgotten kicked around stock. Now people are willing to pay $122 for that stock and won't be long people be willing to pay $200 for that stock.
financial-education,CELH,us,buy,up,med,2025-11-20,2025-11-20,6m,CELH,False,39.21,-0.2425,0.1447,-0.3872,-0.2425,False,True,,100,,https://www.youtube.com/watch?v=eOGInSssL9c,Celsius at $63 now. It won't be long and then people will be running over themselves to pay 100 for it. All-time highs for Celsius.
financial-education,GOOGL,us,buy,up,high,2025-09-20,2025-09-22,6m,GOOGL,True,252.1874,0.1936,-0.0219,0.2154,0.1936,True,True,,,,https://www.youtube.com/watch?v=ewksHby_76I,With all the growth Google has you can make a case that it's one of the safest companies you can invest in the entire stock market and it trades at a forward P of 20. Still a buy. Still a buy.
financial-education,SOFI,us,buy,up,med,2025-09-20,2025-09-22,6m,SOFI,False,29.81,-0.4331,-0.0219,-0.4112,-0.4331,False,True,,100,,https://www.youtube.com/watch?v=ewksHby_76I,"SoFi, you could look at it and say so 26 is a great deal because this is going to be a $50 to $100 stock very shortly. I kind of secretly do want to buy more shares."
financial-education,DUOL,us,sell,down,med,2025-09-20,2025-09-22,3m,DUOL,False,309.34,-0.3988,0.0236,0.4225,0.3988,True,True,,,3m,https://www.youtube.com/watch?v=ewksHby_76I,"If the cues start falling, you could see Dolingo with a two in front of it in no time. Stock down almost 40% in the past 3 months while the Q's are up 10%. There's true fears of the fundamentals of this company deteriorating."
financial-education,AMD,us,buy,up,high,2025-07-20,2025-07-21,1y,AMD,True,157.0,2.4227,0.1977,2.225,2.4227,True,True,,,1y,https://www.youtube.com/watch?v=ey4i5tSWulE,Am I planning on selling AMD stock anytime soon? Absolutely not. We're coming for all-time highs...AMD in 140 is still looking very very good. The timing has been perfect if you've been buying AMD in 2025.
financial-education,CELH,us,buy,up,med,2025-07-20,2025-07-21,6m,CELH,False,43.61,0.2472,0.1063,0.1409,0.2472,True,True,,100,,https://www.youtube.com/watch?v=ey4i5tSWulE,"Could a Celsius eventually take out all-time highs, which is around $100 a share. Yes...it's got a long runway of growth ahead. I think Celsius is on its way to becoming a 20% market share player."
financial-education,ELF,us,buy,up,med,2025-07-20,2025-07-21,1y,ELF,False,111.61,-0.4248,0.1977,-0.6225,-0.4248,False,True,,,1y,https://www.youtube.com/watch?v=ey4i5tSWulE,ELF's going to put up tremendous growth for their brand again in 26...numbers are going to be flying in 2026. People are positioned to ELF before that.
financial-education,PLTR,us,hold-avoid,down,med,2025-07-20,2025-07-21,1y,PLTR,True,151.79,-0.1536,0.1977,0.3513,0.1536,True,True,,,1y,https://www.youtube.com/watch?v=ey4i5tSWulE,"If Palanteer only grows revenue 23% next year, the stock's crashing...we're going to see a 60 70 80% downward move in Palanteer stock. This company needs to be growing 40% plus revenues per year."
financial-education,NKE,us,buy,up,med,2025-07-20,2025-07-21,1y,NKE,True,72.0431,-0.3726,0.1977,-0.5703,-0.3726,False,True,,,1y,https://www.youtube.com/watch?v=ey4i5tSWulE,"I actually opened up call options on Nike...I believe Nike has a very nice next couple years ahead for the company. They're going to get back to solid growth moving forward in 2026, 2027 and beyond."
financial-education,NVDA,us,buy,up,low,2025-07-20,2025-07-21,1y,NVDA,True,171.1521,0.231,0.1977,0.0333,0.231,True,True,,250,1y,https://www.youtube.com/watch?v=ey4i5tSWulE,Loop Capital came out and they raised their price target on Nvidia to 250 from 175...the brokerage believes Nvidia could hit $6 trillion market cap on the view the company essentially has a monopoly in critical tech.
financial-education,SHOP,us,buy,up,med,2025-08-20,2025-08-20,6m,SHOP,False,137.29,-0.114,0.0817,-0.1957,-0.114,False,True,,,,https://www.youtube.com/watch?v=fGjPw8Sqc2w,Shopify probably hits 1 trillion plus...in the 2030s. I've always felt like Shopify has the potential to be a trillion dollar plus valuation company. They'll join the trillion dollar boys club.
financial-education,HNST,us,buy,up,high,2025-08-20,2025-08-20,6m,HNST,False,3.66,-0.4071,0.0817,-0.4888,-0.4071,False,True,,20,,https://www.youtube.com/watch?v=fGjPw8Sqc2w,"I bought over $10,000 of Honest stock in the public account here today...I believe it's going to be a $10 to $20 stock in the next few years. $10 you might even see next year."
financial-education,AMD,us,buy,up,high,2025-08-20,2025-08-20,1y,AMD,True,165.2,2.2528,0.1802,2.0727,2.2528,True,True,,250,1y,https://www.youtube.com/watch?v=fGjPw8Sqc2w,The same people that are selling yesterday in the 150s going to be buying AMD at $250 shortly in my opinion. AMD's road map is incredible. The spend of their customers is so incredibly huge.
financial-education,CELH,us,buy,up,high,2025-08-20,2025-08-20,6m,CELH,False,61.95,-0.299,0.0817,-0.3806,-0.299,False,True,,,,https://www.youtube.com/watch?v=fGjPw8Sqc2w,"Strong hold for me at the moment. I have no intention or interest in selling any of these 4,000 shares...The international opportunity over the next few years is so immense. This one just has so much upside ahead."
financial-education,QQQ,us,hold-avoid,down,med,2025-10-20,2025-10-20,6m,QQQ,False,609.9839,0.0603,0.0618,0.0014,-0.0603,True,True,,,6m,https://www.youtube.com/watch?v=faZJ019oiJE,I would put the odds of a 10% plus NASDAQ pull down over the fall and winter at about 75%. I might come in and do some hedges likely first week of October.
financial-education,NVDA,us,hold-avoid,down,low,2025-10-20,2025-10-20,1y,NVDA,True,182.4073,0.1551,0.1187,-0.0363,-0.1551,False,True,,,1y,https://www.youtube.com/watch?v=faZJ019oiJE,"If you're getting later stages in regards to this Nvidia cycle...27 numbers, good luck for 27 numbers for Nvidia...it's starting to get sus. It feels like Nvidia is almost trying to prop up their own market."
financial-education,META,us,buy,up,high,2025-08-20,2025-08-20,3m,META,True,745.968,-0.21,0.0413,-0.2513,-0.21,False,True,,900,3m,https://www.youtube.com/watch?v=2aFS9DnnazQ,"Wall Street should continue to funnel money into this one all the way to the $850 to $900 range. Then we can take a breather and then we'll be talking about $1,000 next."
financial-education,SOFI,us,buy,up,med,2025-08-20,2025-08-20,6m,SOFI,False,22.52,-0.1323,0.0817,-0.214,-0.1323,False,True,,30,6m,https://www.youtube.com/watch?v=2aFS9DnnazQ,SoFi wants 30... Don't be surprised if you see 25 sooner or later.
financial-education,FUBO,us,buy,up,med,2025-08-20,2025-08-20,3m,FUBO,False,40.32,0.0149,0.0413,-0.0264,0.0149,False,True,,5,3m,https://www.youtube.com/watch?v=2aFS9DnnazQ,"Fubo wants five... Don't be surprised if the momentum keeps going by the way, uh, in regards to Fubo there."
financial-education,AMD,us,buy,up,med,2025-08-20,2025-08-20,3m,AMD,True,165.2,0.3532,0.0413,0.3119,0.3532,True,True,,200,3m,https://www.youtube.com/watch?v=2aFS9DnnazQ,AMD wants 200 soon.
financial-education,CRM,us,buy,up,med,2025-10-20,2025-10-20,6m,CRM,True,253.2369,-0.2644,0.0618,-0.3262,-0.2644,False,True,,,,https://www.youtube.com/watch?v=2jQD6B4VHf0,"CRM, I really like that stock right here... I believe they're going to actually be a huge beneficiary of AI over the coming years. And I don't think people see it yet. Never bet against Benioff."
financial-education,ADBE,us,buy,up,med,2025-10-20,2025-10-20,6m,ADBE,True,343.4,-0.276,0.0618,-0.3377,-0.276,False,True,,,,https://www.youtube.com/watch?v=2jQD6B4VHf0,"Adobee is my number two. ADBE, I know a lot of people hate this stock, but I'm like, the company's great. They continue to innovate, right? They're going to push the boundaries on AI."
financial-education,AMZN,us,buy,up,med,2025-10-20,2025-10-20,6m,AMZN,True,216.48,0.1469,0.0618,0.0851,0.1469,True,True,,,,https://www.youtube.com/watch?v=2jQD6B4VHf0,"Amazon remains a buy. It remains a buy when you look at the e-commerce business, how much growth that has over the coming years. When you look at the AWS business, right, I think they're going to have a major reacceleration of growth in 2026."
financial-education,GOOGL,us,buy,up,med,2025-10-20,2025-10-20,6m,GOOGL,True,256.2019,0.317,0.0618,0.2553,0.317,True,True,,,,https://www.youtube.com/watch?v=2jQD6B4VHf0,"Google Stock is still a buy. Look at the Ford P of Google. What are we looking at? A Ford P of 22, a dosey do with the Gemini opportunity with the most dominant search."
financial-education,META,us,buy,up,med,2025-10-20,2025-10-20,6m,META,True,730.9475,-0.0821,0.0618,-0.1439,-0.0821,False,True,,,,https://www.youtube.com/watch?v=2jQD6B4VHf0,"Meta is a buy right now, too. That would be on my possible buys watch list if it wasn't already such a ridiculously huge position for me in the public account."
financial-education,NKE,us,buy,up,med,2025-10-20,2025-10-20,6m,NKE,True,66.156,-0.3036,0.0618,-0.3654,-0.3036,False,True,,,6m,https://www.youtube.com/watch?v=2jQD6B4VHf0,"Number five is Nike. Nike reports earnings tomorrow. 2026, I have my blessing. 2026, go up Nike. I would love to just add a little bit more Nike before the end of this year."
financial-education,CAKE,us,buy,up,med,2025-10-20,2025-10-20,6m,CAKE,False,53.5692,0.1543,0.0618,0.0925,0.1543,True,True,,,,https://www.youtube.com/watch?v=2jQD6B4VHf0,"Cheesecake Factory remains a buy. Like Cheesecake's a buy every single week. Doesn't matter if the stock's $30, $40, $50, $60. Cheesecake's a stock that will probably be several hundred in future years."
financial-education,SOFI,us,buy,up,med,2025-10-20,2025-10-20,6m,SOFI,False,28.68,-0.3201,0.0618,-0.3818,-0.3201,False,True,,,,https://www.youtube.com/watch?v=2jQD6B4VHf0,"SoFi stock obviously has been a big runner, but the growth rates are insane and the long-term opportunity of SoFi is incredible. So, it still is a stock I'm very interested in."
financial-education,CELH,us,buy,up,med,2025-10-20,2025-10-20,1y,CELH,False,64.45,-0.5221,0.1187,-0.6408,-0.5221,False,True,,,1y,https://www.youtube.com/watch?v=2jQD6B4VHf0,"Celsius is going to keep running for a long time. Like obviously I'll have pullbacks here and there, but at the end of the day, like Celsius has a massive runway of growth. People will continue to run into Celsius stock."
financial-education,AMD,us,buy,up,high,2026-05-30,2026-06-01,1y,AMD,True,510.13,0.0534,-0.0156,0.069,0.0534,True,True,,1000,1y,https://www.youtube.com/watch?v=4P_SZJD6xYs,AMD stock could hit a thousand dollars this year or next. This run could go to a thousand plus this year or next.
financial-education,MU,us,buy,up,med,2026-05-30,2026-06-01,1y,MU,True,1035.5,0.0951,-0.0156,0.1107,0.0951,True,True,,,1y,https://www.youtube.com/watch?v=4P_SZJD6xYs,"Enjoy the ride right now. They're going to make so much money over the next few years it's disgusting. Like the net margins of MU are just, you know, totally unsustainable for the long term, but for the short term the next year or two, like they're going to pull it off."
financial-education,SOFI,us,buy,up,med,2026-05-30,2026-06-01,1y,SOFI,False,18.58,-0.0361,-0.0156,-0.0205,-0.0361,False,True,,100,1y,https://www.youtube.com/watch?v=4P_SZJD6xYs,"SoFi will be a $50 to $100 plus stock in a few years from now. I look at this company as a strong hold. The world is theirs, man. The world is theirs."
financial-education,CAKE,us,buy,up,med,2026-05-30,2026-06-01,1y,CAKE,False,65.88,0.1717,-0.0156,0.1872,0.1717,True,True,,,1y,https://www.youtube.com/watch?v=4P_SZJD6xYs,"Long term, that's a triple-digit stock. We've got brighter days ahead. JP Morgan raised to neutral from underweight — Cheesecake Factory price target raised to $68 from $58."
financial-education,CELH,us,buy,up,med,2026-05-30,2026-06-01,1y,CELH,False,30.88,-0.0026,-0.0156,0.013,-0.0026,True,True,,,1y,https://www.youtube.com/watch?v=4P_SZJD6xYs,"Celsius Holdings, down 36% year-to-date, get ready for a run. It's going to be an 18-to-24-month insane bull run."
financial-education,RVLV,us,buy,up,med,2026-05-30,2026-06-01,1y,RVLV,False,19.46,0.1197,-0.0156,0.1353,0.1197,True,True,,,1y,https://www.youtube.com/watch?v=4P_SZJD6xYs,"Revolve, down 36% year-to-date, get ready for a run. It's going to be an 18-to-24-month insane bull run."
financial-education,ELF,us,buy,up,med,2026-05-30,2026-06-01,1y,ELF,False,53.49,0.2002,-0.0156,0.2158,0.2002,True,True,,,1y,https://www.youtube.com/watch?v=4P_SZJD6xYs,"Elf Beauty, down 29% year-to-date. The run these stocks are going to go... it's going to be an 18-to-24-month insane bull run."
financial-education,NKE,us,buy,up,med,2026-05-30,2026-06-01,1y,NKE,True,45.93,-0.0159,-0.0156,-0.0003,-0.0159,False,True,,,1y,https://www.youtube.com/watch?v=4P_SZJD6xYs,"Nike, 30% the stock is down year to date. The run's going to be insane. I'm positioning all these stocks now, right? Before the next run happens. I'd rather be early than late."
financial-education,SHOP,us,buy,up,med,2026-05-30,2026-06-01,1y,SHOP,False,124.12,-0.123,-0.0156,-0.1075,-0.123,False,True,,,1y,https://www.youtube.com/watch?v=4P_SZJD6xYs,"Shopify, 35% down year to date. The run will be insane. At some point in the 2030s, they could be a trillion dollar company."
financial-education,PYPL,us,buy,up,med,2026-05-30,2026-06-01,1y,PYPL,True,45.0415,-0.0562,-0.0156,-0.0406,-0.0562,False,True,,,1y,https://www.youtube.com/watch?v=4P_SZJD6xYs,"PayPal, 25% down year to date. The run will be insane. If this company can show 7% revenue growth, people will come flooding the stock."
financial-education,WYNN,us,buy,up,med,2026-05-30,2026-06-01,1y,WYNN,True,106.53,-0.0094,-0.0156,0.0062,-0.0094,True,True,,,1y,https://www.youtube.com/watch?v=4P_SZJD6xYs,Watch out next year for Wynn in the hype as you get closer and closer to Middle East property opening next year.
financial-education,HIMS,us,buy,up,low,2025-08-20,2025-08-20,3m,HIMS,False,43.38,-0.174,0.0413,-0.2153,-0.174,False,True,,,3m,https://www.youtube.com/watch?v=hIas3IroGxc,if HIMS is truly at a two-year forward P of under 40 right now okay and let's say they are able to grow revenues double digits a year all the way into the 2030s then yes him would be a buy today
financial-education,META,us,buy,up,high,2026-02-20,2026-02-20,1y,META,True,655.0991,-0.1189,0.0861,-0.205,-0.1189,False,True,,,1y,https://www.youtube.com/watch?v=hRWB-Rc19n0,Meta is a better buy than Microsoft. Ford P 22 on Meta... I'm going to hold my shares tight. I don't have any ambition to sell these shares.
financial-education,MSFT,us,buy,up,med,2026-02-20,2026-02-20,1y,MSFT,True,396.3715,-0.0428,0.0861,-0.1289,-0.0428,False,True,,,1y,https://www.youtube.com/watch?v=hRWB-Rc19n0,"Is Microsoft stock a buy? Yes, absolutely it's a buy. 100% Microsoft stock is a buy."
financial-education,TSLA,us,sell,down,med,2026-02-20,2026-02-20,6m,TSLA,True,411.82,-0.0275,0.0861,0.1136,0.0275,True,True,,,6m,https://www.youtube.com/watch?v=hRWB-Rc19n0,I'm going to likely add to that [hedge] in the spring... SpaceX IPO is going to take all the air out of Tesla stock... Tesla stock will go through a very very very difficult time after that.
financial-education,WYNN,us,buy,up,high,2026-02-20,2026-02-20,1y,WYNN,True,114.3197,-0.0769,0.0861,-0.163,-0.0769,False,True,,,1y,https://www.youtube.com/watch?v=hRWB-Rc19n0,a Ford P under 20 is extremely cheap for win. But this is before we even get to the Middle East opportunity. We know it's going to be successful. It's just a question of how much.
financial-education,ADBE,us,buy,up,high,2025-12-20,2025-12-22,1y,ADBE,True,357.53,-0.4541,0.0934,-0.5475,-0.4541,False,True,,,1y,https://www.youtube.com/watch?v=i-mg7qDGmNs,"this is best riskreward in the market bar none and certainly the best riskreward in big tech... 17 Forward P. Next year, earnings per share growth of likely strong double digits... I'm going to be buying that heavy for the remainder of this year, maybe into early 2026."
financial-education,META,us,buy,up,med,2025-12-20,2025-12-22,1y,META,True,660.9341,-0.1267,0.0934,-0.22,-0.1267,False,True,,,1y,https://www.youtube.com/watch?v=i-mg7qDGmNs,Meta is a steel deal right now. No doubt about it.
financial-education,AXP,us,buy,up,med,2025-12-20,2025-12-22,1y,AXP,True,378.8083,-0.1077,0.0934,-0.2011,-0.1077,False,True,,,1y,https://www.youtube.com/watch?v=i-mg7qDGmNs,"a stock like AX is very compelling to me right now... base case Kaggar of around 20% expected over the next four years, I'm going to take that every time."
financial-education,CRM,us,buy,up,med,2025-12-20,2025-12-22,1y,CRM,True,263.9698,-0.425,0.0934,-0.5184,-0.425,False,True,,,1y,https://www.youtube.com/watch?v=i-mg7qDGmNs,"Salesforce, I love Salesforce here. That's another one I think is a great buy right now."
financial-education,EL,us,buy,up,med,2025-12-20,2025-12-22,1y,EL,True,107.893,-0.2139,0.0934,-0.3073,-0.2139,False,True,,300,1y,https://www.youtube.com/watch?v=i-mg7qDGmNs,"Estee Lauder, that one continues to be a great buy longterm. I think that's a $300 stock. So, the fact that's still under 100, I love that one."
financial-education,NKE,us,buy,up,med,2025-12-20,2025-12-22,1y,NKE,True,56.3386,-0.1977,0.0934,-0.2911,-0.1977,False,True,,,1y,https://www.youtube.com/watch?v=i-mg7qDGmNs,"Nike, huge buy. The business has already turned around. And the great thing is with Nike, if we've been in a rolling recession, you should continue to see Nike numbers get better and better as 2026 rolls around."
financial-education,PYPL,us,buy,up,med,2025-12-20,2025-12-22,1y,PYPL,True,59.4832,-0.2853,0.0934,-0.3787,-0.2853,False,True,,,1y,https://www.youtube.com/watch?v=i-mg7qDGmNs,PayPal. PayPal is a phenomenal buy. I have projections on PayPal and it says it's a screaming buy right now.
financial-education,ELF,us,buy,up,med,2025-12-20,2025-12-22,1y,ELF,False,79.14,-0.1888,0.0934,-0.2822,-0.1888,False,True,,200,1y,https://www.youtube.com/watch?v=i-mg7qDGmNs,"Elf Beauty, this is one that remains a great buy at this point in time. $200 plus dollar stock longterm."
financial-education,CAKE,us,buy,up,med,2025-12-20,2025-12-22,1y,CAKE,False,51.7267,0.4923,0.0934,0.3989,0.4923,True,True,,,1y,https://www.youtube.com/watch?v=i-mg7qDGmNs,"Cake, that one continues to be a great buy and so that one I just continue to buy... I think the money has been small compared to what the money will be over the next few years."
financial-education,CELH,us,buy,up,low,2025-12-20,2025-12-22,1y,CELH,False,44.36,-0.3057,0.0934,-0.3991,-0.3057,False,True,,,1y,https://www.youtube.com/watch?v=i-mg7qDGmNs,Celsius Holdings can remains a buy in my personal opinion.
financial-education,AMD,us,buy,up,high,2025-07-20,2025-07-21,1y,AMD,True,157.0,2.4227,0.1977,2.225,2.4227,True,True,,300,1y,https://www.youtube.com/watch?v=i8fAUa6zB-0,This stock is a freight train till at least 2027 in my personal opinion. An absolute freight train and you do not get in front of a freight train. Multi-year AMD bull cycle again that will end up taking AMD to likely $300 or maybe even over $300.
financial-education,FUBO,us,buy,up,med,2025-07-20,2025-07-21,6m,FUBO,False,39.84,-0.1958,0.1063,-0.3021,-0.1958,False,True,,,6m,https://www.youtube.com/watch?v=i8fAUa6zB-0,"As soon as that deal does go through, the hype's going to be insane. September, October, November, December, huge months for Fubo. Fubo is known very well for attracting the sports fans."
financial-education,HNST,us,buy,up,med,2025-07-20,2025-07-21,6m,HNST,False,4.63,-0.4622,0.1063,-0.5685,-0.4622,False,True,,,,https://www.youtube.com/watch?v=i8fAUa6zB-0,People are eventually going to wake up and realize like Honest should not be trading...this stock is still trading so way too cheap. Way too cheap.
financial-education,AMD,us,buy,up,high,2026-06-06,2026-06-08,1y,AMD,True,490.33,0.0959,0.0102,0.0858,0.0959,True,True,,,1y,https://www.youtube.com/watch?v=j9Z3xpiE0R4,"AMD continues to be the play, right? And it will continue to be the play until it's crystal clear where the numbers are going. The numbers are going to get so insanely good for AMD over the next year or two."
financial-education,META,us,buy,up,med,2026-06-06,2026-06-08,6m,META,True,584.848,-0.013,0.0102,-0.0232,-0.013,False,True,,1000,,https://www.youtube.com/watch?v=j9Z3xpiE0R4,"Once we have clarity from Zuck on longer-term spend and we have clarity from how much money could they actually make from this, you'll see Meta go to a thousand."
financial-education,CRM,us,buy,up,med,2026-06-06,2026-06-08,1y,CRM,True,182.0801,-0.1664,0.0102,-0.1766,-0.1664,False,True,,,1y,https://www.youtube.com/watch?v=j9Z3xpiE0R4,"As more and more people understand the agentic opportunity, you'll see momentum come in Salesforce."
financial-education,NKE,us,buy,up,high,2026-06-06,2026-06-08,1y,NKE,True,43.23,0.0456,0.0102,0.0354,0.0456,True,True,,,1y,https://www.youtube.com/watch?v=j9Z3xpiE0R4,"Things have already turned there, people just haven't recognized it yet. Nike will be one of the first they go back to. When consumer discretionary becomes a play, Nike will be one of the first Wall Street moves to. You'll see Nike double like that."
financial-education,AXP,us,buy,up,med,2026-06-06,2026-06-08,1y,AXP,True,312.3,0.0823,0.0102,0.0721,0.0823,True,True,,,1y,https://www.youtube.com/watch?v=j9Z3xpiE0R4,"American Express, that's another super quality name. They're going to come back to that one in droves when they ready."
financial-education,EL,us,buy,up,med,2026-06-06,2026-06-08,1y,EL,True,84.64,0.002,0.0102,-0.0082,0.002,False,True,,,1y,https://www.youtube.com/watch?v=j9Z3xpiE0R4,Same thing with Estee Lauder. They'll come back to that one in droves when ready.
financial-education,NOW,us,buy,up,med,2026-06-06,2026-06-08,1y,NOW,True,114.19,-0.1677,0.0102,-0.1779,-0.1677,False,True,,,1y,https://www.youtube.com/watch?v=j9Z3xpiE0R4,"Once everybody understands the agentic opportunity, Salesforce and Service Now will move huge. My guess is Service Now will move further to the upside."
financial-education,PLTR,us,buy,up,med,2026-06-06,2026-06-08,1y,PLTR,True,136.47,-0.0586,0.0102,-0.0688,-0.0586,False,True,,,1y,https://www.youtube.com/watch?v=j9Z3xpiE0R4,Palanteer is actually attractively priced... I think actually Palanteer is actually interesting as a buy and I haven't thought that for the longest time.
financial-education,CELH,us,buy,up,high,2026-06-06,2026-06-08,6m,CELH,False,28.0,0.1,0.0102,0.0898,0.1,True,True,,100,,https://www.youtube.com/watch?v=j9Z3xpiE0R4,Celsius huge buy on this one. That one's going to be a hundred plus dollar stock longterm in my opinion.
financial-education,HNST,us,buy,up,high,2026-06-06,2026-06-08,1y,HNST,False,3.37,0.1187,0.0102,0.1085,0.1187,True,True,,5,1y,https://www.youtube.com/watch?v=j9Z3xpiE0R4,"Honest exits this year, $5 plus regardless of market conditions. That's my opinion."
financial-education,PYPL,us,buy,up,med,2026-06-06,2026-06-08,6m,PYPL,True,41.26,0.0303,0.0102,0.0201,0.0303,True,True,,50,,https://www.youtube.com/watch?v=j9Z3xpiE0R4,"That stock should be way over $20 right now. And eventually, it's going to be a $50 plus stock longterm with the potential being a hundred plus dollar stock."
financial-education,ELF,us,buy,up,med,2026-06-06,2026-06-08,6m,ELF,False,52.28,0.228,0.0102,0.2178,0.228,True,True,,200,,https://www.youtube.com/watch?v=j9Z3xpiE0R4,Elf on a shelf is going to 200 plus longterm in my opinion.
financial-education,RVLV,us,buy,up,med,2026-06-06,2026-06-08,6m,RVLV,False,19.54,0.1151,0.0102,0.105,0.1151,True,True,,30,,https://www.youtube.com/watch?v=j9Z3xpiE0R4,"Revolve, one of the most underrated stocks in the stock market. That stock should be $30 plus today."
financial-education,HNST,us,buy,up,high,2026-04-20,2026-04-20,1y,HNST,False,3.47,0.0865,0.0536,0.0328,0.0865,True,True,,5,1y,https://www.youtube.com/watch?v=jkF0tlSV5qk,"I think Honest ends this year $5 plus regardless of market conditions. I might be wrong in that, we'll see. But that I'm also thinking about Honest in regards to several years out."
financial-education,ADBE,us,buy,up,med,2026-04-20,2026-04-20,6m,ADBE,True,248.63,-0.2151,0.0536,-0.2687,-0.2151,False,True,,,,https://www.youtube.com/watch?v=jkF0tlSV5qk,"Adobe ADBE, bought 36 shares, $240 I paid for those shares. Adobe's at — what is Adobe's forward P right now? 10? Nine? It's just ridiculous. I think it's extremely undervalued."
financial-education,AXP,us,buy,up,high,2026-04-20,2026-04-20,1y,AXP,True,329.87,0.0246,0.0536,-0.029,0.0246,False,True,,,1y,https://www.youtube.com/watch?v=jkF0tlSV5qk,I would love to buy as many American Express shares as I possibly can get my hands on as long as it's under 300. Under 300 is like really where I'm very excited.
financial-education,EL,us,buy,up,med,2026-04-20,2026-04-20,6m,EL,True,77.5501,0.0936,0.0536,0.04,0.0936,True,True,,,,https://www.youtube.com/watch?v=jkF0tlSV5qk,"Estee Lauder EL stock, I bought 16 shares here today, 69.88. Anything I get under 100, that and elf, I love it. I love it."
financial-education,ELF,us,buy,up,med,2026-04-20,2026-04-20,6m,ELF,False,68.42,-0.0617,0.0536,-0.1153,-0.0617,False,True,,,,https://www.youtube.com/watch?v=jkF0tlSV5qk,"Anything I get under 100, that and elf, I love it. I love it. Give me everything you can give me under 100 in regards to EL and elf."
financial-education,MSFT,us,buy,up,low,2026-04-20,2026-04-20,6m,MSFT,True,417.1665,-0.0905,0.0536,-0.1442,-0.0905,False,True,,,,https://www.youtube.com/watch?v=jkF0tlSV5qk,"I got to say, if you told me I had to go buy Microsoft, I wouldn't mind. I wouldn't mind picking up some Mr. Softy today. Microsoft looks like a buy today."
financial-education,TSLA,us,sell,down,low,2026-04-20,2026-04-20,3m,TSLA,True,392.5,0.0204,0.0536,0.0333,-0.0204,True,True,,,3m,https://www.youtube.com/watch?v=jkF0tlSV5qk,"I think there's a potential that stock could go down significantly when SpaceX IPO happens. You're going to get a lot of selling in Tesla leading up to that, and even after for a bit, and people moving money into SpaceX."
financial-education,AMD,us,buy,up,high,2026-03-20,2026-03-20,1y,AMD,True,201.33,1.6691,0.1514,1.5177,1.6691,True,True,,,1y,https://www.youtube.com/watch?v=jyCSmXYQxxg,"AMD's under 200. Make it make sense. If AI's really taking over the whole game, AMD should be a thousand right now. Nvidia should be a thousand right now, not under 200. That's just silly."
financial-education,CRM,us,buy,up,high,2026-03-20,2026-03-20,6m,CRM,True,194.8926,-0.2212,0.1514,-0.3726,-0.2212,False,True,,,6m,https://www.youtube.com/watch?v=jyCSmXYQxxg,"I would move that money into SAS stocks. Talking Salesforce, CRM... I truly believe these stocks likely bottomed in Q1. Salesforce is now trading at a forward P under 14 with double-digit revenue growth."
financial-education,ADBE,us,buy,up,high,2026-03-20,2026-03-20,6m,ADBE,True,248.15,-0.2135,0.1514,-0.3649,-0.2135,False,True,,,6m,https://www.youtube.com/watch?v=jyCSmXYQxxg,I'm talking Adobe... these stocks likely bottomed in Q1. Adobe trading at a forward P of 10 with very strong earnings per share growth at double digits. Getting to stupid pricing on Adobe.
financial-education,NOW,us,buy,up,high,2026-03-20,2026-03-20,6m,NOW,True,110.38,-0.139,0.1514,-0.2903,-0.139,False,True,,,6m,https://www.youtube.com/watch?v=jyCSmXYQxxg,ServiceNow's down to a forward P of 24 with a company that's growing revenues and earnings per share at around a 20% clip. Getting to stupid pricing on ServiceNow. I truly believe these stocks likely bottomed in Q1.
financial-education,PYPL,us,buy,up,med,2026-03-20,2026-03-20,1y,PYPL,True,43.8654,-0.0309,0.1514,-0.1823,-0.0309,False,True,,87.5,1y,https://www.youtube.com/watch?v=jyCSmXYQxxg,"If this sale happens... I think it will sell between $75 and $100 a share. The stock today is $44. If an announcement comes, the stock would blast higher. Do I think it's a realistic possibility? I do think it's a very realistic possibility."
financial-education,AMD,us,buy,up,high,2025-12-20,2025-12-22,1y,AMD,True,214.95,1.5,0.0934,1.4066,1.5,True,True,,325,1y,https://www.youtube.com/watch?v=l0leQoNgJuM,"Next big cycle is going to take AMD to, you know, that 325 level in my opinion. AMD is not going back to $80. The real party for AMD starts in the second half of next year when the 450 series goes into production."
financial-education,CRM,us,buy,up,high,2025-12-20,2025-12-22,3m,CRM,True,263.9698,-0.2617,-0.0504,-0.2113,-0.2617,False,True,,,3m,https://www.youtube.com/watch?v=l0leQoNgJuM,"Salesforce, I bought $4,000 worth of Salesforce here today. Great buying opportunity in my opinion in regards to Salesforce. It is just a steal deal in my opinion. An absolute steal deal."
financial-education,ADBE,us,buy,up,high,2025-12-20,2025-12-22,3m,ADBE,True,357.53,-0.3059,-0.0504,-0.2556,-0.3059,False,True,,,3m,https://www.youtube.com/watch?v=l0leQoNgJuM,"If we look at Adobe, man, is that one undervalued. I love the acquisition they just completed, so I came in with a pretty big buy today of Adobe. Almost $8,200 buy there."
financial-education,CELH,us,buy,up,med,2025-12-20,2025-12-22,3m,CELH,False,44.36,-0.0642,-0.0504,-0.0139,-0.0642,False,True,,,3m,https://www.youtube.com/watch?v=l0leQoNgJuM,"Celsius Holdings, that one's a steal deal. About a $4,000 buy there for Celsius. Got it at just under $40 a share. Really the most attractive pricing we've seen on Celsius in quite a long time. I think Celsius is much closer to the bottom than to the top."
financial-education,ELF,us,buy,up,med,2025-12-20,2025-12-22,3m,ELF,False,79.14,-0.0839,-0.0504,-0.0335,-0.0839,False,True,,,3m,https://www.youtube.com/watch?v=l0leQoNgJuM,"ELF, another one. Like, this is the most attractive pricing we've gotten on ELF. I think ELF is much closer to the bottom than to the top. I think those stocks are probably within a few percentage of bottoming."
financial-education,BBWI,us,buy,up,med,2025-12-20,2025-12-22,3m,BBWI,False,19.1203,0.0152,-0.0504,0.0655,0.0152,True,True,,,3m,https://www.youtube.com/watch?v=l0leQoNgJuM,Bath & Body Works is going down like off a cliff. That's perfect. I want to start a position in that in 2026. Likely in January. This is like the best case scenario I could possibly ask for in regards to Bath & Body Works.
financial-education,CAKE,us,buy,up,med,2025-12-20,2025-12-22,3m,CAKE,False,51.7267,0.0994,-0.0504,0.1498,0.0994,True,True,,,3m,https://www.youtube.com/watch?v=l0leQoNgJuM,"I love Cake at 43. Like, come on, man. Thank you. Thank you. Thank you very much. Give me Cake at this price. Like, I love Cake at 43."
financial-education,AMD,us,buy,up,high,2026-04-20,2026-04-20,1y,AMD,True,274.95,0.9544,0.0536,0.9008,0.9544,True,True,,290,1y,https://www.youtube.com/watch?v=ljWJDprZM4o,"AMD's a buy today. After we break all-time high, keep an eye on about 290. We break that, oh, we're going deep into the 300s. If AMD breaks the highest analyst price target of 365, we're going 400 plus. AMD could hit $2,000 in bull case."
financial-education,ORCL,us,buy,up,low,2026-04-20,2026-04-20,3m,ORCL,True,177.58,0.0378,0.0536,-0.0159,0.0378,False,True,,,3m,https://www.youtube.com/watch?v=ljWJDprZM4o,I think Oracle is very well positioned for this earning season. I think growth rates are going to keep accelerating for Oracle. Wouldn't be surprised if after earning season Oracle's a lot higher than 169.
financial-education,MSFT,us,buy,up,low,2026-04-20,2026-04-20,3m,MSFT,True,417.1665,-0.0905,0.0536,-0.1442,-0.0905,False,True,,,3m,https://www.youtube.com/watch?v=ljWJDprZM4o,"Mr. Softy. Man, has this stock been hated. Microsoft's going to come up with great numbers. They're going to come in with a good guidance. Don't be surprised if the stock goes higher."
financial-education,SNOW,us,buy,up,med,2026-04-20,2026-04-20,3m,SNOW,False,150.44,0.5441,0.0536,0.4904,0.5441,True,True,,,3m,https://www.youtube.com/watch?v=ljWJDprZM4o,"Snowflake. Ooh, has this stock been hated? It's a $144 stock right now. Snowflake sets up very well going into earning season. Don't be surprised if Snowflake exits earning season at a lot higher than $144."
financial-education,CRM,us,buy,up,med,2026-04-20,2026-04-20,3m,CRM,True,186.27,-0.1852,0.0536,-0.2388,-0.1852,False,True,,,3m,https://www.youtube.com/watch?v=ljWJDprZM4o,Salesforce. Don't be surprised if this one exits earning season at a lot higher than $177. I think the numbers are going to be great. I think they're going to show accelerating revenue growth.
financial-education,NOW,us,buy,up,med,2026-04-20,2026-04-20,3m,NOW,True,99.72,-0.0469,0.0536,-0.1006,-0.0469,False,True,,,3m,https://www.youtube.com/watch?v=ljWJDprZM4o,"ServiceNow. $94 stock right now. Don't be surprised if this one exits earning season way over $100 again. A beaten-down one. They just got to keep coming in with the numbers, have great guidance."
financial-education,ADBE,us,buy,up,med,2026-04-20,2026-04-20,3m,ADBE,True,248.63,-0.2151,0.0536,-0.2687,-0.2151,False,True,,,3m,https://www.youtube.com/watch?v=ljWJDprZM4o,"Adobe, don't be surprised if that one exits this earning season a lot higher than 244. The forward P in the stock is like nine. It's just ridiculous now at this point in time in regards to Adobe."
financial-education,CELH,us,buy,up,med,2026-04-20,2026-04-20,3m,CELH,False,33.78,-0.0882,0.0536,-0.1419,-0.0882,False,True,,45,3m,https://www.youtube.com/watch?v=ljWJDprZM4o,"Celsius, Celsius Holdings, it's $35 stock right now. Don't be surprised if this one exits earning season at 40 to $50."
financial-education,ELF,us,buy,up,med,2026-04-20,2026-04-20,3m,ELF,False,68.42,-0.0617,0.0536,-0.1153,-0.0617,False,True,,100,3m,https://www.youtube.com/watch?v=ljWJDprZM4o,"Elf Beauty, $69 stock. Don't be surprised if this one's $100 before you know it. I think it's going to come in with great numbers, great guidance, good conference call."
financial-education,AMD,us,buy,up,high,2026-05-20,2026-05-20,1m,AMD,True,447.58,0.2006,0.0074,0.1932,0.2006,True,True,,500,1m,https://www.youtube.com/watch?v=mJrp04S7cB8,"if Nvidia rolls this week, you're going to see AMD go 500 plus fast. But a Nvidia's got to roll."
financial-education,NVDA,us,buy,up,med,2026-05-20,2026-05-20,6m,NVDA,True,223.2099,-0.0561,0.0074,-0.0635,-0.0561,False,True,,,,https://www.youtube.com/watch?v=mJrp04S7cB8,I like that price on Nvidia. If it was I would be I'd be tempted to buy the stock if it's $222.
financial-education,MU,us,buy,up,med,2026-05-20,2026-05-20,6m,MU,True,731.99,0.5492,0.0074,0.5418,0.5492,True,True,,1000,,https://www.youtube.com/watch?v=mJrp04S7cB8,"MU could make a move to a $1,000 plus if these estimates are low."
financial-education,ELF,us,buy,up,high,2026-05-20,2026-05-20,6m,ELF,False,50.72,0.2658,0.0074,0.2584,0.2658,True,True,,,,https://www.youtube.com/watch?v=mJrp04S7cB8,"Anything under $100 on ELF is a steel deal... it's a load the boat before, it's a load the boat after regardless of the results."
financial-education,NOW,us,buy,up,high,2026-05-20,2026-05-20,6m,NOW,True,103.3,-0.08,0.0074,-0.0874,-0.08,False,True,,,,https://www.youtube.com/watch?v=mJrp04S7cB8,I love this stock I love this stock okay Service Now... they're one of the biggest AI beneficiaries in my opinion over the next several years.
financial-education,PLTR,us,sell,down,high,2025-07-20,2025-07-21,1y,PLTR,True,151.79,-0.1536,0.1977,0.3513,0.1536,True,True,,,1y,https://www.youtube.com/watch?v=mkYw_kTxRyo,if this stock continues to go risk on... the stock goes well over 150... I'm going to sell another 500 shares of Palanteer. The riskreward for holding the stock over the next 4 to 5 years is not attractive.
financial-education,ADBE,us,buy,up,med,2025-07-20,2025-07-21,6m,ADBE,True,367.68,-0.1946,0.1063,-0.301,-0.1946,False,True,,,,https://www.youtube.com/watch?v=mkYw_kTxRyo,Adobe stock only up 2%... that stock is asleep is blah... But this stock's a gift... Adobe was the very first stock I spoke about in that video of those five stocks [I'm buying now].
financial-education,ELF,us,buy,up,high,2025-07-20,2025-07-21,6m,ELF,False,111.61,-0.1937,0.1063,-0.3,-0.1937,False,True,,,,https://www.youtube.com/watch?v=mkYw_kTxRyo,ELF's going back to the 200s and maybe even a lot higher and maybe they have a great chance to become a cosmetics giant over this next 10 years.
financial-education,CAKE,us,buy,up,high,2025-08-20,2025-08-20,6m,CAKE,False,60.9744,0.0406,0.0817,-0.041,0.0406,False,True,,,,https://www.youtube.com/watch?v=oLFqXqJWTh8,"I don't even think we've gotten to the best part of cake yet. Like the best part of cake really comes over this next few years as they really understand Flowerchild, North Italia concepts."
financial-education,AMD,us,buy,up,med,2025-08-20,2025-08-20,6m,AMD,True,165.2,0.2114,0.0817,0.1297,0.2114,True,True,,175,,https://www.youtube.com/watch?v=oLFqXqJWTh8,"AMD continues to move. That one's on its way to 175. You know, these stocks never move up in a straight line, right? But the moral of the story is it's very clear what's going on with AMD."
financial-education,SOFI,us,buy,up,med,2025-08-20,2025-08-20,6m,SOFI,False,22.52,-0.1323,0.0817,-0.214,-0.1323,False,True,,25,,https://www.youtube.com/watch?v=oLFqXqJWTh8,"If those earnings are really good, guides good and conference call sounds good. I mean, we could be off to the races to 25."
financial-education,GOOGL,us,buy,up,med,2025-08-20,2025-08-20,6m,GOOGL,True,198.8717,0.5242,0.0817,0.4425,0.5242,True,True,,,,https://www.youtube.com/watch?v=oLFqXqJWTh8,"Google I like for the next many years. And Google trades cheap. So, what happens? I buy Google. Here's all Google needs to do to have that stock be a beast in the next 12 months. They need to just keep putting up good numbers."
financial-education,CRM,us,buy,up,high,2025-12-20,2025-12-22,6m,CRM,True,263.9698,-0.425,0.0934,-0.5184,-0.425,False,True,,,3y,https://www.youtube.com/watch?v=ooPh-5ObvPk,"I just did an abnormal big buy of $30,000 in a private portfolio. I bought CRM... I believe they'll do 12%+ revenue growth... I'm looking at a CAGR right around 20%, maybe 21% for this stock between now and then."
financial-education,AMD,us,buy,up,med,2025-12-20,2025-12-22,6m,AMD,True,214.95,1.5,0.0934,1.4066,1.5,True,True,,250,,https://www.youtube.com/watch?v=ooPh-5ObvPk,"AMD continues to bounce back strong. That stock 217 plus here today. Just last week, people were panic selling the stock for $195... 250 is coming up here next."
financial-education,CAKE,us,buy,up,med,2025-12-20,2025-12-22,1y,CAKE,False,51.7267,0.4923,0.0934,0.3989,0.4923,True,True,,,1y,https://www.youtube.com/watch?v=ooPh-5ObvPk,I love cake. Cheesecake has a very low payout ratio... earnings per share is likely going to climb in a massive way over the next 5 to 10 years... two extremely successful restaurant concepts about to expand all over the USA.
financial-education,NKE,us,buy,up,med,2025-12-20,2025-12-22,1y,NKE,True,56.3386,-0.1977,0.0934,-0.2911,-0.1977,False,True,,,1y,https://www.youtube.com/watch?v=ooPh-5ObvPk,Nike 2.5% dividend yield. Nike is a company I look at... profitability is going to come back in a massive way in my opinion... So Nike is one I absolutely love.
financial-education,WYNN,us,buy,up,med,2025-12-20,2025-12-22,1y,WYNN,True,125.3765,-0.1583,0.0934,-0.2517,-0.1583,False,True,,,1y,https://www.youtube.com/watch?v=ooPh-5ObvPk,Win Resorts. This is one of the most underrated dividend stocks... what you're going to see from wind's dividend over the next 5 years is it is going to make the dividend right now look like a complete joke in my personal opinion.
financial-education,AMD,us,buy,up,high,2026-05-20,2026-05-20,1y,AMD,True,447.58,0.2006,0.0074,0.1932,0.2006,True,True,,1100,1y,https://www.youtube.com/watch?v=pahf8lmurnE,"I personally believe AMD is going to go between $1,100 and $2,600 before this cycle ends... my base case is $1,100 plus dollars... Would I be shocked if AMD went to $1,100 in the next 12 to 18 months? No."
financial-education,ELF,us,buy,up,med,2026-05-20,2026-05-20,1y,ELF,False,50.72,0.2658,0.0074,0.2584,0.2658,True,True,,150,1y,https://www.youtube.com/watch?v=pahf8lmurnE,"e.l.f. Beauty is absolutely one of those [next AMD/Micron stocks]. This stock's ultra hated right now. It's 55 bucks... could I picture e.l.f. being 125 to 175 a year or two from now? Yeah, I can."
financial-education,CELH,us,buy,up,med,2026-05-20,2026-05-20,1y,CELH,False,28.63,0.0758,0.0074,0.0684,0.0758,True,True,,,1y,https://www.youtube.com/watch?v=pahf8lmurnE,Celsius Holdings is 30 bucks... very hated stock right now. This stock's all-time high was right around 100... look out for this one a year or two from now and all of a sudden you'll be realized it'll be like a love stock.
financial-education,NKE,us,buy,up,med,2026-05-20,2026-05-20,1y,NKE,True,43.7981,0.032,0.0074,0.0246,0.032,True,True,,,1y,https://www.youtube.com/watch?v=pahf8lmurnE,"Nike, one of the most hated stocks out there... 42 bucks for Nike... Look out for this one over the next year or two. It'll be, once again, a love stock and Wall Street can't wait to get back in it."
financial-education,RVLV,us,buy,up,med,2026-05-20,2026-05-20,1y,RVLV,False,18.65,0.1684,0.0074,0.161,0.1684,True,True,,,1y,https://www.youtube.com/watch?v=pahf8lmurnE,"Revolve, RVLV... I think is going to be very loved a year or two from now. One of the best balance sheets of any company you'll find out there. 335 million in cash... no debt. Revolve's a great opportunity."
financial-education,EL,us,buy,up,med,2026-05-20,2026-05-20,1y,EL,True,77.8988,0.0887,0.0074,0.0813,0.0887,True,True,,,1y,https://www.youtube.com/watch?v=pahf8lmurnE,"Estee Lauder, EL, $82 stock. I think this one will see a lot of momentum over the next year or two. This is a stock that's all-time high was well over $300 a share."
financial-education,SOFI,us,buy,up,med,2026-05-20,2026-05-20,1y,SOFI,False,15.69,0.1415,0.0074,0.1341,0.1415,True,True,,45,1y,https://www.youtube.com/watch?v=pahf8lmurnE,"SoFi Technologies... very hated stock right now... when it goes on its next run from 15 bucks to 45 bucks, it'll happen quick... when it runs from 15 to 45, it's going to happen quick."
financial-education,CRM,us,buy,up,med,2026-05-20,2026-05-20,1y,CRM,True,180.1,-0.1572,0.0074,-0.1647,-0.1572,False,True,,,1y,https://www.youtube.com/watch?v=pahf8lmurnE,"Salesforce. 1 to 2 years, they're going to love this one... I don't think Wall Street fully understands how much these companies are going to benefit from the AI wave. Salesforce, ServiceNow, and a lot of these companies."
financial-education,NOW,us,buy,up,med,2026-05-20,2026-05-20,1y,NOW,True,103.3,-0.08,0.0074,-0.0874,-0.08,False,True,,,1y,https://www.youtube.com/watch?v=pahf8lmurnE,ServiceNow... I think they're going to benefit massively from this AI wave... you'll look at the stock a year or two from now and you'll start to see a lot of momentum in it once again. I'm just adding a lot of shares of these sorts of companies right now.
financial-education,WYNN,us,buy,up,high,2026-05-20,2026-05-20,1y,WYNN,True,98.06,0.0762,0.0074,0.0688,0.0762,True,True,,,1y,https://www.youtube.com/watch?v=pahf8lmurnE,"Wynn Resorts... hate this stock right now. It's under $100. Anytime Wynn goes under 100, it's always a pick up... Middle East property, that's going to be an incredible opportunity... You got to own Wynn stock. It's just a phenomenal company."
financial-education,CAKE,us,buy,up,high,2025-11-20,2025-11-20,1y,CAKE,False,42.7243,0.8067,0.1509,0.6558,0.8067,True,True,,135,1y,https://www.youtube.com/watch?v=qFu8gZhwt7Q,"For every $1 I put into cake, I expect to get $2 to $3 out of the stock over the next five years... base case puts the stock somewhere between 123 and 148 come 2029... high 20s to low-30s CAGR. This is one of the most exciting stocks in the stock market."
financial-education,EL,us,buy,up,high,2025-11-20,2025-11-20,6m,EL,True,85.6853,-0.0826,0.1447,-0.2273,-0.0826,False,True,,,3y,https://www.youtube.com/watch?v=qFu8gZhwt7Q,this is a 2 to 3x stock in my opinion over the next 24 to 36 months... Right now the company is just over a $30 billion market cap. So basically what I'm saying is this is a 2 to 3x stock over the next 24 to 36 months.
financial-education,AMZN,us,buy,up,high,2025-11-20,2025-11-20,1y,AMZN,True,217.14,0.1255,0.1509,-0.0254,0.1255,False,True,,,1y,https://www.youtube.com/watch?v=qFu8gZhwt7Q,Amazon's a must own in every single portfolio out there... 20 to 24% CAGR in the stock over the coming years... what you're going to witness over the next five years is massive outperformance of Amazon vs S&P 500.
financial-education,PYPL,us,buy,up,med,2025-11-20,2025-11-20,1y,PYPL,True,57.7393,-0.2638,0.1509,-0.4147,-0.2638,False,True,,,1y,https://www.youtube.com/watch?v=qFu8gZhwt7Q,"Got to buy it. Like you got to own it, man... bull case gives me a CAGR in the 20s to potentially 30%... Even my bare case only 3% revenue growth and it's still a money maker. Give me the stock."
financial-education,AMZN,us,buy,up,high,2026-05-20,2026-05-20,6m,AMZN,True,265.01,-0.0778,0.0074,-0.0852,-0.0778,False,True,,,,https://www.youtube.com/watch?v=qblw8m3bE24,A Amazon stands for it's always a buy. It's always a buy. Amazon has 10-20 years of massive growth ahead and you got to be on the train for this ride. Amazon's a buy. Am I surprised by the move after hours? It's up nicely after hours to a new all-time high.
financial-education,CAKE,us,buy,up,high,2026-05-20,2026-05-20,6m,CAKE,False,60.3,0.2801,0.0074,0.2727,0.2801,True,True,,100,,https://www.youtube.com/watch?v=qblw8m3bE24,"It's still a buy at 65.50. Stock's going to 100 plus long-term. And maybe it's $200 stock long-term. It's still a buy. So, it's a buy at 65.50, but it's been a buy the whole way, and it still remains a buy to this day."
financial-education,SOFI,us,buy,up,high,2026-05-20,2026-05-20,6m,SOFI,False,15.69,0.1415,0.0074,0.1341,0.1415,True,True,,100,,https://www.youtube.com/watch?v=qblw8m3bE24,"SoFi has a great opportunity to be a $100 plus stock long-term, a $50 plus stock within 5 years. I think it's $15 here today. It's an incredible opportunity. I love this stock."
financial-education,GOOGL,us,hold-avoid,neutral,med,2026-05-20,2026-05-20,6m,GOOGL,True,388.91,-0.0537,0.0074,0.0611,0.0537,True,True,,,,https://www.youtube.com/watch?v=qblw8m3bE24,"I would say after tomorrow, Google stock to me is no longer a buy. I view it as just a hold or a sell. The great time to buy Google was last year. I just don't think it's an attractive buy."
financial-education,NVDA,us,buy,up,high,2026-05-20,2026-05-20,1y,NVDA,True,223.2099,-0.0561,0.0074,-0.0635,-0.0561,False,True,,,1y,https://www.youtube.com/watch?v=qblw8m3bE24,You have to own either Nvidia or you have to own AMD or you have to own Micron. These companies are just going to be raking in money for the next several years. Don't be surprised if Nvidia hits an all-time high tomorrow.
financial-education,AMD,us,buy,up,high,2026-05-20,2026-05-20,1y,AMD,True,447.58,0.2006,0.0074,0.1932,0.2006,True,True,,,1y,https://www.youtube.com/watch?v=qblw8m3bE24,You have to own either Nvidia or you have to own AMD or you have to own Micron. The chip companies are the play in the next 12 to 18 months. Don't be surprised if AMD hits an all-time high tomorrow.
financial-education,MU,us,buy,up,high,2026-05-20,2026-05-20,1y,MU,True,731.99,0.5492,0.0074,0.5418,0.5492,True,True,,,1y,https://www.youtube.com/watch?v=qblw8m3bE24,You have to own either Nvidia or you have to own AMD or you have to own Micron. The chip companies are the play in the next 12 to 18 months. Don't be surprised if Micron hits an all-time high tomorrow.
financial-education,CAKE,us,buy,up,high,2025-11-20,2025-11-20,6m,CAKE,False,42.7243,0.4177,0.1447,0.273,0.4177,True,True,,150,3y,https://www.youtube.com/watch?v=rnjoqLagJZA,Cheesecake's a buy. It's a buy. And guess what it is? It's a buy. Stock goes to 125 to 150 come 2029. I'm going to buy it. It's just a steel deal.
financial-education,ADBE,us,buy,up,med,2025-11-20,2025-11-20,6m,ADBE,True,312.4,-0.2186,0.1447,-0.3633,-0.2186,False,True,,,,https://www.youtube.com/watch?v=rnjoqLagJZA,"Even with my sleepy, boring numbers, it still should be a huge money maker over the next few years. My base case for Adobe 8% revenue growth, 10% net income growth. 15 to 21 Kaggar on this stock. Like it's a buy."
financial-education,META,us,buy,up,high,2025-11-20,2025-11-20,1y,META,True,588.1664,-0.0186,0.1509,-0.1695,-0.0186,False,True,,1000,1y,https://www.youtube.com/watch?v=rnjoqLagJZA,"This stock is a steel deal buy right now. The stock, in my opinion, is going to $1,000 plus next year in 2026. How are you not buying Meta right now? You like money, you like free money, own Meta Stock."
financial-education,GOOGL,us,buy,up,low,2025-11-20,2025-11-20,6m,GOOGL,True,289.0573,0.3411,0.1447,0.1964,0.3411,True,True,,,,https://www.youtube.com/watch?v=rnjoqLagJZA,"Google is a good buy right now but you're going to make way more money in meta likely over the next four years. My base case has 12% revenues on average, 10% to 16% kaggar. It's good money, just not as much as Meta."
financial-education,PYPL,us,buy,up,high,2025-11-20,2025-11-20,6m,PYPL,True,57.7393,-0.2353,0.1447,-0.38,-0.2353,False,True,,150,3y,https://www.youtube.com/watch?v=rnjoqLagJZA,I feel very confident PayPal's going to run to 150. And could the stock go back to 300 plus like it used to be years ago? I love PayPal. PayPal will outperform Palanteer significantly 2026 through 2029.
financial-education,PLTR,us,hold-avoid,down,high,2025-11-20,2025-11-20,6m,PLTR,True,155.745,-0.1177,0.1447,0.2624,0.1177,True,True,,,3y,https://www.youtube.com/watch?v=rnjoqLagJZA,I don't see the stock being a money maker 2026 to 2029. I think there's a 90% probability Palanteer ends up as a flat stock or down stock 2026 to 2029. Palanteer's risk reward is just not there in my personal opinion.
financial-education,AMD,us,buy,up,high,2026-05-23,2026-05-26,1y,AMD,True,503.89,0.0664,-0.0051,0.0716,0.0664,True,True,,1000,1y,https://www.youtube.com/watch?v=s3vbnBp6jN0,I would not be shocked if AMD runs to a thousand plus this year or next year. AMD is on its way to becoming a trillion-dollar-plus market cap. Their GPU business is about to balloon over the next 3 to 5 years in a massive way.
financial-education,ELF,us,buy,up,high,2026-05-23,2026-05-26,6m,ELF,False,54.13,0.186,-0.0051,0.1912,0.186,True,True,,200,3y,https://www.youtube.com/watch?v=s3vbnBp6jN0,"ELF huge buy. Where ELF is ultimately going in my opinion, 2030 this is a $200 plus stock. Anything under $100 is a steal deal. 50 bucks? That's why I went ahead and bought $70,000 today. I think tomorrow starts the climb back to $100 plus."
financial-education,FUBO,us,buy,up,high,2025-11-20,2025-11-20,3m,FUBO,False,38.88,-0.608,0.0521,-0.6601,-0.608,False,True,,,3m,https://www.youtube.com/watch?v=s6QMXkLYG5g,"I bought 1,444 shares of Fubo here today... I don't even think the acquisition of Hulu Plus live TV's reflecting in the stock. I don't think their future margins start next year and profitability are reflected in the stock."
financial-education,ADBE,us,buy,up,med,2025-11-20,2025-11-20,1y,ADBE,True,312.4,-0.3753,0.1509,-0.5262,-0.3753,False,True,,550,1y,https://www.youtube.com/watch?v=s6QMXkLYG5g,"Adobe, I bought Adobe stock here today... As long as Adobe keeps putting up great numbers quarter and quarter out, this stock will climb right back to $500, $600."
financial-education,SOFI,us,buy,up,high,2025-11-20,2025-11-20,1y,SOFI,False,24.91,-0.281,0.1509,-0.4319,-0.281,False,True,,,1y,https://www.youtube.com/watch?v=s6QMXkLYG5g,"I bought a 100 shares of SoFi here today... my view on SoFi, is I believe that company has the ability to become a financial giant, right? So when we're talking about financial giants, we're talking about companies with hundreds of billions of dollars in market cap."
financial-education,CELH,us,buy,up,high,2025-11-20,2025-11-20,1y,CELH,False,39.21,-0.2145,0.1509,-0.3654,-0.2145,False,True,,100,1y,https://www.youtube.com/watch?v=s6QMXkLYG5g,"I bought 100 shares. It was a little over $4,000 move... The stock's on its way to $100 a share."
financial-education,AXP,us,buy,up,med,2025-11-20,2025-11-20,1y,AXP,True,341.9569,-0.0116,0.1509,-0.1625,-0.0116,False,True,,,1y,https://www.youtube.com/watch?v=s6QMXkLYG5g,"I bought 20 shares here today. $348 I paid for this one. Just a great company that you can just count on like coming through... American Express is a beautiful model. Like, it's absolutely genius what American Express has going on there."
financial-education,CRM,us,buy,up,med,2025-11-20,2025-11-20,1y,CRM,True,224.4455,-0.3238,0.1509,-0.4746,-0.3238,False,True,,,1y,https://www.youtube.com/watch?v=s6QMXkLYG5g,"I bought 10 shares, CRM, Salesforce, $238. I paid for those shares. Benny off. We trust that gentleman. Easy money buy."
financial-education,AMZN,us,buy,up,high,2025-11-20,2025-11-20,1y,AMZN,True,217.14,0.1255,0.1509,-0.0254,0.1255,False,True,,,1y,https://www.youtube.com/watch?v=s6QMXkLYG5g,"I bought 10 shares of Amazon here today. I continue to buy Amazon... that's just one you can hold for the next 10, 20 years and just feel very, very comfortable and make a ton of money."
financial-education,HNST,us,buy,up,high,2025-11-20,2025-11-20,1y,HNST,False,2.53,0.4901,0.1509,0.3392,0.4901,True,True,,,1y,https://www.youtube.com/watch?v=s6QMXkLYG5g,"I bought 3,000 shares of Honest HNST here today... for stocks under a billion dollar market cap, the most disrespected best deal in the market under a billion. I cannot find a better stock to buy with under a billion dollar market cap in terms of risk-reward."
financial-education,EL,us,buy,up,high,2025-11-20,2025-11-20,1y,EL,True,85.6853,-0.0102,0.1509,-0.1611,-0.0102,False,True,,,1y,https://www.youtube.com/watch?v=s6QMXkLYG5g,"Eel Estee Lauder like what an opportunity this stock has been. It's now a big money maker for us. It's still a buy... I bought $8,700 plus of Estate Lauder. That stock remains a buy ladies and gentlemen."
financial-education,NKE,us,buy,up,med,2025-11-20,2025-11-20,1y,NKE,True,60.1,-0.2479,0.1509,-0.3988,-0.2479,False,True,,,1y,https://www.youtube.com/watch?v=s6QMXkLYG5g,"Nike, $6,300 move here... Nike's just man, they they got it down, man... they they got every angle you could ever imagine."
financial-education,PYPL,us,buy,up,med,2025-11-20,2025-11-20,1y,PYPL,True,57.7393,-0.2638,0.1509,-0.4147,-0.2638,False,True,,,1y,https://www.youtube.com/watch?v=s6QMXkLYG5g,"PayPal bought 100 shares of PayPal here today. $6,200 move... Such a hated stock. Such a beaten down dog stock... they keep PayPal an asset-like business model. PayPal does not want to be a bank... they want to be higher margin, higher growth, higher revenue."
financial-education,CAKE,us,buy,up,med,2025-11-20,2025-11-20,1y,CAKE,False,42.7243,0.8067,0.1509,0.6558,0.8067,True,True,,,1y,https://www.youtube.com/watch?v=s6QMXkLYG5g,"Next one I bought here is Cheesecake Factory. 100 shares here today. 44.555. I paid for those ones. Little a little under a $4,500 move in regards to cake."
financial-education,ADBE,us,buy,up,high,2025-12-20,2025-12-22,1y,ADBE,True,357.53,-0.4541,0.0934,-0.5475,-0.4541,False,True,,,1y,https://www.youtube.com/watch?v=sl911nM1r5U,"Adobe. Adobe, I really like this one. A beaten-down dog, hated stock, no one likes it, no one wants to own it. That's fine. I'll be the one to own it. Give me the whole company. Watch the hatred around Adobe stock fade away over the next year."
financial-education,CRM,us,buy,up,med,2025-12-20,2025-12-22,1y,CRM,True,263.9698,-0.425,0.0934,-0.5184,-0.425,False,True,,,1y,https://www.youtube.com/watch?v=sl911nM1r5U,"CRM, Salesforce. Another one of my favorite software-related stocks. Very sticky business model. They keep everybody in their ecosystem over time. So far, we're up 6% on the stock, but I think that's small potatoes compared to what we'll be up long-term."
financial-education,ORCL,us,hold-avoid,neutral,med,2025-12-20,2025-12-22,6m,ORCL,True,197.1684,-0.0653,0.0934,0.1587,0.0653,True,True,,,,https://www.youtube.com/watch?v=sl911nM1r5U,"So, you don't see me buying Oracle stock right now. I'm keeping an eye on the developing situation... there's too many other opportunities in the market to get caught up on a one that I'm very unsure with."
financial-education,NKE,us,buy,up,high,2025-12-20,2025-12-22,1y,NKE,True,56.3386,-0.1977,0.0934,-0.2911,-0.1977,False,True,,90,1y,https://www.youtube.com/watch?v=sl911nM1r5U,"Do you think Nike's going to be 50 something dollars when every market is then positive? Nike, by that time, we be talking about an 80 to $100 stock... same exact thing is going to happen to Nike in my opinion 2026."
financial-education,AMD,us,buy,up,high,2025-12-20,2025-12-22,1y,AMD,True,214.95,1.5,0.0934,1.4066,1.5,True,True,,735,1y,https://www.youtube.com/watch?v=uP6u9wkd_sw,AMD likely has significant upside over the next several years... base case stock should be somewhere between about 460 and about 560 [2028] and then 2029 we're talking about a stock somewhere between about 670 and $800 plus dollars.
financial-education,CELH,us,buy,up,high,2025-12-20,2025-12-22,1y,CELH,False,44.36,-0.3057,0.0934,-0.3991,-0.3057,False,True,,,1y,https://www.youtube.com/watch?v=uP6u9wkd_sw,"Celsius next up here... Setting up to be the next double in the public account... I just opened up another Celsius position, another portfolio just on Friday. Why am I doing that?... Celsius is looking really really good. It's a runway and the runway is clear."
financial-education,RVLV,us,buy,up,med,2025-12-20,2025-12-22,1y,RVLV,False,29.7,-0.2663,0.0934,-0.3597,-0.2663,False,True,,,1y,https://www.youtube.com/watch?v=uP6u9wkd_sw,"Revolve. This is a sneaky double up for me, right? 137% the stock has now gone up for me in the public account... Revolve is doing a phenomenal job with the financials of this company... is it impossible for Celsius to be a 20% plus Kaggar type returning stock over the next 5 10 years? It's definitely possible."
financial-education,NFLX,us,hold-avoid,down,high,2025-12-20,2025-12-22,6m,NFLX,True,93.23,-0.17,0.0934,0.2634,0.17,True,True,,,6m,https://www.youtube.com/watch?v=uP6u9wkd_sw,"am I interested in stepping into Netflix? Absolutely not. In my personal opinion, there's way better opportunities in the market... Netflix is going to have storm clouds around for the next 6 to 18 months. What a mess."
financial-education,NKE,us,buy,up,high,2025-07-20,2025-07-21,6m,NKE,True,72.0431,-0.1201,0.1063,-0.2265,-0.1201,False,True,,90,6m,https://www.youtube.com/watch?v=ujVfko8K6Ws,"Nike, we're not even up in the past year. Just wait until it goes positive on a yearly basis and then starts blowing through 52-week highs... don't be surprised if it breaks that [$90]."
financial-education,EL,us,buy,up,high,2025-07-20,2025-07-21,1y,EL,True,84.7966,0.0002,0.1977,-0.1975,0.0002,False,True,,,1y,https://www.youtube.com/watch?v=ujVfko8K6Ws,"The Estee Lauder numbers really start to get exciting at the end of this year. As you go into calendar year 2026, that's when the E numbers start all of a sudden becoming like, oh wow... We're early, folks."
financial-education,WYNN,us,buy,up,high,2025-07-20,2025-07-21,1y,WYNN,True,105.39,0.0013,0.1977,-0.1964,0.0013,False,True,,,1y,https://www.youtube.com/watch?v=ujVfko8K6Ws,Macau casino GGR gross gaming revenue was up 19% in June. This is very very exciting. The Middle East property... 2027 looks like perfect year to open. If you're wondering how far does win have to go. Oh baby.
financial-education,CAKE,us,buy,up,high,2025-07-20,2025-07-21,3m,CAKE,False,62.6581,-0.1518,0.0596,-0.2114,-0.1518,False,True,,75,3m,https://www.youtube.com/watch?v=ujVfko8K6Ws,"If the cake comes in next quarter and shows another acceleration of growth rates and the Russell keeps rolling, cake will be 75 before you know it... cake is still extremely undervalued on a forward PE basis."
financial-education,GOOGL,us,buy,up,high,2025-12-20,2025-12-22,1y,GOOGL,True,309.5621,0.1889,0.0934,0.0955,0.1889,True,True,,355,1y,https://www.youtube.com/watch?v=xKNDaS3TBQY,Analyst Nick Jones initiated coverage with an outperform rating and a $355 price target... Google as an AI and cloud winner. This stock is one of the strongest stocks in the entire stock market right now.
financial-education,ADBE,us,buy,up,high,2025-12-20,2025-12-22,1y,ADBE,True,357.53,-0.4541,0.0934,-0.5475,-0.4541,False,True,,,1y,https://www.youtube.com/watch?v=xKNDaS3TBQY,"If you want to know the next Google stock, it's going to be Adobe... I would put $10,000 in Adobe right now. Forward P is 17. Double digit earnings per share growth. I see it as next Google in regards to a hated stock that will be loved a year from now."
financial-education,CRM,us,buy,up,med,2025-12-20,2025-12-22,1y,CRM,True,263.9698,-0.425,0.0934,-0.5184,-0.425,False,True,,,1y,https://www.youtube.com/watch?v=xKNDaS3TBQY,"Salesforce CRM $10,000 I would put into Salesforce. I think their revenue growth could actually start to accelerate back up to double digits again because of the acquisition and Agent Force. You don't bet against Benoff."
financial-education,AMZN,us,buy,up,high,2025-12-20,2025-12-22,1y,AMZN,True,228.43,0.0699,0.0934,-0.0235,0.0699,False,True,,,1y,https://www.youtube.com/watch?v=xKNDaS3TBQY,"I'd put another $10,000 into Amazon... Amazon should have double-digit earnings per share growth and revenue growth each year for years to go. Amazon's on the path to a trillion dollar plus revenue company."
financial-education,CAKE,us,buy,up,high,2025-12-20,2025-12-22,1y,CAKE,False,51.7267,0.4923,0.0934,0.3989,0.4923,True,True,,,1y,https://www.youtube.com/watch?v=xKNDaS3TBQY,"I'd put another $10,000 into cake. Cake, two year forward P on this one a 10 with this company has a 10 year plus track record of growth ahead of them... Double digit earnings per share growth likely on this stock over the future years."
financial-education,CELH,us,buy,up,med,2025-12-20,2025-12-22,1y,CELH,False,44.36,-0.3057,0.0934,-0.3991,-0.3057,False,True,,,1y,https://www.youtube.com/watch?v=xKNDaS3TBQY,"Celsius trades at a 23 two-year forward P right now, which is way too cheap for a company growing at these sorts of growth rates. Celsius is on its way to becoming a drink giant."
financial-education,ELF,us,buy,up,med,2025-12-20,2025-12-22,1y,ELF,False,79.14,-0.1888,0.0934,-0.2822,-0.1888,False,True,,,1y,https://www.youtube.com/watch?v=xKNDaS3TBQY,"Elf Beauty trading at two-year forward P of under 20 right now. With the sorts of growth rates ELF is going to have over the next few years, that's trading way too cheap as well."
financial-education,AMD,us,buy,up,high,2025-08-20,2025-08-20,1y,AMD,True,165.2,2.2528,0.1802,2.0727,2.2528,True,True,,,1y,https://www.youtube.com/watch?v=yi-49gfjr60,"AMD just started a multi-year move. So, I'm in no rush to get out of those 2555 shares there... So much bullishness for AMD for the next few years."
financial-education,ADBE,us,buy,up,med,2025-08-20,2025-08-20,1y,ADBE,True,353.43,-0.4478,0.1802,-0.628,-0.4478,False,True,,,1y,https://www.youtube.com/watch?v=yi-49gfjr60,"Adobe, another hated stock... I could see me buying more Adobe in this portfolio. Adobe, this is kind of a newer position for me... we'll have a day when we might sell Adobe but that's a long time from now likely."
financial-education,SOFI,us,buy,up,med,2025-08-20,2025-08-20,1y,SOFI,False,22.52,-0.2047,0.1802,-0.3849,-0.2047,False,True,,,1y,https://www.youtube.com/watch?v=yi-49gfjr60,"Anthony Noto operating this company on the highest level... there's really no incentive for me to cash SoFi... If the stock was 50 60, I might feel differently. But at 23, I'm like, I'm good. Roll, baby, roll tide."
financial-education,HNST,us,buy,up,med,2025-08-20,2025-08-20,1y,HNST,False,3.66,0.0301,0.1802,-0.1501,0.0301,False,True,,15,1y,https://www.youtube.com/watch?v=yi-49gfjr60,I think Honest is going to be a double-digit stock. it's going to be $10 to $20 stock um within the next three years. And so that's my opinion on that.
financial-education,PLTR,us,hold-avoid,neutral,med,2025-08-20,2025-08-20,1y,PLTR,True,156.01,-0.1765,0.1802,0.3567,0.1765,True,True,,,1y,https://www.youtube.com/watch?v=yi-49gfjr60,If we fast forward five years in the future. I think Palanteer is going to be around the stock price it is now or lower. That's my opinion. I'll hold a thousand shares just in case.
financial-education,CRM,us,buy,up,high,2026-03-20,2026-03-20,6m,CRM,True,194.8926,-0.2212,0.1514,-0.3726,-0.2212,False,True,,800,3y,https://www.youtube.com/watch?v=yzEr0KD0WKM,"I am building rapidly right now. And I mean rapidly. I'm buying every share in sight. I've got this position size up to almost $200,000 alone in the public account. Under my base case assumption... this stock should be somewhere between $800 come 2029. You can buy this stock today for less than $200."
financial-education,HNST,us,buy,up,high,2026-03-20,2026-03-20,1y,HNST,False,2.67,0.412,0.1514,0.2606,0.412,True,True,,,1y,https://www.youtube.com/watch?v=yzEr0KD0WKM,I believe Honest is getting out of the gulag in 2026. The gulag is under $5. I believe it's getting out and it's never coming back.
financial-education,NOW,us,buy,up,med,2026-03-20,2026-03-20,6m,NOW,True,110.38,-0.139,0.1514,-0.2903,-0.139,False,True,,,3y,https://www.youtube.com/watch?v=yzEr0KD0WKM,"I get a CAGR right around 20% for the stock. It's a very solid overall number for this company. I came in with a big boy buy on February 11th. I bought 1,000 shares of ServiceNow in the public count at $101.38."
financial-education,CELH,us,buy,up,med,2026-03-20,2026-03-20,1y,CELH,False,41.51,-0.258,0.1514,-0.4094,-0.258,False,True,,80,1y,https://www.youtube.com/watch?v=yzEr0KD0WKM,"My opinion is Celsius likely takes out the 80s this year. That's where the stock used to be back in 2024, early 2024. I think they're coming for those 80s. I have 0% interest in selling any of these 4,000 shares anytime soon."
financial-education,ELF,us,buy,up,med,2026-03-20,2026-03-20,1y,ELF,False,72.5,-0.1145,0.1514,-0.2658,-0.1145,False,True,,200,1y,https://www.youtube.com/watch?v=yzEr0KD0WKM,"This used to be a stock that was 200 bucks. I think it's back on its way to $200 over the next 24 months. At $81, there's significant upside."
financial-education,AMD,us,buy,up,high,2025-07-20,2025-07-21,3m,AMD,True,157.0,0.4846,0.0596,0.425,0.4846,True,True,,200,3m,https://www.youtube.com/watch?v=z0z_g-mmh_o,"We're headed to 200. And it could happen quick here. Like when I say we it can happen quick, I'm talking this could happen in the next couple months. After 200, then we start talking about all-time highs. Could AMD hit $500 plus in three years? The answer is absolutely."
financial-education,EL,us,buy,up,med,2025-07-20,2025-07-21,1y,EL,True,84.7966,0.0002,0.1977,-0.1975,0.0002,False,True,,,1y,https://www.youtube.com/watch?v=z0z_g-mmh_o,"When this company turns its revenue, which is going to happen the end of this year and going into 2026... the company's going to be way more profitable than any Estee Lauder we've ever seen in history. The riskreward looks really attractive now. I'm going to go ahead and start buying this one."
financial-education,SOFI,us,buy,up,med,2025-07-20,2025-07-21,6m,SOFI,False,21.16,0.2349,0.1063,0.1285,0.2349,True,True,,25,6m,https://www.youtube.com/watch?v=z0z_g-mmh_o,SoFi is once again qualified for the S&P 500... I'm still sticking with my $25 price target for end of year. I wouldn't be surprised if SoFi shoots way more to the upside than maybe it should.
financial-education,ELF,us,buy,up,high,2025-08-20,2025-08-20,1y,ELF,False,120.44,-0.467,0.1802,-0.6471,-0.467,False,True,,134,1y,https://www.youtube.com/watch?v=zHN5tZuQxVI,"ELF is about to become one of the most exciting stocks again... ELF's going to likely be in 2026 between 40, 50 or 60% growth rates. Morgan Stanley raises their price target to $134 from $114... Goldman Sachs maintained their buy rating and raised their price target to $137 from 120."
financial-education,CELH,us,buy,up,med,2025-08-20,2025-08-20,1y,CELH,False,61.95,-0.5028,0.1802,-0.683,-0.5028,False,True,,100,1y,https://www.youtube.com/watch?v=zHN5tZuQxVI,I would not be surprised at all if this stock hit 100 plus and hit a new alltime high in 26. I'm not honestly interested in selling Celsius any more shares under 100 in the public account. Celsius is back to being one of the most exciting stocks in the stock market.
financial-education,NOW,us,buy,up,high,2026-06-06,2026-06-08,1y,NOW,True,114.19,-0.1677,0.0102,-0.1779,-0.1677,False,True,,400,1y,https://www.youtube.com/watch?v=4jHsv4_P_D4,Service Now I have the stock going to $300 to $500 stock longterm right now it's $135 so there's a long way of growth ahead for Service Now.
financial-education,CRM,us,buy,up,high,2026-06-06,2026-06-08,1y,CRM,True,182.0801,-0.1664,0.0102,-0.1766,-0.1664,False,True,,400,1y,https://www.youtube.com/watch?v=4jHsv4_P_D4,"$350 to $450 stock is where I have Salesforce going to longterm right Now, Salesforce is $29, right? So, that's my opinion on these stocks. Both of them are incredible opportunities."
financial-education,ELF,us,buy,up,high,2026-06-06,2026-06-08,1y,ELF,False,52.28,0.228,0.0102,0.2178,0.228,True,True,,,1y,https://www.youtube.com/watch?v=4jHsv4_P_D4,"Elf Beauty is, you know, might be my favorite stock to buy right now in the entire stock market...a compounding annual growth rate somewhere between 30 and into the 50% range over the next four to 5 years."
financial-education,NKE,us,buy,up,high,2026-06-06,2026-06-08,1y,NKE,True,43.23,0.0456,0.0102,0.0354,0.0456,True,True,,,1y,https://www.youtube.com/watch?v=4jHsv4_P_D4,This is the most attractive time to buy Nike stock since Jordan retired the first time...I think the stock's going to be huge money maker over the next several years.
financial-education,CELH,us,buy,up,high,2026-06-06,2026-06-08,1y,CELH,False,28.0,0.1,0.0102,0.0898,0.1,True,True,,,1y,https://www.youtube.com/watch?v=4jHsv4_P_D4,I think the stock will be one of the best performing stocks over the next 5 to 10 years...compound annual growth rate of 45% to 50% on Celsius stock.
financial-education,SOFI,us,buy,up,high,2026-06-06,2026-06-08,1y,SOFI,False,16.5,0.0855,0.0102,0.0753,0.0855,True,True,,,1y,https://www.youtube.com/watch?v=4jHsv4_P_D4,SoFi Technologies. the stock that has returned me 123%...they're on their way to becoming a financial giant in my opinion...I'm buying the next financial giant.
financial-education,NKE,us,buy,up,high,2026-01-20,2026-01-20,1y,NKE,True,62.6498,-0.2785,0.1051,-0.3836,-0.2785,False,True,,100,1y,https://www.youtube.com/watch?v=566DGPT1-yQ,"When it comes to Nike, this is a $100 plus stock again in the future here. uh it's possible in 2026 if not 2026 and 2027. And so Nike is a stock I'll feel comfortable holding for years to go in the future."
financial-education,CELH,us,buy,up,high,2026-01-20,2026-01-20,1y,CELH,False,56.69,-0.4567,0.1051,-0.5618,-0.4567,False,True,,131,1y,https://www.youtube.com/watch?v=566DGPT1-yQ,"35 to 40p is pretty fair. 114 to 130 131. So that's 25% Kagar to a 30% Kaggar there on Celsius...Celsius, I think, is a pretty exciting stock for the next several years."
financial-education,AMD,us,buy,up,high,2026-01-20,2026-01-20,1y,AMD,True,231.92,1.317,0.1051,1.212,1.317,True,True,,800,1y,https://www.youtube.com/watch?v=566DGPT1-yQ,"I have over $1 million invested in the stock across my accounts...this stock has a potential like serious potential to go to a 500 to $1,000 stock over the next few years...I have to buy some more dang shares of the stock."
financial-education,ELF,us,buy,up,high,2026-01-20,2026-01-20,1y,ELF,False,89.04,-0.279,0.1051,-0.3841,-0.279,False,True,,262,1y,https://www.youtube.com/watch?v=566DGPT1-yQ,"bold case for ELF...35 to 40p is pretty fair for a company growing top line, 20% bottom line 30%. We're talking about a stock that gets to 245 to 280. 34% Kaggar low-end 38% Kagar high-end."
financial-education,PYPL,us,buy,up,med,2026-01-20,2026-01-20,1y,PYPL,True,54.7333,-0.2233,0.1051,-0.3284,-0.2233,False,True,,178,1y,https://www.youtube.com/watch?v=566DGPT1-yQ,my bull case for PayPal has them growing 9% revenues...That puts a stock somewhere between 158 and 197 come 2029...I think turns into fun pal 2026 and 2027 and I think we'll see a valuation upgrade to PayPal overall.
financial-education,ELF,us,buy,up,high,2025-11-20,2025-11-20,1y,ELF,False,68.42,-0.0617,0.1509,-0.2126,-0.0617,False,True,,,1y,https://www.youtube.com/watch?v=5Bt-3LVrVZw,"ELF's very attractively priced right now...it's 70 bucks...I think ELF long-term is going to 200 plus, if not 300 plus."
financial-education,SOFI,us,buy,up,high,2025-11-20,2025-11-20,1y,SOFI,False,24.91,-0.281,0.1509,-0.4319,-0.281,False,True,,,1y,https://www.youtube.com/watch?v=5Bt-3LVrVZw,SoFi has been an incredible performer...that's a stock I still like here...I just so convinced they're going to become a financial giant...hundreds of billions of dollars in market cap long term.
financial-education,AMZN,us,buy,up,med,2025-11-20,2025-11-20,6m,AMZN,True,217.14,0.2363,0.1447,0.0916,0.2363,True,True,,,6m,https://www.youtube.com/watch?v=5Bt-3LVrVZw,"Amazon under 250, I'll continue to buy that. It goes under 200, I'll buy it heavy. I don't care about like the fact that they're spending heavy. They'll get the return on investment."
financial-education,CELH,us,buy,up,med,2025-11-20,2025-11-20,1y,CELH,False,39.21,-0.2145,0.1509,-0.3654,-0.2145,False,True,,,1y,https://www.youtube.com/watch?v=5Bt-3LVrVZw,Celsius another stock I'm looking at here Celsius I mean just is a very very good value right now...a company that's on their way to becoming a drink giant.
financial-education,PYPL,us,buy,up,med,2025-11-20,2025-11-20,1y,PYPL,True,57.7393,-0.2638,0.1509,-0.4147,-0.2638,False,True,,,1y,https://www.youtube.com/watch?v=5Bt-3LVrVZw,"PayPal. Oh my gosh. Like I love that stock. I love that stock...facing tax loss harvesting right now...people just selling, right? Because they need to write it off."
financial-education,CRM,us,buy,up,med,2025-11-20,2025-11-20,1y,CRM,True,224.4455,-0.3238,0.1509,-0.4746,-0.3238,False,True,,,1y,https://www.youtube.com/watch?v=5Bt-3LVrVZw,"Salesforce CRM, another banger there...I don't think people are understanding like the revenue growth rates at companies like Salesforce. They're about to go through a revenue growth acceleration phase in 26 27."
financial-education,NKE,us,buy,up,med,2025-11-20,2025-11-20,1y,NKE,True,60.1,-0.2479,0.1509,-0.3988,-0.2479,False,True,,,1y,https://www.youtube.com/watch?v=5Bt-3LVrVZw,"Nike, another great stock that's priced very attractively, honest as well."
financial-education,EL,us,buy,up,med,2025-11-20,2025-11-20,1y,EL,True,85.6853,-0.0102,0.1509,-0.1611,-0.0102,False,True,,,1y,https://www.youtube.com/watch?v=5Bt-3LVrVZw,"Estee Lauder Eel stock, I mean, what a great deal that stock is. Phenomenal turnaround going on there. One of the most underappreciated turnarounds, I think, in the stock market right now."
financial-education,FUBO,us,buy,up,med,2025-11-20,2025-11-20,6m,FUBO,False,38.88,-0.7649,0.1447,-0.9096,-0.7649,False,True,,,6m,https://www.youtube.com/watch?v=5Bt-3LVrVZw,"Fubo is a great buy in my opinion. It's more speculative obviously with Fubo, but man, I'm really excited to see their financials over the next couple quarters, especially that top line in subscriber growth."
financial-education,NVDA,us,hold-avoid,neutral,med,2025-11-20,2025-11-20,1y,NVDA,True,180.4099,0.1678,0.1509,-0.0169,-0.1678,False,True,,,1y,https://www.youtube.com/watch?v=5Bt-3LVrVZw,Nvidia stock will basically be stuck in the 125 to 200ish range for years...you can't get any major move up...also it's a stock that's very limited with upside now at this point in time.
financial-education,AXP,us,buy,up,high,2026-03-20,2026-03-20,1y,AXP,True,294.5688,0.1474,0.1514,-0.0039,0.1474,False,True,,,1y,https://www.youtube.com/watch?v=64WPocgPN7o,"I want to buy every share in sight of this company and hold it for the next five, 10 years. I believe this stock is very undervalued. Should trade in the mid-20s to maybe even potentially high-20s forward P and we're down here at 17."
financial-education,WYNN,us,buy,up,high,2026-03-20,2026-03-20,1y,WYNN,True,99.7181,0.0583,0.1514,-0.0931,0.0583,False,True,,,1y,https://www.youtube.com/watch?v=64WPocgPN7o,"My number one favorite stock in travel by a mile is Wynn Resorts. Whenever you can get the stock under 100, it's a great deal. And further you can get under 100, it's a steal deal."
financial-education,LVS,us,buy,up,med,2026-03-20,2026-03-20,1y,LVS,True,52.6238,-0.0742,0.1514,-0.2255,-0.0742,False,True,,,1y,https://www.youtube.com/watch?v=64WPocgPN7o,"Number two of travel that is my favorite is Las Vegas Sands. I definitely like Las Vegas Sands. Once again, not as much as Wynn."
financial-education,CCL,us,buy,up,med,2026-03-20,2026-03-20,1y,CCL,True,23.9732,0.2877,0.1514,0.1363,0.2877,True,True,,,1y,https://www.youtube.com/watch?v=64WPocgPN7o,"I do like it as a stock overall if we're thinking about it for the next 10, 20 years. Number three, I like Carnival Cruise Line."
financial-education,RCL,us,buy,up,med,2026-03-20,2026-03-20,1y,RCL,True,262.29,0.1915,0.1514,0.0401,0.1915,True,True,,,1y,https://www.youtube.com/watch?v=64WPocgPN7o,"Royal Caribbean does a great job. Their ships are incredible... They're definitely a beneficiary as well. So, they're probably my number four."
financial-education,TSLA,us,sell,down,high,2025-11-20,2025-11-20,3m,TSLA,True,395.23,0.0417,0.0521,0.0104,-0.0417,True,True,,,3m,https://www.youtube.com/watch?v=6BpyfGl0lmY,I have no rush in regards to getting out of this particular position [Tesla short hedge]. Tesla is still trading at really high valuation but it doesn't have the fundamentals to back it. This business is a dumpster fire.
financial-education,PYPL,us,buy,up,med,2025-11-20,2025-11-20,1y,PYPL,True,57.7393,-0.2638,0.1509,-0.4147,-0.2638,False,True,,,1y,https://www.youtube.com/watch?v=6BpyfGl0lmY,"Bought 100 PayPal shares here today in one of my private portfolios. PayPal, despite everything going on, they grew revenue 7% in the latest quarter. They're expected to grow, continue to grow earnings per share on a double-digit clip."
financial-education,CAKE,us,buy,up,med,2025-11-20,2025-11-20,1y,CAKE,False,42.7243,0.8067,0.1509,0.6558,0.8067,True,True,,,1y,https://www.youtube.com/watch?v=6BpyfGl0lmY,"I bought uh we can call it about $6,000 worth of Cheesecake Factory here today. Cheesecake Factory, they come through with their numbers quarter in and quarter out. Unbelievable runway of growth the next 5 10 years."
financial-education,AXP,us,buy,up,med,2025-11-20,2025-11-20,1y,AXP,True,341.9569,-0.0116,0.1509,-0.1625,-0.0116,False,True,,,1y,https://www.youtube.com/watch?v=6BpyfGl0lmY,"I bought 22 shares of American Express. American Express has great fundamentals. Doesn't matter what's going on in the economy, American Express comes in and puts up their numbers. Phenomenal."
financial-education,NKE,us,buy,up,med,2025-11-20,2025-11-20,1y,NKE,True,60.1,-0.2479,0.1509,-0.3988,-0.2479,False,True,,,1y,https://www.youtube.com/watch?v=6BpyfGl0lmY,Nike has clearly turned the business from a fundamental perspective now at this point in time. Nike has a lot brighter days ahead and that's a company with great fundamentals now at this point in time.
financial-education,EL,us,buy,up,med,2025-11-20,2025-11-20,1y,EL,True,85.6853,-0.0102,0.1509,-0.1611,-0.0102,False,True,,300,1y,https://www.youtube.com/watch?v=6BpyfGl0lmY,Estee Lauder very attractive stock. It's still a great buy. This stock will be $300 plus longterm.
financial-education,ELF,us,buy,up,med,2025-11-20,2025-11-20,1y,ELF,False,68.42,-0.0617,0.1509,-0.2126,-0.0617,False,True,,,1y,https://www.youtube.com/watch?v=6BpyfGl0lmY,Elf Beauty's got a great future. The fundamentals of business look phenomenal. They got the price increase that's going to start to really positively affect them this next quarter.
financial-education,BBWI,us,buy,up,low,2025-11-20,2025-11-20,1y,BBWI,False,15.4906,0.3273,0.1509,0.1764,0.3273,True,True,,,1y,https://www.youtube.com/watch?v=6BpyfGl0lmY,"Bath & Body Works as a $21 stock right now. Stocks down 23% the past 3 months. Proven business model. I love a great fundamental business. Bath & Body Works. I'm like, that looks pretty good."
financial-education,CMG,us,buy,up,low,2025-11-20,2025-11-20,1y,CMG,True,30.35,0.0705,0.1509,-0.0804,0.0705,False,True,,,1y,https://www.youtube.com/watch?v=6BpyfGl0lmY,"Chipotle's gotten down to a level now that I'm like, hm, might actually be interesting as a buy um, in 2026. Proven business model, proven restaurant concepts. The stock's down massively."
financial-education,CELH,us,buy,up,high,2025-09-20,2025-09-22,1y,CELH,False,51.34,-0.4001,0.1262,-0.5263,-0.4001,False,True,,,1y,https://www.youtube.com/watch?v=8SpOpenZVh0,"I remain very very bullish on this company. I think it's still very early days in the buildout. I love John, the gentleman that's been leading this company. Revenue skyrocket for this company for quite a while."
financial-education,ELF,us,buy,up,high,2025-09-20,2025-09-22,1y,ELF,False,137.32,-0.5325,0.1262,-0.6587,-0.5325,False,True,,200,1y,https://www.youtube.com/watch?v=8SpOpenZVh0,Don't be surprised at all if this stock is $200 plus before you know it. ELF has a beautiful next 5 10 years ahead. I've been buying the stock heavily this year across different portfolios.
financial-education,GOOGL,us,buy,up,high,2025-09-20,2025-09-22,1y,GOOGL,True,252.1874,0.4594,0.1262,0.3332,0.4594,True,True,,532,1y,https://www.youtube.com/watch?v=8SpOpenZVh0,Google is easy money. It remains easy money. Bull case: Google stock should be somewhere between $443 and $532 by 2029. Base case compound annual growth rate of 12% on the low end 18%.
financial-education,ADBE,us,buy,up,med,2025-09-20,2025-09-22,1y,ADBE,True,364.08,-0.464,0.1262,-0.5902,-0.464,False,True,,,1y,https://www.youtube.com/watch?v=8SpOpenZVh0,"Base case for Adobe: 8% revenue growth per year, 10% net income growth, gives compound growth rate of 15% on low end 21% high end. Free money. It's free money. Come on, man."
financial-education,NKE,us,buy,up,high,2025-09-20,2025-09-22,1y,NKE,True,69.7368,-0.3518,0.1262,-0.478,-0.3518,False,True,,,1y,https://www.youtube.com/watch?v=8SpOpenZVh0,"If you're not buying it right now during a time like this, you will never own Nike. I'm going to make a lot of money in Nike over the coming years. I think I can hold for years, if not decades to go in the future."
financial-education,CRM,us,buy,up,med,2025-09-20,2025-09-22,1y,CRM,True,248.6657,-0.3896,0.1262,-0.5158,-0.3896,False,True,,,1y,https://www.youtube.com/watch?v=8SpOpenZVh0,"Salesforce is incredibly undervalued right now. I expect revenue growth acceleration in 26, again in 27, and then again in 28. We'll see Salesforce eventually likely get to a $500 billion market cap."
financial-education,AMD,us,buy,up,high,2025-09-20,2025-09-22,1y,AMD,True,159.79,2.363,0.1262,2.2368,2.363,True,True,,400,1y,https://www.youtube.com/watch?v=8SpOpenZVh0,"The stock's likely headed to 400 plus. So, I'm in no rush to take any profits on AMD. Base case: 27% compound annual growth rate on the low end, 32% on the high end."
financial-education,AMD,us,buy,up,med,2026-04-20,2026-04-20,3m,AMD,True,274.95,0.9544,0.0536,0.9008,0.9544,True,True,,325,3m,https://www.youtube.com/watch?v=8ez8obdliEI,"325 could be up next for AMD if we go risk on for a while here in the market. The more risk on this market goes, you'll see AMD fly."
financial-education,AMZN,us,buy,up,med,2026-04-20,2026-04-20,3m,AMZN,True,248.28,-0.0157,0.0536,-0.0693,-0.0157,False,True,,250,3m,https://www.youtube.com/watch?v=8ez8obdliEI,"Amazon, this is another stock that wants, you know, a lot higher prices. This stock wants 250."
financial-education,BBWI,us,buy,up,high,2026-04-20,2026-04-20,6m,BBWI,False,20.9,-0.0163,0.0536,-0.0699,-0.0163,False,True,,,,https://www.youtube.com/watch?v=8ez8obdliEI,Bath & Body Works the stock's down about 64% the past 5 years. $17 stock. This one I'm most likely to buy if I'm going to buy a new stock. 4 P on the stock is about seven. Big dividend yield on this one.
financial-education,RH,us,buy,up,low,2026-04-20,2026-04-20,6m,RH,False,142.69,0.0378,0.0536,-0.0158,0.0378,False,True,,,,https://www.youtube.com/watch?v=8ez8obdliEI,RH. $120 stock. The stock's down 80% the past 5 years... This one I'm definitely considering.
financial-education,PLTR,us,hold-avoid,neutral,med,2026-04-20,2026-04-20,6m,PLTR,True,145.89,-0.1194,0.0536,0.1731,0.1194,True,True,,,6m,https://www.youtube.com/watch?v=8ez8obdliEI,I think the stock is stuck between 125 and 200... Palantir over the next several quarters is going to have revenue growth deceleration. This will be a range-bound stock for a while.
financial-education,GOOGL,us,buy,up,high,2025-08-20,2025-08-20,6m,GOOGL,True,198.8717,0.5242,0.0817,0.4425,0.5242,True,True,,,,https://www.youtube.com/watch?v=8qwBWNPzEWE,"Why I love Google stock right now. It's very attractively priced stock, especially given this market we're in right now. Ford P under 20... double-digit revenue growth, earnings per share that in my opinion is going to grow far, far faster than revenue."
financial-education,SHOP,us,buy,up,high,2025-08-20,2025-08-20,6m,SHOP,False,137.29,-0.114,0.0817,-0.1957,-0.114,False,True,,,,https://www.youtube.com/watch?v=8qwBWNPzEWE,Why Shopify is such an amazing stock. One of the most perfect stocks in the stock market... clear acceleration of growth rates happening with Shopify right now. Up 94% now on Shopify stock.
financial-education,HOOD,us,sell,down,med,2025-08-20,2025-08-20,6m,HOOD,True,105.34,-0.286,0.0817,0.3677,0.286,True,True,,,6m,https://www.youtube.com/watch?v=8qwBWNPzEWE,Robin Hood's top could be forming if we're going to go into like a speculation mania... you can still have a blowoff top during the mania and then it comes crumbling down in a major major way. Could be talking 50% plus in Hood after the speculation mania ends.
financial-education,CAKE,us,buy,up,high,2025-08-20,2025-08-20,6m,CAKE,False,60.9744,0.0406,0.0817,-0.041,0.0406,False,True,,,,https://www.youtube.com/watch?v=8qwBWNPzEWE,"I'd put $300,000 in Cake... if you force me to buy these stocks. Cake continues to roll. Cake closing in on $64 here today. Up $74,000 on cake in the public account."
financial-education,AMD,us,buy,up,med,2025-08-20,2025-08-20,6m,AMD,True,165.2,0.2114,0.0817,0.1297,0.2114,True,True,,,,https://www.youtube.com/watch?v=8qwBWNPzEWE,"I'd put $300,000 in... another $300,000 in AMD."
financial-education,ADBE,us,buy,up,med,2025-08-20,2025-08-20,6m,ADBE,True,353.43,-0.2554,0.0817,-0.3371,-0.2554,False,True,,,,https://www.youtube.com/watch?v=8qwBWNPzEWE,"I'd put $300,000 in Cake, $300,000 in Google McDougall, $300,000 in AMD, $300,000 in Adobe."
financial-education,ELF,us,buy,up,med,2025-08-20,2025-08-20,6m,ELF,False,120.44,-0.269,0.0817,-0.3507,-0.269,False,True,,,,https://www.youtube.com/watch?v=8qwBWNPzEWE,"I would split another $300,000 between E.L.F. Eel and Honest, right? Two beauty companies, one on the low end, one on the high end."
financial-education,HNST,us,buy,up,med,2025-08-20,2025-08-20,6m,HNST,False,3.66,-0.4071,0.0817,-0.4888,-0.4071,False,True,,,,https://www.youtube.com/watch?v=8qwBWNPzEWE,"I would split another $300,000 between E.L.F. Eel and Honest, right? Two beauty companies, one on the low end, one on the high end, and then Honest."
financial-education,TSLA,us,sell,down,med,2025-11-20,2025-11-20,3m,TSLA,True,395.23,0.0417,0.0521,0.0104,-0.0417,True,True,,,3m,https://www.youtube.com/watch?v=9AjYhT-vJwA,"Added a little bit more to my Tesla market hedge... Tesla's a perfect hedge on the stock market. Stock market goes down a bunch, Tesla goes down dramatically more. If NASDAQ goes down 10%, Tesla's down at least 25%."
financial-education,PLTR,us,hold-avoid,neutral,med,2025-11-20,2025-11-20,3m,PLTR,True,155.745,-0.1339,0.0521,0.186,0.1339,True,True,,,3m,https://www.youtube.com/watch?v=9AjYhT-vJwA,Palanteer's priced in so much that stock it's not a buy regardless. That valuation is so out of control. Priced in like seven years of growth at least. Not a good buy right now and not a good buy at 200 either.
financial-education,AMD,us,buy,up,high,2026-06-16,2026-06-16,1y,AMD,True,507.29,0.0593,-0.0022,0.0615,0.0593,True,True,,1000,1y,https://www.youtube.com/watch?v=9cG_DXwC3ig,"don't be surprised if AMD goes to a thousand plus in the next 6 to 12 months... my price target of $1,200 to $1,600 over the coming years... my bull case has it going to 2,000 plus"
financial-education,NKE,us,buy,up,med,2026-06-16,2026-06-16,6m,NKE,True,45.04,0.0036,-0.0022,0.0058,0.0036,True,True,,70,6m,https://www.youtube.com/watch?v=9cG_DXwC3ig,"Nike's already clearly shown to me that the stock has bottomed and is starting to head up... you can see that stock go from 40 to 70, and it happens quick."
financial-education,ELF,us,buy,up,med,2026-06-16,2026-06-16,6m,ELF,False,66.93,-0.0408,-0.0022,-0.0386,-0.0408,False,True,,,,https://www.youtube.com/watch?v=9cG_DXwC3ig,"Elf is definitely one that sets up very well here... 30% plus the stock has gone up in 10 days. Not 10 trading days, just 10 days in general."
financial-education,CELH,us,buy,up,low,2026-06-16,2026-06-16,6m,CELH,False,30.01,0.0263,-0.0022,0.0285,0.0263,True,True,,,,https://www.youtube.com/watch?v=9cG_DXwC3ig,"Celsius. Celsius Holdings, you know, this one hasn't started to run yet, but I've been looking at some of the data that's come out... Celsius including Alani New volumes up 11.9%"
financial-education,CAKE,us,buy,up,low,2026-06-16,2026-06-16,3m,CAKE,False,73.27,0.0535,-0.0022,0.0557,0.0535,True,True,,,3m,https://www.youtube.com/watch?v=9cG_DXwC3ig,"Cake is still a buy, but it's not as good of a buy as it was... CAGR is kind of 14% to 20% over the next few years. So, it's still good. It's still an attractive risk-reward profile."
financial-education,AXP,us,buy,up,high,2026-06-16,2026-06-16,1y,AXP,True,340.74,-0.008,-0.0022,-0.0058,-0.008,False,True,,,1y,https://www.youtube.com/watch?v=9cG_DXwC3ig,American Express remains a great opportunity... based upon my modest projection... 20% plus CAGR. Probably more towards 25%. This stock should smash the stock market in general over the next few years.
financial-education,NOW,us,buy,up,low,2026-06-16,2026-06-16,1y,NOW,True,101.33,-0.0621,-0.0022,-0.0599,-0.0621,False,True,,,1y,https://www.youtube.com/watch?v=9cG_DXwC3ig,"ServiceNow and CRM, those stocks are buys and they've got great long-term opportunities, but those ones might make more of a move in like 27 or 28."
financial-education,CRM,us,buy,up,low,2026-06-16,2026-06-16,1y,CRM,True,161.71,-0.0614,-0.0022,-0.0592,-0.0614,False,True,,,1y,https://www.youtube.com/watch?v=9cG_DXwC3ig,"ServiceNow and CRM, those stocks are buys and they've got great long-term opportunities, but those ones might make more of a move in like 27 or 28."
financial-education,NVDA,us,buy,up,low,2026-06-16,2026-06-16,1y,NVDA,True,207.41,0.0158,-0.0022,0.018,0.0158,True,True,,,1y,https://www.youtube.com/watch?v=9cG_DXwC3ig,I've always kind of thought like before the cycle's over like Nvidia could run to 10 trillion and become the first 10 trillion dollar company... Nvidia could have one last hurrah run eventually that takes it to 10 trillion.
financial-education,TSLA,us,sell,down,high,2025-10-20,2025-10-20,6m,TSLA,True,447.43,-0.1228,0.0618,0.1845,0.1228,True,True,,,6m,https://www.youtube.com/watch?v=ADY3Skb3D_M,"Tesla has nothing going on for the fundamentals of the company right now... This is the worst version of Tesla you've seen in probably six or seven years... I opened up this position here [TSLZ, 2x inverse Tesla]."
financial-education,PLTR,us,hold-avoid,down,med,2025-10-20,2025-10-20,6m,PLTR,True,181.59,-0.1966,0.0618,0.2584,0.1966,True,True,,,6m,https://www.youtube.com/watch?v=ADY3Skb3D_M,"Even with the good fundamentals of the company, at the end of the day, like if the stock market goes down big, this one's going down huge... PLTZ is another one [2x inverse Palantir I'm holding]."
financial-education,PLTR,us,sell,down,high,2025-08-20,2025-08-20,1y,PLTR,True,156.01,-0.1765,0.1802,0.3567,0.1765,True,True,,,1y,https://www.youtube.com/watch?v=AeWcD4vKXoA,"I believe is the highs we hit in 2025 will not be seen again till the 2030s, folks. 2026 through 2030 the stock will be flat or down from the 2025 highs. That's my prediction."
financial-education,AMD,us,buy,up,high,2025-08-20,2025-08-20,1y,AMD,True,165.2,2.2528,0.1802,2.0727,2.2528,True,True,,,1y,https://www.youtube.com/watch?v=AeWcD4vKXoA,"Could I see AMD returning me 300%, 500%, maybe even 700%? Yep. Yep... AMD is a much safer buy than Palanteer was, right? I put a big money amount into AMD... sitting on a $425,000 position."
financial-education,TSLA,us,hold-avoid,down,high,2025-08-20,2025-08-20,1y,TSLA,True,323.9,0.2365,0.1802,-0.0563,-0.2365,False,True,,,1y,https://www.youtube.com/watch?v=AeWcD4vKXoA,"There might be a day to end up buying back into Tesla, but it's not right now, man. It's not right now. Stock continues to just be a money suck for people."
financial-education,BBWI,us,buy,up,med,2026-03-20,2026-03-20,3m,BBWI,False,19.41,0.0592,0.1514,-0.0921,0.0592,False,True,,,3m,https://www.youtube.com/watch?v=BB7hmCMG1vM,Number one stock I'd be looking to buy that's a brand new stock is Bath & Body Works. I would love to start a position somewhere in the $15 to $20 range for this particular one.
financial-education,RH,us,buy,up,med,2026-03-20,2026-03-20,1y,RH,False,127.65,0.1601,0.1514,0.0088,0.1601,True,True,,,1y,https://www.youtube.com/watch?v=BB7hmCMG1vM,"RH, this one I'm looking at under 125, under $100 would really be ideal. The reward potential is RH gets back on good footing and the stock climbs back to $700."
financial-education,WHR,us,buy,up,med,2026-03-20,2026-03-20,1y,WHR,False,52.26,-0.2564,0.1514,-0.4078,-0.2564,False,True,,125,1y,https://www.youtube.com/watch?v=BB7hmCMG1vM,Whirlpool is definitely has me intrigued. I think Whirlpool maybe is a stock that could run to 100 to 150 over the next few years if they get back good footing and real estate gets moving.
financial-education,HIMS,us,buy,up,low,2026-03-20,2026-03-20,3m,HIMS,False,22.02,0.6108,0.1514,0.4594,0.6108,True,True,,,3m,https://www.youtube.com/watch?v=BB7hmCMG1vM,"Hims, I'm not as excited about certainly that I was just a week ago. This one still has potential, though. I'm still going to do some more digging here and see if it makes sense at 25."
financial-education,NKE,us,buy,up,med,2026-03-20,2026-03-20,1y,NKE,True,51.9055,-0.1292,0.1514,-0.2806,-0.1292,False,True,,,1y,https://www.youtube.com/watch?v=BB7hmCMG1vM,I believe Nike is a phenomenal deal in the 50s and 60s. I think there's going to be a ton of money to be made over the next few years in Nike.
financial-education,META,us,buy,up,high,2026-02-20,2026-02-20,1y,META,True,655.0991,-0.1189,0.0861,-0.205,-0.1189,False,True,,1200,1y,https://www.youtube.com/watch?v=C5ptSxxEXFo,"I have Meta going over 1,200 in the next three years. I feel very confident in that."
financial-education,AMZN,us,buy,up,high,2026-02-20,2026-02-20,1y,AMZN,True,210.11,0.1632,0.0861,0.0771,0.1632,True,True,,400,1y,https://www.youtube.com/watch?v=C5ptSxxEXFo,"Amazon, 400 plus. I think that's very realistic when I think about the e-commerce growth this company has and AWS growth."
financial-education,AMD,us,buy,up,high,2026-02-20,2026-02-20,1y,AMD,True,200.15,1.6848,0.0861,1.5988,1.6848,True,True,,500,1y,https://www.youtube.com/watch?v=C5ptSxxEXFo,"AMD's going 500 plus in the next three years. There's a big — honestly, there's possible AMD goes 500 plus in the next year."
financial-education,ELF,us,buy,up,med,2026-02-20,2026-02-20,1y,ELF,False,94.02,-0.3172,0.0861,-0.4033,-0.3172,False,True,,220,1y,https://www.youtube.com/watch?v=C5ptSxxEXFo,"Elf on a shelf, 220 plus within the next 3 years. If Elf is 120, 140 at the end of this year, I won't be surprised at all."
financial-education,CELH,us,buy,up,med,2026-02-20,2026-02-20,1y,CELH,False,48.32,-0.3626,0.0861,-0.4487,-0.3626,False,True,,100,1y,https://www.youtube.com/watch?v=C5ptSxxEXFo,"Celsius 100 plus. I don't think that's a stretch at all. Celsius right now is in the 50s, but with the growth of Alani, the distribution deal, the international opportunity...100 plus is a realistic number within the next 3 years."
financial-education,CRM,us,buy,up,med,2026-02-20,2026-02-20,1y,CRM,True,184.6981,-0.1782,0.0861,-0.2643,-0.1782,False,True,,350,1y,https://www.youtube.com/watch?v=C5ptSxxEXFo,"CRM, Salesforce, 350 plus. I had that in the next 3 years. I think 2026 is going to be a very important year for both those companies."
financial-education,ADBE,us,buy,up,med,2026-02-20,2026-02-20,1y,ADBE,True,258.61,-0.2454,0.0861,-0.3314,-0.2454,False,True,,550,1y,https://www.youtube.com/watch?v=C5ptSxxEXFo,Adobe going 550 plus in the next 3 years. I think 2026 is going to be a very important year for both those companies as they keep putting up great numbers.
financial-education,CAKE,us,buy,up,med,2026-02-20,2026-02-20,1y,CAKE,False,62.9277,0.2266,0.0861,0.1406,0.2266,True,True,,110,1y,https://www.youtube.com/watch?v=C5ptSxxEXFo,"CAKE, I have CAKE going 110 plus over the next 3 years. I think basically CAKE can be a double up from here over the next 3 years."
financial-education,NKE,us,buy,up,med,2026-02-20,2026-02-20,1y,NKE,True,64.3926,-0.2981,0.0861,-0.3841,-0.2981,False,True,,100,1y,https://www.youtube.com/watch?v=C5ptSxxEXFo,"Nike. I have Nike going 100 plus over the next 3 years. I think it's a big year for Nike. I think they're going to show nice revenue growth, margin growth, earnings per share growth."
financial-education,EL,us,buy,up,med,2026-02-20,2026-02-20,1y,EL,True,113.4341,-0.2523,0.0861,-0.3384,-0.2523,False,True,,200,1y,https://www.youtube.com/watch?v=C5ptSxxEXFo,I think EL is going 200 plus over the next 3 years. That's one that's a huge turnaround play and it looks like the turn is happening.
financial-education,SOFI,us,buy,up,med,2026-02-20,2026-02-20,1y,SOFI,False,19.02,-0.0584,0.0861,-0.1444,-0.0584,False,True,,40,1y,https://www.youtube.com/watch?v=C5ptSxxEXFo,SoFi I have going 40 plus. SoFi is a wildcard. I can see SoFi being 40 bucks in 3 years from now. I can see SoFi being 60. I can see SoFi being 80.
financial-education,HNST,us,buy,up,high,2026-02-20,2026-02-20,1y,HNST,False,2.27,0.6608,0.0861,0.5747,0.6608,True,True,,7.5,1y,https://www.youtube.com/watch?v=C5ptSxxEXFo,Honest is a two buck chuck right now. I have them going 750 plus over the next 3 years... $7.50 plus price target in the next 3 years. I truly believe over the next 3 years it's going to be an epic move for Honest.
financial-education,PYPL,us,buy,up,med,2026-02-20,2026-02-20,1y,PYPL,True,41.3878,0.0271,0.0861,-0.059,0.0271,False,True,,,1y,https://www.youtube.com/watch?v=C5ptSxxEXFo,"PayPal, so undervalued, so disrespected. I don't get it, man. I'm expecting that stock to go on a beautiful run."
financial-education,AMD,us,buy,up,high,2025-10-20,2025-10-20,1y,AMD,True,240.56,1.2338,0.1187,1.1151,1.2338,True,True,,400,1y,https://www.youtube.com/watch?v=CsmNxEklusw,"AMD is a beast. It's a must own stock. I believe 400's in the bag for AMD now. In the next 24 months, I think it's a coin flip if the stock's going 500 plus."
financial-education,AMZN,us,buy,up,high,2025-10-20,2025-10-20,1y,AMZN,True,216.48,0.1289,0.1187,0.0102,0.1289,True,True,,,1y,https://www.youtube.com/watch?v=CsmNxEklusw,Buy and don't stop buying Amazon stock. Amazon's one of the easiest buys in the stock market. Low risk and high reward the next 5 years.
financial-education,ADBE,us,buy,up,med,2025-10-20,2025-10-20,1y,ADBE,True,343.4,-0.4317,0.1187,-0.5504,-0.4317,False,True,,,1y,https://www.youtube.com/watch?v=CsmNxEklusw,"Three grade-A stocks that everyone out there must own. Adobe is one of the most perfect stocks you could ever see. At the end of the day, Adobe is a buy, right?"
financial-education,CRM,us,buy,up,high,2025-10-20,2025-10-20,1y,CRM,True,253.2369,-0.4006,0.1187,-0.5194,-0.4006,False,True,,,1y,https://www.youtube.com/watch?v=CsmNxEklusw,Salesforce is a buy. There's just no debate. There's no debate. In my base case I get a CAGR of 20%. Salesforce is a buy.
financial-education,PLTR,us,hold-avoid,down,med,2025-10-20,2025-10-20,6m,PLTR,True,181.59,-0.1966,0.0618,0.2584,0.1966,True,True,,,6m,https://www.youtube.com/watch?v=CsmNxEklusw,Palanteer comes with massive risk. As soon as revenue growth starts to decelerate the stock's going to get absolutely obliterated. There's not a lot of upside potential left for Palanteer.
financial-education,CRM,us,buy,up,high,2025-09-20,2025-09-22,6m,CRM,True,248.6657,-0.2162,-0.0219,-0.1944,-0.2162,False,True,,500,3y,https://www.youtube.com/watch?v=CxDE4qUgZJg,"It is CRM. Salesforce. A hated Chihuahua of a stock. and it is a great buy right now. Bull case puts stock over $500 on the low end in around $600 on the high end. CAGR of 20% low end, 25% high end."
financial-education,ELF,us,buy,up,high,2025-09-20,2025-09-22,1y,ELF,False,137.32,-0.5325,0.1262,-0.6587,-0.5325,False,True,,,1y,https://www.youtube.com/watch?v=CxDE4qUgZJg,Elf and Celsius are just going through like a super cycle of growth over the next kind of like 12 to 18 months. You're going to see some of the best growth rates in the entire stock market.
financial-education,CELH,us,buy,up,med,2025-09-20,2025-09-22,1y,CELH,False,51.34,-0.4001,0.1262,-0.5263,-0.4001,False,True,,,1y,https://www.youtube.com/watch?v=CxDE4qUgZJg,Elf and Celsius are just going through like a super cycle of growth over the next kind of like 12 to 18 months. You're going to see some of the best growth rates in the entire stock market.
financial-education,AMZN,us,buy,up,med,2025-09-20,2025-09-22,6m,AMZN,True,227.63,-0.0978,-0.0219,-0.0759,-0.0978,False,True,,,,https://www.youtube.com/watch?v=CxDE4qUgZJg,"We're now up $146,000 on Amazon. It's been a tremendous performer in the public count and a lot further to go here in regards to Amazon."
financial-education,CELH,us,buy,up,high,2026-04-20,2026-04-20,6m,CELH,False,33.78,-0.0882,0.0536,-0.1419,-0.0882,False,True,,,,https://www.youtube.com/watch?v=EKEb4yQyHCI,"Celsius Holdings, a $7,200 buy there of Celsius. Celsius is a steal deal. If people think Kirkland launching a knockoff energy drink is going to ruin Celsius — it's just ridiculous. Great opportunity for people that haven't built a Celsius position."
financial-education,EL,us,buy,up,med,2026-04-20,2026-04-20,6m,EL,True,77.5501,0.0936,0.0536,0.04,0.0936,True,True,,,,https://www.youtube.com/watch?v=EKEb4yQyHCI,"Estee Lauder. I had to buy some EL here today. $7,000. I don't think the deal's going to end up going through. I really don't. So, I bought some EL here today."
financial-education,ELF,us,buy,up,high,2026-04-20,2026-04-20,6m,ELF,False,68.42,-0.0617,0.0536,-0.1153,-0.0617,False,True,,,,https://www.youtube.com/watch?v=EKEb4yQyHCI,"Elf Beauty. Oh, I love Elf Beauty. I bought a little under $14,000 worth of Elf Beauty today. Stock was under 70 bucks. The further those stocks are under a hundred, the more you load the boat on those stocks."
financial-education,AXP,us,buy,up,med,2026-04-20,2026-04-20,6m,AXP,True,329.87,0.0246,0.0536,-0.029,0.0246,False,True,,,,https://www.youtube.com/watch?v=EKEb4yQyHCI,"AMAX, American Express, AXP. It's about a $6,000 buy. That stock's been heavily damaged recently, recession concerns, all that good stuff. So, I went ahead and picked up some shares there."
financial-education,SOFI,us,buy,up,med,2026-04-20,2026-04-20,6m,SOFI,False,19.5,-0.0815,0.0536,-0.1352,-0.0815,False,True,,,,https://www.youtube.com/watch?v=EKEb4yQyHCI,"SoFi Technologies, that one's been hit recently. I picked up five little over $5,000 worth of SoFi here today."
financial-education,CAKE,us,buy,up,med,2026-04-20,2026-04-20,6m,CAKE,False,61.8331,0.2484,0.0536,0.1947,0.2484,True,True,,,,https://www.youtube.com/watch?v=EKEb4yQyHCI,"Cheesecake Factory. Little under a $5,700 pickup of Cheesecake Factory here today. That stock's back in the mid 50s, so I'm picking up shares again."
financial-education,CRM,us,buy,up,med,2026-04-20,2026-04-20,6m,CRM,True,186.27,-0.1852,0.0536,-0.2388,-0.1852,False,True,,,,https://www.youtube.com/watch?v=EKEb4yQyHCI,"Salesforce, CRM. It was a little less than a $4,000 buy in regards to CRM. Yeah, that stock's a steal deal."
financial-education,HNST,us,buy,up,med,2026-04-20,2026-04-20,1y,HNST,False,3.47,0.0865,0.0536,0.0328,0.0865,True,True,,5,1y,https://www.youtube.com/watch?v=EKEb4yQyHCI,"Honest, little under a $3,000 buy of Honest. That's a stock I think it's going to exit this year at $5 plus. And so, I'm continuing to pick up Honest shares aggressively."
financial-education,AMZN,us,buy,up,high,2026-04-20,2026-04-20,6m,AMZN,True,248.28,-0.0157,0.0536,-0.0693,-0.0157,False,True,,,,https://www.youtube.com/watch?v=EKEb4yQyHCI,"Amazon, $4,100 buy of Amazon here today. Yeah, Amazon's a steal deal. If you're a long-term investor... the long term as in over the next 5-10 years... when Amazon goes on a run, it's going to go on a big boy run."
financial-education,NKE,us,buy,up,high,2026-05-20,2026-05-20,1y,NKE,True,43.7981,0.032,0.0074,0.0246,0.032,True,True,,,1y,https://www.youtube.com/watch?v=FJm3rrbDHtA,"Nike, NKE. This stock is already bottomed in my opinion, and we got a long way to go. By the end of this year, the stock's going to be, in my opinion, dramatically higher than where it is right now."
financial-education,CVX,us,buy,up,med,2026-05-20,2026-05-20,6m,CVX,True,191.33,-0.0925,0.0074,-0.0999,-0.0925,False,True,,,,https://www.youtube.com/watch?v=FJm3rrbDHtA,"Number two of these five stocks is Chevron Corporation, CVX. Chevron, if you invest into it, invest into it for long term. I'm guessing Chevron's going to make a fortune this year, probably a lot more than they did the previous year."
financial-education,WYNN,us,buy,up,med,2026-05-20,2026-05-20,6m,WYNN,True,98.06,0.0762,0.0074,0.0688,0.0762,True,True,,,,https://www.youtube.com/watch?v=FJm3rrbDHtA,"Number three of these five stocks is Wynn Resorts. Wynn Resorts has massive dividend hikes coming for the next 5 to 10 years. When this baby opens, the cash flows are going to pour in."
financial-education,CAKE,us,buy,up,high,2026-05-20,2026-05-20,6m,CAKE,False,60.3,0.2801,0.0074,0.2727,0.2801,True,True,,128,,https://www.youtube.com/watch?v=FJm3rrbDHtA,"My base case has the stock going to by 2030 $128 to $157 stock. Right now, it's still in the 60s. Base case CAGR between 20% and 26%. One of the best dividend stocks in the entire stock market."
financial-education,EL,us,buy,up,med,2026-05-20,2026-05-20,6m,EL,True,77.8988,0.0887,0.0074,0.0813,0.0887,True,True,,,,https://www.youtube.com/watch?v=FJm3rrbDHtA,"Number five of these five stocks is EL Estee Lauder. This one hit its bottom last year, and the turnaround has now occurred for this company. In 2027, I think they're set up for dividend raises once again."
ghanshyam-tech,BANKNIFTY,india,buy,up,med,2023-06-20,,,,,,,,,,,False,no price data,,1m,https://www.youtube.com/watch?v=BiIWDDgOKkE,"If Bank Nifty opens up and holds a bit on gas, there will be good momentum here... 250 to 300 point rally can be seen."
ghanshyam-tech,LT,india,sell,down,med,2022-06-20,2022-06-20,1m,LT.NS,True,1398.7996,0.1822,0.0763,-0.1059,-0.1822,False,True,,1832,1m,https://www.youtube.com/watch?v=E2sVebSB5L0,"L&T after good consolidation, if it falls on the lower side and goes below its low, you can fearlessly sell the dip here; targets here are 1832 and 1865."
ghanshyam-tech,HEROMOTOCO,india,sell,down,med,2022-06-20,2022-06-20,1m,HEROMOTOCO.NS,False,2137.2664,0.1526,0.0763,-0.0763,-0.1526,False,True,,,1m,https://www.youtube.com/watch?v=E2sVebSB5L0,"Hero MotoCorp: look, it can go for a new flight if it closes back below 2634 here; a downfall of 304 points can come."
ghanshyam-tech,MARUTI,india,buy,up,med,2022-06-20,2022-06-20,3m,MARUTI.NS,True,7389.3584,0.2194,0.148,0.0714,0.2194,True,True,,8800,3m,https://www.youtube.com/watch?v=E2sVebSB5L0,"Maruti has reached its resistance level, the next mood in it will come only when it closes above 8400; targets here are 8800 and 9000 friends."
ghanshyam-tech,CIPLA,india,sell,down,low,2022-06-20,2022-06-20,1m,CIPLA.NS,True,896.6982,0.0601,0.0763,0.0162,-0.0601,True,True,,,1m,https://www.youtube.com/watch?v=E2sVebSB5L0,We can play in CIPLA but now when it starts going below 870... the target of 150 will be met here.
ghanshyam-tech,TATASTEEL,india,sell,down,med,2022-06-20,2022-06-20,1m,TATASTEEL.NS,True,79.9065,0.0778,0.0763,-0.0016,-0.0778,False,True,,1060,1m,https://www.youtube.com/watch?v=E2sVebSB5L0,"TATA STEEL: look here, press down is starting here, so mark it here because the next support is around 1060."
ghanshyam-tech,NIFTY,india,buy,up,med,2023-06-20,,,,,,,,,,,False,no price data,17550,3m,https://www.youtube.com/watch?v=HF3MByokdhM,At 16700 you feel like you can take Nifty... first target we're going for is 17500; if we hold above this trend line then the direct target here is 18000.
ghanshyam-tech,ADANIPORTS,india,buy,up,med,2022-06-20,2022-06-20,1m,ADANIPORTS.NS,True,648.2411,0.129,0.0763,0.0527,0.129,True,True,,,1m,https://www.youtube.com/watch?v=apMOuJgDP48,"If this starts playing above 750, then from here a good limit can take you up to around 800."
ghanshyam-tech,ASIANPAINT,india,buy,up,med,2022-06-20,2022-06-20,3m,ASIANPAINT.NS,True,2577.1416,0.2464,0.148,0.0984,0.2464,True,True,,3000,3m,https://www.youtube.com/watch?v=apMOuJgDP48,"Asian Paints support level is 1950/2940, market is consolidating but the best moment will give 3000."
ghanshyam-tech,BHARTIARTL,india,buy,up,med,2022-06-20,2022-06-20,1m,BHARTIARTL.NS,True,626.39,0.0464,0.0763,-0.0298,0.0464,False,True,,500,1m,https://www.youtube.com/watch?v=apMOuJgDP48,"Bharti Airtel very strong; if tomorrow it closes above 1622, buying can be seen here; above 465 its target will come, around the full 5."
ghanshyam-tech,ONGC,india,hold-avoid,neutral,med,2022-06-20,2022-06-20,6m,ONGC.NS,True,104.6946,0.1662,0.2,0.0338,-0.1662,True,True,,,,https://www.youtube.com/watch?v=apMOuJgDP48,Leave ONGC Power Grid.
ghanshyam-tech,POWERGRID,india,hold-avoid,neutral,med,2022-06-20,2022-06-20,6m,POWERGRID.NS,True,130.6941,0.0869,0.2,0.1132,-0.0869,True,True,,,,https://www.youtube.com/watch?v=apMOuJgDP48,Leave ONGC Power Grid.
ghanshyam-tech,RELIANCE,india,sell,down,med,2022-06-20,2022-06-20,1m,RELIANCE.NS,True,1151.7928,-0.0157,0.0763,0.092,0.0157,True,True,,,1m,https://www.youtube.com/watch?v=apMOuJgDP48,"Reliance is near all-time high, it's 2324; the candle formed here is a shooting star candle; tomorrow we can sell it."
ghanshyam-tech,INFY,india,buy,up,med,2022-06-20,2022-06-20,1m,INFY.NS,True,1282.9351,0.0715,0.0763,-0.0047,0.0715,False,True,,,1m,https://www.youtube.com/watch?v=apMOuJgDP48,The support in INFY is around 1640; already said above 109 points; stop-loss must follow 108.
ghanshyam-tech,TATASTEEL,india,sell,down,med,2022-06-20,2022-06-20,1m,TATASTEEL.NS,True,79.9065,0.0778,0.0763,-0.0016,-0.0778,False,True,,,1m,https://www.youtube.com/watch?v=apMOuJgDP48,"TATA STEEL also has support around 1350; book profit here; a new model will form a bit later, then we'll see."
ghanshyam-tech,BRITANNIA,india,buy,up,low,2022-06-20,2022-06-20,1m,BRITANNIA.NS,False,3236.5537,0.1331,0.0763,0.0568,0.1331,True,True,,,1m,https://www.youtube.com/watch?v=apMOuJgDP48,"BRITANNIA has made a very good Vitamin E setup sleeping here, stay in it."
ghanshyam-tech,TECHM,india,buy,up,low,2022-06-20,2022-06-20,1m,TECHM.NS,True,852.459,0.0675,0.0763,-0.0087,0.0675,False,True,,1400,1m,https://www.youtube.com/watch?v=apMOuJgDP48,Tech Mahindra: consolidate and enter here; the title of fourteen hundred (1400).
ghanshyam-tech,ULTRACEMCO,india,buy,up,med,2022-06-20,2022-06-20,1m,ULTRACEMCO.NS,True,5214.5596,0.1417,0.0763,0.0654,0.1417,True,True,,,1m,https://www.youtube.com/watch?v=apMOuJgDP48,ULTRATECH: if it crosses above 7950 then here a movement of 150 to 200 points can be seen.
ghanshyam-tech,WIPRO,india,buy,up,low,2022-06-20,2022-06-20,1m,WIPRO.NS,True,193.4565,-0.0061,0.0763,-0.0824,-0.0061,False,True,,,1m,https://www.youtube.com/watch?v=apMOuJgDP48,WIPRO: I had said before also to stay; keep stop at 6030.
ghanshyam-tech,BHARTIARTL,india,buy,up,med,2022-06-20,2022-06-20,6m,BHARTIARTL.NS,True,626.39,0.3171,0.2,0.1171,0.3171,True,True,,,,https://www.youtube.com/watch?v=j3wTVWYL4v0,Bharti Airtel after breakout very good momentum building here.
ghanshyam-tech,BPCL,india,buy,up,low,2022-06-20,2022-06-20,6m,BPCL.NS,False,122.5152,0.1731,0.2,-0.0269,0.1731,False,True,,,,https://www.youtube.com/watch?v=j3wTVWYL4v0,"BPCL positive as long as above 465, can stay here; keep 465 as stop."
ghanshyam-tech,BRITANNIA,india,buy,up,med,2022-06-20,2022-06-20,6m,BRITANNIA.NS,False,3236.5537,0.3398,0.2,0.1397,0.3398,True,True,,4050,,https://www.youtube.com/watch?v=j3wTVWYL4v0,"Britannia: if today's high is clicked properly, target 4050."
ghanshyam-tech,DIVISLAB,india,buy,up,med,2022-06-20,2022-06-20,6m,DIVISLAB.NS,False,3441.7256,-0.0459,0.2,-0.2459,-0.0459,False,True,,,,https://www.youtube.com/watch?v=j3wTVWYL4v0,"Divi's: setup has formed, can develop; above 3950/4950 Divi's Lab has also set up."
ghanshyam-tech,DRREDDY,india,buy,up,med,2022-06-20,2022-06-20,6m,DRREDDY.NS,True,808.363,0.0661,0.2,-0.1339,0.0661,False,True,,,,https://www.youtube.com/watch?v=j3wTVWYL4v0,Dr. Reddy's is a good pick; those who are interested can add Dr. Reddy's here.
ghanshyam-tech,HCLTECH,india,buy,up,med,2022-06-20,2022-06-20,6m,HCLTECH.NS,True,814.9355,0.0992,0.2,-0.1008,0.0992,False,True,,1240,,https://www.youtube.com/watch?v=j3wTVWYL4v0,"HCL Tech: keep an eye here, new record above 1180, target 1240, stop 1150."
ghanshyam-tech,HDFC,india,buy,up,med,2022-06-20,,,,,,,,,,,False,no price data,2900,,https://www.youtube.com/watch?v=j3wTVWYL4v0,"HDFC Ltd: best test will form here, breakout above 2780 will take it to 2900."
ghanshyam-tech,HINDUNILVR,india,buy,up,low,2022-06-20,2022-06-20,6m,HINDUNILVR.NS,True,2064.5408,0.2461,0.2,0.0461,0.2461,True,True,,,,https://www.youtube.com/watch?v=j3wTVWYL4v0,Hindustan Unilever: very good mood/setup formed above 2550.
ghanshyam-tech,SUNPHARMA,india,buy,up,low,2022-06-20,2022-06-20,6m,SUNPHARMA.NS,True,774.5686,0.2308,0.2,0.0308,0.2308,True,True,,,,https://www.youtube.com/watch?v=j3wTVWYL4v0,"Sun Pharma: stay long, remain invested in Sun Pharma in percentage terms too."
ghanshyam-tech,TATAMOTORS,india,buy,up,low,2022-06-20,,,,,,,,,,,False,no price data,,,https://www.youtube.com/watch?v=j3wTVWYL4v0,"Tata Motors: strong support 2270, best momentum only above 320."
ghanshyam-tech,WIPRO,india,buy,up,med,2022-06-20,2022-06-20,6m,WIPRO.NS,True,193.4565,-0.0617,0.2,-0.2618,-0.0617,False,True,,660,,https://www.youtube.com/watch?v=j3wTVWYL4v0,"Wipro: if it closes above 640 breaking this range, take it to 660 as target."
ghanshyam-tech,NIFTY,india,sell,down,med,2023-06-20,,,,,,,,,,,False,no price data,17544,1m,https://www.youtube.com/watch?v=pO08_X6og0k,"Today's candle is definitely a shooting star candle, it is a negative candle. Target for Nifty here is 17544, second target 17511 and third target 17000."
ghanshyam-tech,NIFTY,india,buy,up,med,2023-06-20,,,,,,,,,,,False,no price data,18255,1m,https://www.youtube.com/watch?v=ndFvcUhzvqU,"As long as it's closing above 17800 there is some bull interest here. Resistance on upper side 18133, final resistance 18255. If it closes above 18255, target 18488 and 18622."
ghanshyam-tech,BANKNIFTY,india,sell,down,med,2025-06-20,,,,,,,,,,,False,no price data,,1m,https://www.youtube.com/watch?v=mhPy6WyEr3Q,"Until it doesn't close above this level, the seller's view here won't change. Nothing will happen from a 200-400-600-800 point bounce back; they will sell again at higher levels."
ghanshyam-tech,NIFTY,india,sell,down,med,2025-06-20,,,,,,,,,,,False,no price data,22666,1m,https://www.youtube.com/watch?v=muC6YE33gw4,"Nifty has broken this channel. The follow-up selling will continue here. Important support for us is 22666; if it closes below this, Nifty can remain down for a long time."
ghanshyam-tech,NIFTY,india,sell,down,high,2026-03-20,,,,,,,,,,,False,no price data,,1m,https://www.youtube.com/watch?v=lHRq5N_JwBA,"Nifty's major support has broken. After this level breaks, you may see a very strong fall here. We had been holding this level for a whole year, now that it has broken, the market will shake."
ghanshyam-tech,NIFTY,india,sell,down,med,2025-06-20,,,,,,,,,,,False,no price data,,1m,https://www.youtube.com/watch?v=pn9HblxoT0k,Nifty has not closed above its resistance level of 22970 to 23055. 22666 to 22888 is our support level. Seller pressure has built up; selling will continue until it closes above resistance.
kunal-saraogi,AUROPHARMA,india,buy,up,med,2026-04-20,2026-04-20,6m,AUROPHARMA.NS,False,1367.8,0.057,-0.0335,0.0905,0.057,True,True,,,,https://www.youtube.com/watch?v=BKc2y-rTPaA,Coming out of a long consolidation and pharma caught my eye. Good momentum formed and pharma is significantly outperforming Nifty.
kunal-saraogi,BAYERCROP,india,buy,up,low,2026-04-20,,,,,,,,,,,False,no price data,,,https://www.youtube.com/watch?v=BKc2y-rTPaA,Some traction is forming again from the lower levels. It is trading around the support and also outperforming the market.
kunal-saraogi,GMRAIRPORTS,india,buy,up,med,2025-12-20,,,,,,,,,,,False,no price data,,,https://www.youtube.com/watch?v=Ci3R_2Gt0Vc,A breakout occurred above a major resistance. The stock is trading at a lifetime high. It gave a sharp recovery from the lower levels.
kunal-saraogi,KTKBANK,india,buy,up,med,2025-12-20,2025-12-22,6m,KTKBANK.NS,False,208.35,0.3055,-0.0866,0.392,0.3055,True,True,,,,https://www.youtube.com/watch?v=Ci3R_2Gt0Vc,The stock is breaking out of the downward sloping trend line and is also strong from a support perspective. This week brought a very strong breakout.
kunal-saraogi,SRF,india,buy,up,med,2025-12-20,2025-12-22,6m,SRF.NS,False,3085.9038,-0.1187,-0.0704,-0.0483,-0.1187,False,True,,,2 years,https://www.youtube.com/watch?v=Ckhljd-vC68,In the coming 2 years you may see great gains in chemicals stocks. SRF is also this week's chart.
kunal-saraogi,TCS,india,buy,up,med,2026-01-20,2026-01-20,6m,TCS.NS,True,3102.3,-0.315,-0.0483,-0.2667,-0.315,False,True,,,,https://www.youtube.com/watch?v=Fry36cSEWd8,I am showing TCS's weekly chart — the chart of the week title. Here a base is forming and momentum is emerging. Some strength is returning to IT stocks.
kunal-saraogi,KTKBANK,india,buy,up,low,2026-01-20,2026-01-20,6m,KTKBANK.NS,False,182.12,0.5083,-0.0483,0.5567,0.5083,True,True,,,,https://www.youtube.com/watch?v=Fry36cSEWd8,A bank that has ended a long period of underperformance and begun a new phase. Traction is becoming visible again.
kunal-saraogi,PFC,india,sell,down,med,2025-06-20,2025-06-20,6m,PFC.NS,False,394.2736,-0.156,0.034,0.19,0.156,True,True,,,,https://www.youtube.com/watch?v=GU56-caGrcA,PFC i.e. Power Finance Corporation's monthly chart is showing a fresh breakdown coming. A big breakdown is showing sharp fall and continuous weakness.
kunal-saraogi,BAJFINANCE,india,buy,up,med,2025-06-20,2025-06-20,6m,BAJFINANCE.NS,True,905.0,0.1141,0.034,0.0801,0.1141,True,True,,,,https://www.youtube.com/watch?v=GU56-caGrcA,Bajaj Finance's monthly chart — which we already awarded the weekly chart of the week — is now showing a fresh breakout on the monthly chart.
kunal-saraogi,OILINDIA,NSE,buy,up,medium,2026-03-20,,,,,,,,,,,False,no price data,700,medium,https://www.youtube.com/watch?v=KASGCfIVw8s,"Momentum is building in Oil India, and it is crossing a barrier at ₹460 to enter new territory. The major resistance on the chart is around the 700 level."
kunal-saraogi,GOLD,india,buy,up,med,2025-09-20,,,,,,,,,,,False,no price data,150000,1y,https://www.youtube.com/watch?v=Mr5IZz2mel8,A recent report has come out that gold prices will reach ₹1.5 lakh in the coming time. This means you could see a big substantial jump from here as well.
kunal-saraogi,KSOLVES,india,buy,up,med,2025-09-20,2025-09-22,6m,KSOLVES.NS,False,311.3982,-0.1154,-0.0828,-0.0326,-0.1154,False,True,,,,https://www.youtube.com/watch?v=Mr5IZz2mel8,A recent report says gold's price will reach Rs 1.5 lakh in the coming time. That means from here too you can see a big substantial jump.
kunal-saraogi,CRISIL,india,buy,up,low,2025-09-20,2025-09-22,6m,CRISIL.NS,False,4889.0649,-0.1895,-0.0828,-0.1066,-0.1895,False,True,,,,https://www.youtube.com/watch?v=Mr5IZz2mel8,KS Technology is this week's chart of the week. Now the stock is again showing a breakout and momentum.
kunal-saraogi,JUBLINGREA,india,buy,up,med,2025-06-20,2025-06-20,6m,JUBLINGREA.NS,False,695.8793,0.0163,0.034,-0.0177,0.0163,False,True,,,,https://www.youtube.com/watch?v=O9oAbbVm9sc,This is CRISIL whose chart I am giving the chart of the week runner-up title this week. A major breakout has happened. A breakout coming on the chart was seen.
kunal-saraogi,CHALET,india,buy,up,med,2025-06-20,2025-06-20,6m,CHALET.NS,False,896.5568,-0.0284,0.034,-0.0624,-0.0284,False,True,,,,https://www.youtube.com/watch?v=O9oAbbVm9sc,I am choosing the chart of Jubilant Ingrevia as this week's chart of the week runner-up. A close at lifetime high levels came. A big interesting breakout is visible on the chart. A cup with handle shape has formed on the chart.
kunal-saraogi,VOLTAS,india,buy,up,med,2026-02-20,2026-02-20,6m,VOLTAS.NS,False,1546.9,-0.1316,-0.0609,-0.0706,-0.1316,False,True,,,,https://www.youtube.com/watch?v=OPIscE7gsWM,I am awarding Chalet Hotels' weekly chart the chart of the week title. Long consolidation around 900 and then a breakout has come.
kunal-saraogi,FORTISHEALTH,india,buy,up,med,2026-02-20,,,,,,,,,,,False,no price data,,,https://www.youtube.com/watch?v=OPIscE7gsWM,Look at Voltas's chart. Here a big breakout has happened in a weak market. It is significantly outperforming Nifty and showing the strength to break out.
kunal-saraogi,MSTC,india,buy,up,low,2025-07-20,,,,,,,,,,,False,no price data,,,https://www.youtube.com/watch?v=POcHdrb9lX4,Fortis is this week's chart of the week. We also saw a very large outperformance in Fortis. A big correction came and after the correction a recovery momentum is developing.
kunal-saraogi,GLENMARK,india,buy,up,med,2025-07-20,2025-07-21,6m,GLENMARK.NS,False,2179.4541,-0.082,0.0241,-0.1061,-0.082,False,True,,,,https://www.youtube.com/watch?v=POcHdrb9lX4,A mid-cap IT stock I am giving this week's chart of the week runner-up title. I am talking about MSTC. A big fall came. After the fall a base formed at lower levels and then a breakout at 2400 came.
kunal-saraogi,SRF,india,buy,up,low,2025-06-20,2025-06-20,6m,SRF.NS,False,3020.5591,0.0212,0.034,-0.0128,0.0212,False,True,,,,https://www.youtube.com/watch?v=Pvkh8Aha9SE,Glenmark Pharma has had a big breakout. Last week it closed above the major resistance. It is a very strong chart. The main reason for giving it the chart of the week title is this big breakout coming in it.
kunal-saraogi,WIPRO,india,buy,up,low,2025-06-20,2025-06-20,6m,WIPRO.NS,True,254.8196,0.0117,0.034,-0.0223,0.0117,False,True,,,,https://www.youtube.com/watch?v=Pvkh8Aha9SE,Do study SRF's chart carefully. It may lead in the upcoming rally. SRF has started performing better compared to the broader market.
kunal-saraogi,BHEL,india,buy,up,med,2026-01-20,2026-01-20,6m,BHEL.NS,False,250.15,0.6564,-0.0483,0.7047,0.6564,True,True,,,,https://www.youtube.com/watch?v=SLcU0OZLW4w,If you look at Wipro's chart you will see a big interesting rounding bottom pattern. This chart is also significantly outperforming Nifty.
kunal-saraogi,CHOLAFIN,india,buy,up,med,2026-01-20,2026-01-20,6m,CHOLAFIN.NS,False,1648.667,0.0271,-0.0483,0.0755,0.0271,True,True,,,,https://www.youtube.com/watch?v=SLcU0OZLW4w,"If you look at BHEL's chart carefully you will find not one, not two but many indicators giving buy signals simultaneously. That means many signals are aligning together."
kunal-saraogi,DIVISLAB,india,buy,up,med,2026-01-20,2026-01-20,6m,DIVISLAB.NS,False,6013.0,0.1214,-0.0483,0.1697,0.1214,True,True,,,,https://www.youtube.com/watch?v=UCy5p-RjkHE,I am going to give this week's chart of the week title to Cholamandalam Investment's chart. This week momentum has built and lifetime highs are being seen.
kunal-saraogi,ASHOKLEY,india,buy,up,med,2026-01-20,2026-01-20,6m,ASHOKLEY.NS,False,180.79,-0.1335,-0.0483,-0.0851,-0.1335,False,True,,,,https://www.youtube.com/watch?v=UCy5p-RjkHE,Look at DV Lab's chart. You will see outperformance compared to the market. The stock that holds its ground in a weak market is the one you should definitely study.
kunal-saraogi,HCGONCO,india,buy,up,med,2026-05-20,,,,,,,,,,,False,no price data,,,https://www.youtube.com/watch?v=VGGuUoqqhcY,Look at Ash Motors' weekly chart and it is receiving this week's chart of the week title. It is continuously making new highs. Ash Motors is receiving the chart of the week title for this very carefree rally.
kunal-saraogi,BIOCON,india,buy,up,high,2026-05-20,2026-05-20,6m,BIOCON.NS,False,432.7,-0.0398,0.015,-0.0547,-0.0398,False,True,,,,https://www.youtube.com/watch?v=VGGuUoqqhcY,Biocon saw a big breakout. Outstanding momentum has built up. Biocon is being awarded this week's chart of the week title.
kunal-saraogi,BSE,india,buy,up,med,2025-06-20,2025-06-20,6m,BSE.NS,False,2688.1001,-0.0012,0.034,-0.0352,-0.0012,False,True,,,,https://www.youtube.com/watch?v=WUguuHaWgPE,"BSE, CDSL, and CAMS have been continuously rallying. These stocks are consistently showing their strength."
kunal-saraogi,CDSL,india,buy,up,med,2025-06-20,2025-06-20,6m,CDSL.NS,False,1672.1663,-0.1032,0.034,-0.1372,-0.1032,False,True,,,,https://www.youtube.com/watch?v=WUguuHaWgPE,"BSE, CDSL, and CAMS have been continuously rallying. They are consistently showing strength."
kunal-saraogi,CAMS,india,buy,up,med,2025-06-20,2025-06-20,6m,CAMS.NS,False,820.0825,-0.0802,0.034,-0.1142,-0.0802,False,True,,,,https://www.youtube.com/watch?v=WUguuHaWgPE,"BSE, CDSL, and CAMS have been continuously rallying. They are consistently showing strength."
kunal-saraogi,TATAMOTORS,india,buy,up,med,2025-06-20,,,,,,,,,,,False,no price data,,,https://www.youtube.com/watch?v=WUguuHaWgPE,Tata Motors' chart is strong and has been consistently looking good. Keep a focus on auto stocks — it is an interesting space.
kunal-saraogi,TATAMOTORS,india,buy,up,med,2025-06-20,,,,,,,,,,,False,no price data,,1m,https://www.youtube.com/watch?v=Wp__lHSshfU,Tata Motors was looking strong. Keep a focus on auto stocks. This space looks interesting for tomorrow.
kunal-saraogi,HFCL,india,buy,up,high,2026-04-20,2026-04-20,6m,HFCL.NS,False,93.3,1.2466,-0.0144,1.2611,1.2466,True,True,,,,https://www.youtube.com/watch?v=X0bhCloi9H4,Nykaa's weekly chart... double bottom pattern... last week a breakout came.
kunal-saraogi,BHARTIARTL,india,buy,up,med,2025-06-20,2025-06-20,6m,BHARTIARTL.NS,True,1920.6436,0.0922,0.034,0.0582,0.0922,True,True,,,,https://www.youtube.com/watch?v=Xu48mnBtxHY,Aavas Finance where a breakout coming after years is visible on the chart.
kunal-saraogi,BAJFINANCE,india,buy,up,high,2025-06-20,2025-06-20,6m,BAJFINANCE.NS,True,905.0,0.1141,0.034,0.0801,0.1141,True,True,,8400,,https://www.youtube.com/watch?v=Xu48mnBtxHY,A big breakout above 7200 was seen on the chart last week.
kunal-saraogi,NAVINFLUORINE,india,buy,up,med,2025-06-20,,,,,,,,,,,False,no price data,,,https://www.youtube.com/watch?v=Y96UV4p2f5I,Sequent Scientific is this week's chart of the week... a big breakout was recorded this week.
kunal-saraogi,MOIL,india,buy,up,med,2025-10-20,2025-10-20,6m,MOIL.NS,False,365.3452,-0.1208,-0.0572,-0.0636,-0.1208,False,True,,500,,https://www.youtube.com/watch?v=Ytr8uHMehM0,There was a resistance at 775 on this chart which has been crossed. A big breakout happened... this stock has always outperformed the market.
kunal-saraogi,KIOCL,india,buy,up,med,2025-10-20,2025-10-20,6m,KIOCL.NS,False,436.55,-0.0903,-0.0572,-0.0331,-0.0903,False,True,,,,https://www.youtube.com/watch?v=Ytr8uHMehM0,On this big chart of Godrej Industries... inverse head and shoulders pattern... a big breakout came last week.
kunal-saraogi,THYROCARE,india,buy,up,high,2025-07-20,2025-07-21,6m,THYROCARE.NS,False,389.2321,0.1997,0.0241,0.1756,0.1997,True,True,,,,https://www.youtube.com/watch?v=aLcN0skTrT4,Sugar stocks have given a tremendous comeback... Renuka's chart here... do study these charts this week.
kunal-saraogi,CARTRADE,india,buy,up,med,2025-07-20,2025-07-21,6m,CARTRADE.NS,False,1921.8,0.4119,0.0241,0.3878,0.4119,True,True,,,,https://www.youtube.com/watch?v=aLcN0skTrT4,Sugar stocks have given a tremendous comeback... Dhampur Sugar's chart here... do study these charts this week.
kunal-saraogi,UJJIVANSFB,india,buy,up,high,2025-06-20,2025-06-20,6m,UJJIVANSFB.NS,False,48.17,0.1223,0.034,0.0883,0.1223,True,True,,40.0,,https://www.youtube.com/watch?v=aSz2ks_RAKg,Sugar stocks have given a tremendous comeback... Balrampur Chini's chart here... do study these charts this week.
kunal-saraogi,SOUTHINDBANK,india,buy,up,high,2025-06-20,,,,,,,,,,,False,no price data,,,https://www.youtube.com/watch?v=aTTQ1bVAG-0,South Indian Bank is receiving the chart of the week title this week. All indicators are giving buying signals and a big breakout has occurred.
kunal-saraogi,GRSE,india,buy,up,high,2025-06-20,2025-06-20,6m,GRSE.NS,False,3264.6704,-0.2983,0.034,-0.3323,-0.2983,False,True,,,,https://www.youtube.com/watch?v=aUOnevXBObE,Garden Reach Shipbuilders is being awarded the chart of the week title this week. A big breakout has occurred after consolidation.
kunal-saraogi,GODREJPROP,india,buy,up,med,2025-06-20,2025-06-20,6m,GODREJPROP.NS,False,2432.0,-0.1592,0.034,-0.1932,-0.1592,False,True,,,,https://www.youtube.com/watch?v=aUOnevXBObE,"Godrej Properties has formed a double bottom pattern, which is a signal of a bullish reversal."
kunal-saraogi,MAPMYINDIA,india,buy,up,med,2025-06-20,2025-06-20,6m,MAPMYINDIA.NS,False,1731.8182,-0.0373,0.034,-0.0713,-0.0373,False,True,,,,https://www.youtube.com/watch?v=aUOnevXBObE,"Ultratech Cement broke the 12,000 level... big breakout... do definitely also look at Ultratech Cement's chart."
kunal-saraogi,FORTIS,india,buy,up,med,2025-06-20,2025-06-20,6m,FORTIS.NS,False,754.3578,0.181,0.034,0.147,0.181,True,True,,,,https://www.youtube.com/watch?v=bZw37bRiQVQ,Anupam Rasayan which was also underperforming chemical stocks. Now it is in an outperformance mode.
kunal-saraogi,NH,india,buy,up,med,2025-06-20,2025-06-20,6m,NH.NS,False,1898.9277,-0.0002,0.034,-0.0342,-0.0002,False,True,,,,https://www.youtube.com/watch?v=bZw37bRiQVQ,Nykaa's weekly chart... double bottom pattern... last week a breakout came.
kunal-saraogi,ITC,india,buy,up,med,2025-06-20,2025-06-20,6m,ITC.NS,True,399.0858,-0.0418,0.034,-0.0758,-0.0418,False,True,,,,https://www.youtube.com/watch?v=bted0FOy5KM,Aavas Finance where a breakout coming after years is visible on the chart.
kunal-saraogi,SOLARINDS,india,buy,up,high,2026-05-30,2026-06-01,6m,SOLARINDS.NS,False,18203.0,-0.0083,0.027,-0.0353,-0.0083,False,True,,17500.0,,https://www.youtube.com/watch?v=cA_nIbSj5tM,A big breakout above 7200 on the chart was seen last week.
kunal-saraogi,EMSSLTD,india,buy,up,med,2026-05-30,,,,,,,,,,,False,no price data,1150.0,,https://www.youtube.com/watch?v=cA_nIbSj5tM,Sequent Scientific is this week's chart of the week... a big breakout was recorded this week.
kunal-saraogi,INTELLECT,india,buy,up,high,2025-06-20,2025-06-20,6m,INTELLECT.NS,False,1071.5009,-0.0167,0.034,-0.0507,-0.0167,False,True,,1125.0,,https://www.youtube.com/watch?v=cDMfxZeP0Hk,There was a resistance at 775 on this chart which has been crossed. A big breakout happened... this stock has always outperformed the market.
kunal-saraogi,ESCORTSKUB,india,buy,up,high,2025-12-20,,,,,,,,,,,False,no price data,,,https://www.youtube.com/watch?v=_y6dji7O8SU,On this big chart of Godrej Industries... inverse head and shoulders pattern... a big breakout came last week.
kunal-saraogi,GHCL,india,buy,up,high,2025-06-20,2025-06-20,6m,GHCL.NS,False,546.3567,0.0185,0.034,-0.0155,0.0185,False,True,,700.0,,https://www.youtube.com/watch?v=a4eiNq9h91U,GHCL is being awarded the chart of the week title this week. A breakout has occurred above ₹700 and it is outperforming Nifty.
kunal-saraogi,GLS,india,buy,up,med,2025-06-20,,,,,,,,,,,False,no price data,,,https://www.youtube.com/watch?v=a4eiNq9h91U,Glenmark Life Sciences is the runner-up. A breakout has occurred within a symmetrical triangle pattern.
kunal-saraogi,ABB,india,buy,up,high,2026-04-20,2026-04-20,6m,ABB.NS,False,7128.8438,0.0167,-0.0144,0.0312,0.0167,True,True,,6100.0,,https://www.youtube.com/watch?v=dw4ZJ2gadKg,"ABB is being awarded the chart of the week title this week. A big breakout has occurred above ₹6,100 with high volume."
kunal-saraogi,ULTRACEMCO,india,buy,up,med,2025-06-20,2025-06-20,6m,ULTRACEMCO.NS,True,11385.8281,0.0097,0.034,-0.0243,0.0097,False,True,,,,https://www.youtube.com/watch?v=ep0nlNW9uK8,"UltraTech Cement broke the 12,000 level... a major breakout... do look at UltraTech Cement's chart."
kunal-saraogi,ANUPAMRASAYAN,india,buy,up,med,2025-06-20,,,,,,,,,,,False,no price data,,,https://www.youtube.com/watch?v=ep0nlNW9uK8,"Anupam Rasayan, which was even underperforming chemical stocks, is now in outperformance mode."
kunal-saraogi,NYKAA,india,buy,up,med,2025-06-20,2025-06-20,6m,NYKAA.NS,False,197.07,0.2638,0.034,0.2298,0.2638,True,True,,,,https://www.youtube.com/watch?v=f3EXom5a9Rs,Nykaa's weekly chart... double bottom pattern... breakout came last week.
kunal-saraogi,AAVAS,india,buy,up,med,2025-06-20,2025-06-20,6m,AAVAS.NS,False,1816.5,-0.1972,0.034,-0.2313,-0.1972,False,True,,,,https://www.youtube.com/watch?v=f3EXom5a9Rs,"Triveni Engineering which I am giving the runner-up title to... a series of higher bottoms is clearly visible on the chart, last week a big breakout came... this stock is outperforming the market."
kunal-saraogi,TATAINVEST,india,buy,up,med,2025-10-20,2025-10-20,6m,TATAINVEST.NS,False,800.8696,-0.1141,-0.0572,-0.0569,-0.1141,False,True,,7200,,https://www.youtube.com/watch?v=fEfZZ5p98mg,I am giving Eicher Motors the chart of the week runner-up title this week. After a long gap a fresh breakout has come.
kunal-saraogi,SEQUENT,india,buy,up,high,2025-10-20,,,,,,,,,,,False,no price data,,,https://www.youtube.com/watch?v=fEfZZ5p98mg,I am awarding EPL Limited the chart of the week title this week. An inverse head and shoulders pattern is forming on the chart and this is a big disruptive breakout.
kunal-saraogi,NIPPONLIFE,india,buy,up,high,2025-06-20,,,,,,,,,,,False,no price data,775,,https://www.youtube.com/watch?v=jJXV3Ee8wTQ,"I am giving Paytm the chart of the week runner-up title this week. A big breakout has happened, new highs have come, relative strength is strong and it is outperforming the market."
kunal-saraogi,GODREJIND,india,buy,up,med,2025-06-20,2025-06-20,6m,GODREJIND.NS,False,1348.5,-0.2639,0.034,-0.2979,-0.2639,False,True,,,,https://www.youtube.com/watch?v=jJXV3Ee8wTQ,"I am awarding Union Bank of India the chart of the week title this week. A big breakout has happened, a lifetime high close has come, it is continuously outperforming the market. There is strength in the PSU banking sector."
kunal-saraogi,RENUKA,india,buy,up,med,2026-04-20,2026-04-20,6m,RENUKA.NS,False,27.91,-0.1727,-0.0144,-0.1583,-0.1727,False,True,,,,https://www.youtube.com/watch?v=hHFB1-1YbwQ,City Union Bank's chart is very interesting. After long consolidation for the first time it is breaking out of the range. There is strong momentum in the banking sector and this chart is worth studying.
kunal-saraogi,DHAMPUR,india,buy,up,med,2026-04-20,,,,,,,,,,,False,no price data,,,https://www.youtube.com/watch?v=hHFB1-1YbwQ,I am awarding Jubilant Ingrevia the chart of the week runner-up title this week. A U-shape formation is visible and the years-old resistance at 800 has broken. This is a turnaround chart.
kunal-saraogi,BALRAMCHIN,india,buy,up,med,2026-04-20,2026-04-20,6m,BALRAMCHIN.NS,False,515.7,0.0308,-0.0144,0.0453,0.0308,True,True,,,,https://www.youtube.com/watch?v=hHFB1-1YbwQ,"I am awarding South Indian Bank the chart of the week title this week. The inverse head and shoulders pattern is complete, the neckline on the weekly has broken and a bullish flag pattern is visible on the monthly chart."
kunal-saraogi,INTC,us,buy,up,med,2026-05-20,2026-05-20,6m,INTC,True,118.96,0.1263,0.0074,0.1189,0.1263,True,True,,,,https://www.youtube.com/watch?v=kmq1ZD1Mzuc,In Redington last week a breakout happened and outperformance is visible. The highest ever weekly close came. You should pay special attention to stocks that outperform in weak times.
kunal-saraogi,EIDPARRY,india,buy,up,med,2025-06-20,2025-06-20,6m,EIDPARRY.NS,False,955.15,0.0472,0.034,0.0132,0.0472,True,True,,1000,,https://www.youtube.com/watch?v=oKBV7DrWT-g,Tata Motors is getting the chart of the week title this week. A breakout has happened above 700. Divergence was seen on RSI. It has shown strength even in a weak market.
kunal-saraogi,MRF,india,buy,up,med,2025-06-20,2025-06-20,6m,MRF.NS,False,134220.1875,0.1442,0.034,0.1102,0.1442,True,True,,,,https://www.youtube.com/watch?v=oKBV7DrWT-g,"I am giving GMDC the chart of the week runner-up title this week. A big breakout has happened, there is strong momentum and it is outperforming the market."
kunal-saraogi,NIFTY,india,buy,up,med,2025-06-20,,,,,,,,,,,False,no price data,28000,1y,https://www.youtube.com/watch?v=ofYPkccK9GA,I am awarding Sumitomo Chemicals the chart of the week title this week. After a long gap a big breakout has come. The chemical sector is outperforming.
kunal-saraogi,BSE,india,buy,up,high,2025-06-20,2025-06-20,6m,BSE.NS,False,2688.1001,-0.0012,0.034,-0.0352,-0.0012,False,True,,,,https://www.youtube.com/watch?v=p2de26YsHeE,"I am giving Shipping Corporation of India the chart of the week runner-up title this week. A big breakout has happened, a major resistance has been crossed. Freight rates are rising and shipping companies are benefiting."
kunal-saraogi,SAREGAMA,india,buy,up,med,2026-06-08,2026-06-08,6m,SAREGAMA.NS,False,456.9,0.0197,0.0385,-0.0188,0.0197,False,True,,,,https://www.youtube.com/watch?v=nkML5KiqPGc,"I am awarding Jubilant Pharmova the chart of the week title this week. A V-shape recovery has happened, the first resistance is at 1230. The pharma sector is outperforming Nifty and there is strong momentum."
kunal-saraogi,GLAND,india,buy,up,med,2026-06-08,2026-06-08,6m,GLAND.NS,False,2247.8,-0.0217,0.0385,-0.0602,-0.0217,False,True,,,,https://www.youtube.com/watch?v=nkML5KiqPGc,Gland Pharma's chart showed a big breakout — a breakout from a long consolidation range is appearing. The 2000 level on the chart has been crossed.
kunal-saraogi,SHANTGEAR,india,buy,up,low,2025-06-20,,,,,,,,,,,False,no price data,,,https://www.youtube.com/watch?v=pjhAUp7VOAo,"I am giving this title to Shanti Gears' weekly chart. After the correction, a base has formed at lower levels and momentum is now visibly building up."
kunal-saraogi,NIFTYIT,india,buy,up,med,2025-06-20,,,,,,,,,,,False,no price data,,,https://www.youtube.com/watch?v=pjhAUp7VOAo,A very interesting pattern has formed on the Nifty IT Index weekly chart. The IT index is once again outperforming Nifty. An inverse head and shoulders pattern will be clearly visible on the daily chart.
kunal-saraogi,HLEGLASSCOA,india,buy,up,med,2025-09-20,,,,,,,,,,,False,no price data,,,https://www.youtube.com/watch?v=qZviO2quYhs,HLE Glascoat: An extended V-reversal pattern has formed and a breakout is now appearing. It is a very interesting and rare pattern. It definitely deserves attention.
kunal-saraogi,UJJIVANSFB,india,buy,up,med,2025-11-20,2025-11-20,6m,UJJIVANSFB.NS,False,54.03,-0.0209,-0.0969,0.076,-0.0209,True,True,,,,https://www.youtube.com/watch?v=ozjYSskSdBo,"SAL Finance Bank's chart shows big, powerful momentum. A diamond pattern and a bullish saucer pattern have formed. A big breakout is appearing. An interesting chart pattern with strong momentum."
kunal-saraogi,NIFTYPSUBANK,india,buy,up,med,2025-11-20,,,,,,,,,,,False,no price data,,,https://www.youtube.com/watch?v=ozjYSskSdBo,"In the Nifty PSU Bank Index, the 7500 resistance has been crossed. A big breakout has occurred. PSU banks are outperforming the market by a large margin."
meet-kevin,MSFT,us,buy,up,high,2026-04-16,2026-04-16,6m,MSFT,True,419.3517,-0.0953,0.0642,-0.1595,-0.0953,False,True,,420,,https://www.youtube.com/watch?v=-ZhsNF9gID0,"Yesterday, obviously, we had a great call on Microsoft... Microsoft up yet again today, almost at my 420 crossing line where 419. Insane rally on Microsoft. Really good."
meet-kevin,ADBE,us,buy,up,med,2026-04-16,2026-04-16,6m,ADBE,True,248.16,-0.2136,0.0642,-0.2778,-0.2136,False,True,,,,https://www.youtube.com/watch?v=-ZhsNF9gID0,"This is actually not like a horrible call to look for a bottom in Adobe... Adobe's got a fan-freaking-tastic valuation right now... their valuation right now sits at a point 97 peg, so under a one peg."
meet-kevin,CRM,us,buy,up,med,2026-04-16,2026-04-16,6m,CRM,True,181.22,-0.1625,0.0642,-0.2267,-0.1625,False,True,,,,https://www.youtube.com/watch?v=-ZhsNF9gID0,"Salesforce, they are also quite cheap. They're trading for a 1.08 PEG... So honestly this is another cheap stock. Like, these are cash generating machines."
meet-kevin,AMD,us,buy,up,med,2026-05-03,2026-05-04,6m,AMD,True,341.54,0.5734,0.04,0.5334,0.5734,True,True,,,,https://www.youtube.com/watch?v=0-1i1awbGgw,"CPU compute, which is one of the reasons we called out CPU compute early in Q1. Which is exactly what we're seeing boom now, AMD, ARM."
meet-kevin,ARM,us,buy,up,med,2026-05-03,2026-05-04,6m,ARM,False,203.26,1.1621,0.04,1.122,1.1621,True,True,,,,https://www.youtube.com/watch?v=0-1i1awbGgw,"CPU compute, which is one of the reasons we called out CPU compute early in Q1. Which is exactly what we're seeing boom now, AMD, ARM."
meet-kevin,MRVL,us,buy,up,high,2026-05-13,2026-05-13,6m,MRVL,False,177.95,0.7453,0.006,0.7394,0.7453,True,True,,,,https://www.youtube.com/watch?v=1rbPmRvm67k,Marvell Technologies. Just want to shout them out. They're up 8% again today... I feel like it's a great infrastructure plus call option play at a pretty fair valuation.
meet-kevin,NVDA,us,buy,up,med,2026-05-13,2026-05-13,6m,NVDA,True,225.5671,-0.066,0.006,-0.0719,-0.066,False,True,,320,,https://www.youtube.com/watch?v=1rbPmRvm67k,"I think if Nvidia can break... have a really big win here in China, they're going to be able to break through this 227 line. And Nvidia could end up pushing to $320."
meet-kevin,TSLA,us,buy,up,high,2026-06-16,2026-06-16,1m,TSLA,True,404.66,-0.0103,-0.0022,-0.0081,-0.0103,False,True,,,1m,https://www.youtube.com/watch?v=2CvJoupkAFE,"First 15 to 30 days, I expect the meme show for SpaceX, which is exactly the perfect time to go buy Tesla, especially since Tesla's down."
meet-kevin,NVDA,us,buy,up,med,2026-05-18,2026-05-18,6m,NVDA,True,222.0612,-0.0512,0.011,-0.0622,-0.0512,False,True,,300,,https://www.youtube.com/watch?v=2OG74U1mhQY,"If we could get a really nice push from Nvidia because of SpaceX, I think it could justify breaking through 300. Nvidia's valuation is actually pretty cheap."
meet-kevin,CBRS,us,sell,down,high,2026-05-18,2026-05-18,6m,CBRS,False,296.65,-0.2088,0.011,0.2198,0.2088,True,True,,,,https://www.youtube.com/watch?v=2OG74U1mhQY,Cerebrus... I think it's a giant pump and dump. I don't agree with this stock. I think its fundamentals are broken. It's going to go to negative EPS. There are real risks here.
meet-kevin,RHM,us,buy,up,med,2026-05-18,,,,,,,,,,,False,no price data,,,https://www.youtube.com/watch?v=2OG74U1mhQY,"Rheinmetall, the defense contractor in Germany, and their decline has been somewhat shocking. A lot of opportunities there."
meet-kevin,INTU,us,buy,up,high,2026-03-09,2026-03-09,6m,INTU,True,472.2107,-0.4346,0.104,-0.5385,-0.4346,False,True,,,,https://www.youtube.com/watch?v=3Qzyy_l9nls,"I actually think any discount even off of this level at 468 is just a bargain. I think this is a great opportunity. It got caught up in the software sell-off, and I think that's massively overblown for a company that's winning big here."
meet-kevin,SNDK,us,sell,down,med,2026-03-09,2026-03-09,6m,SNDK,True,588.73,2.711,0.104,-2.607,-2.711,False,True,,,,https://www.youtube.com/watch?v=3Qzyy_l9nls,"I started calling for trailing stops on SanDisk and it looks like SanDisk is now going to open up under 500. So, this one's really started to sell-off and that is likely to continue as it is. A commoditized product that is going through a bit of a supercycle right now."
meet-kevin,TSLA,us,sell,down,med,2026-04-27,2026-04-27,6m,TSLA,True,378.67,0.0576,0.0441,-0.0135,-0.0576,False,True,,117,,https://www.youtube.com/watch?v=4bSbwzRV0gA,"If this actually went to fair value, it trades for about $117. $117 on Tesla is this is going to be your put option... that represents a downside of about 69%."
meet-kevin,VCNX,us,sell,down,med,2026-04-27,2026-04-27,6m,VCNX,False,0.9,0.2333,0.0441,-0.1892,-0.2333,False,True,,35,,https://www.youtube.com/watch?v=4bSbwzRV0gA,"I expect it will continue to bleed out probably all the way down to maybe 30, 40 bucks a share, something like that. The Anthropic valuation boosts have helped, but the point is this is an example of a ticker right here that IPO'd on a boom."
meet-kevin,NVDA,us,buy,up,med,2026-05-20,2026-05-20,1y,NVDA,True,223.2099,-0.0561,0.0074,-0.0635,-0.0561,False,True,,320,1y,https://www.youtube.com/watch?v=5VJKrxaxw3M,"This company has upside of about 93%, which I know sounds crazy to think of, but that I mean, that could rocket them well past my $320 price target for the stock."
meet-kevin,AMD,us,buy,up,low,2026-05-20,2026-05-20,1m,AMD,True,447.58,0.2006,0.0074,0.1932,0.2006,True,True,,,1m,https://www.youtube.com/watch?v=5VJKrxaxw3M,"This morning in the Alpha report before the market opened up, we actually indicated some targets for AMD and suggested that AMD could lead a software rally today."
meet-kevin,TSLA,us,sell,down,med,,,,,,,,,,,,False,no call_date,318,1m,https://www.youtube.com/watch?v=63LqVOY9CZw,"Tesla lost the 347 line, which we actually bounced at yesterday twice, but we broke right through it. Unfortunately, I think that means 318 is next for Tesla."
meet-kevin,SPCX,us,sell,down,high,2026-06-11,2026-06-12,1y,SPCX,False,160.95,0.1494,0.0093,-0.1401,-0.1494,False,True,,,1y,https://www.youtube.com/watch?v=75H6WwPLLDU,"30 to 50% off. So, if you're like a long-term holder... you'll probably have opportunities to buy it cheaper. As soon as our lockups are available, oh, I'm going to sell. And I'm sorry. I just want to be transparent about that."
meet-kevin,GLD,us,hold-avoid,down,med,2026-05-08,2026-05-08,6m,GLD,False,433.77,-0.1075,0.0124,0.1199,0.1075,True,True,,,6m,https://www.youtube.com/watch?v=g1JF4s-ucL0,I kind of think gold topped with Warsh for a reason...I think the gold momentum play has been played out and it's dead.
meet-kevin,CCJ,us,hold-avoid,down,med,2026-05-08,2026-05-08,6m,CCJ,False,116.75,-0.0879,0.0124,0.1002,0.0879,True,True,,,6m,https://www.youtube.com/watch?v=g1JF4s-ucL0,"For a lower margin manufacturer, basically miner, they should probably be worth about half as much as they already are. So, personally, I think a lot of the uranium hype is already priced in."
meet-kevin,QQQ,us,buy,up,med,2026-04-09,2026-04-09,1m,QQQ,False,610.19,0.1656,0.0849,0.0807,0.1656,True,True,,617,1m,https://www.youtube.com/watch?v=hnMgBIepPSg,I'm optimistic that we break through 607 by the next 2 weeks from now. We'll probably get up to 617. And I do think the bottom is in. I think we're up from here for the broader indices.
meet-kevin,IGV,us,hold-avoid,down,med,2026-04-09,2026-04-09,3m,IGV,False,76.6256,0.1627,0.0983,-0.0644,-0.1627,False,True,,,3m,https://www.youtube.com/watch?v=hnMgBIepPSg,"However, software stocks are likely going to continue to receive a beating, especially on this hopium regarding Anthropic."
meet-kevin,USO,us,buy,up,med,2026-03-18,2026-03-18,1m,USO,False,121.67,-0.0463,0.0766,-0.1228,-0.0463,False,True,,120,1m,https://www.youtube.com/watch?v=i70xImgQDkw,"We believe that if the war is not over by the end of the month, oil will probably move to about $120 per barrel."
meet-kevin,APP,us,buy,up,med,2026-04-08,2026-04-08,1y,APP,True,391.2,0.2007,0.1046,0.0961,0.2007,True,True,,,1y,https://www.youtube.com/watch?v=jEQtixAGw6I,"AppLovin has a relatively low valuation...PEG ratio of about 1.3 as of today. For software, it's really cheap. It's probably got like 70% upside in it."
meet-kevin,AMZN,us,buy,up,low,2026-04-08,2026-04-08,1y,AMZN,True,221.25,0.1046,0.1046,-0.0,0.1046,False,True,,,1y,https://www.youtube.com/watch?v=jEQtixAGw6I,Amazon. Sitting at about 1.56 PEG right now. Does imply some pretty good upside.
meet-kevin,AAPL,us,hold-avoid,neutral,low,2026-04-08,2026-04-08,1y,AAPL,True,258.6617,0.1521,0.1046,-0.0475,-0.1521,False,True,,,1y,https://www.youtube.com/watch?v=jEQtixAGw6I,"Apple's probably one of the more expensive mag sevens right now, obviously outside of Tesla. Apple sits at a 3.2 PEG right now, which is, you know, pricey."
meet-kevin,META,us,buy,up,med,2026-04-08,2026-04-08,1y,META,True,612.42,-0.0575,0.1046,-0.1621,-0.0575,False,True,,,1y,https://www.youtube.com/watch?v=jEQtixAGw6I,"Meta, here's an interesting one. Meta's got a very, very cheap financial PEG ratio right now. Wall Street growth rate currently sits about 16.8% over the next 4 years."
meet-kevin,MSFT,us,buy,up,med,2026-04-08,2026-04-08,1y,MSFT,True,373.521,0.0157,0.1046,-0.0889,0.0157,False,True,,,1y,https://www.youtube.com/watch?v=jEQtixAGw6I,Microsoft sitting at a 1.37 [PEG] suggest it has almost a double inside of it based on our analysis.
meet-kevin,INTU,us,buy,up,high,2026-04-08,2026-04-08,1y,INTU,True,388.31,-0.3124,0.1046,-0.417,-0.3124,False,True,,,1y,https://www.youtube.com/watch?v=jEQtixAGw6I,"Intuit, 1.12 PEG, more than a double in it...This is a flashing buy for long term. 44% operating income growth, 17.3% revenue growth, margins are actually improving."
meet-kevin,AXON,us,buy,up,med,2026-04-08,2026-04-08,1y,AXON,True,391.53,0.0814,0.1046,-0.0232,0.0814,False,True,,,1y,https://www.youtube.com/watch?v=jEQtixAGw6I,"Valuation has gotten very cheap at 1.12, very good for this sort of company...Negative momentum, which is a buy signal, decent balance sheet, strong pricing power."
meet-kevin,PLTR,us,hold-avoid,neutral,low,2026-04-08,2026-04-08,1y,PLTR,True,140.76,-0.0873,0.1046,0.1919,0.0873,True,True,,,1y,https://www.youtube.com/watch?v=jEQtixAGw6I,Palantir has honestly really done well in terms of growing into its valuation...they're honestly at about a fair valuation right now...there's just no juicy technical discount here.
meet-kevin,INTC,us,hold-avoid,down,low,2026-05-19,2026-05-19,1m,INTC,True,110.8,0.2093,0.0177,-0.1916,-0.2093,False,True,,,1m,https://www.youtube.com/watch?v=huygLmrdLoQ,"If you jump in over to Intel, for example, you'll have seen that over the past few trading days, Intel's actually been down...we're seeing the same thing on SanDisk...a little bit of topping out."
meet-kevin,NVDA,us,hold-avoid,neutral,low,2026-05-19,2026-05-19,1m,NVDA,True,220.3532,-0.0439,0.0177,0.0616,0.0439,True,True,,,1m,https://www.youtube.com/watch?v=huygLmrdLoQ,"Nvidia tends to beat, like they're likely to beat across the board tomorrow, but it doesn't mean their stock will go up. Nvidia has this weird history of going down after giving like beats and raises."
meet-kevin,OWL,us,sell,down,med,2026-02-27,2026-02-27,3m,OWL,False,10.3074,-0.0027,0.1058,0.1084,0.0027,True,True,,,3m,https://www.youtube.com/watch?v=iRz4DJV1fRA,Blue Owl down another 5%...we're probably knocking on the door of lows here...This is remarkable. And this comes after the OpenAI deal was announced.
meet-kevin,PLTR,us,buy,up,med,2026-06-17,2026-06-17,6m,PLTR,True,130.63,-0.0165,0.0104,-0.0269,-0.0165,False,True,,,,https://www.youtube.com/watch?v=l5kXf3-oiFI,"I basically heard him say, 'Long Palunteer, boys and girls.' ...basically, Kevin Worsh came out and said why are we worried about jobs data that comes out at the beginning of every month... why don't we actually use real time data and then incorporate AI with that data? And so AI and other real-time sources of data can actually tell us what's happening in the economy in real time."
meet-kevin,HOOD,us,buy,up,med,2026-06-17,2026-06-17,6m,HOOD,True,105.2,0.028,0.0104,0.0176,0.028,True,True,,,,https://www.youtube.com/watch?v=l5kXf3-oiFI,"We are looking for new sectoral leadership could end up continuing to be finance especially after that boost we saw at Robin Hood today. Sofi might be another beneficiary of that, especially with their home lending sector really exploding."
meet-kevin,SOFI,us,buy,up,low,2026-06-17,2026-06-17,6m,SOFI,False,17.42,0.0281,0.0104,0.0177,0.0281,True,True,,,,https://www.youtube.com/watch?v=l5kXf3-oiFI,"Sofi might be another beneficiary of that, especially with their home lending sector really exploding."
meet-kevin,MSFT,us,buy,up,med,2026-05-12,2026-05-12,6m,MSFT,True,406.8887,-0.0676,0.0116,-0.0792,-0.0676,False,True,,,,https://www.youtube.com/watch?v=l99crzrYFoc,I personally think companies like Microsoft could really turn a spigot on their CapEx and see a whole lot more profit whenever the heck they want. And the SpaceX and Anthropic deal really sets the stage for that.
meet-kevin,PLTR,us,buy,up,high,2026-06-01,2026-06-01,6m,PLTR,True,160.65,-0.2003,-0.0156,-0.1848,-0.2003,False,True,,207.0,,https://www.youtube.com/watch?v=nfKoVuramaU,"Palanteer is up 2.6% right now. It really needs to break through this 16089 line right here... We've now broken out of the downtrend wedge... our resistance here is in the low 160s at two different positions, 161ish and 164ish. We break through this, we'll be back at 207 pretty damn quickly."
meet-kevin,PATH,us,buy,up,med,2026-06-01,2026-06-01,6m,PATH,False,13.1,-0.216,-0.0156,-0.2005,-0.216,False,True,,45.0,,https://www.youtube.com/watch?v=nfKoVuramaU,"UiPath, which is finally proving that it is an AI beneficiary. This, in my opinion, is a $45 stock with a really strong support line of $9.38. Look at this. Up 10% today."
meet-kevin,MRVL,us,buy,up,high,2026-06-01,2026-06-01,6m,MRVL,False,219.43,0.4154,-0.0156,0.431,0.4154,True,True,,,,https://www.youtube.com/watch?v=nfKoVuramaU,"I've been betting on Marll, for example, as a great hardware play. Uh, it's up another 6% today... Marll has 110th of the valuation of Broadcom and they compete in a similar space... I'm a big fan of really both of them, but I'd rather put my bet on one of the smaller ones in my opinion that has more upside."
meet-kevin,GOOGL,us,buy,up,high,2026-05-14,2026-05-14,6m,GOOGL,True,401.07,-0.0824,-0.0019,-0.0805,-0.0824,False,True,,574.0,,https://www.youtube.com/watch?v=o8Q4IG3FqB8,"Google currently has a KPEG ratio using the forward 4 years of growth of 1.86. 1.86 gives the stock currently a 43% upside. At 400 bucks, this brings it to about $574 as a price target, fair price for Google. So, Google's crazily still selling for a discount."
meet-kevin,TSLA,us,buy,up,low,2026-05-14,2026-05-14,6m,TSLA,True,443.3,-0.0966,-0.0019,-0.0947,-0.0966,False,True,,,,https://www.youtube.com/watch?v=o8Q4IG3FqB8,I frankly think SpaceX is going to end up buying Tesla because Elon controls most of SpaceX and that'll be the perfect way for him to scoop it up with a really hot floating SpaceX stock.
meet-kevin,NVDA,us,buy,up,med,2026-06-12,2026-06-12,6m,NVDA,True,205.19,0.0268,0.0093,0.0175,0.0268,True,True,,,,https://www.youtube.com/watch?v=oTTfyWyBzXU,"Short-term hardware still has legs through the IPOs. I don't think the hardware rally is over, especially since that 75 billion that SpaceX just raised has got to go somewhere."
meet-kevin,AMD,us,buy,up,low,2026-06-12,2026-06-12,6m,AMD,True,511.57,0.0504,0.0093,0.0411,0.0504,True,True,,520.0,,https://www.youtube.com/watch?v=oTTfyWyBzXU,AMD recover 500 which is huge. Uh it did reject again off of the 520 line.
meet-kevin,MRVL,us,buy,up,high,2026-05-27,2026-05-27,3m,MRVL,False,198.7,0.5631,-0.005,0.568,0.5631,True,True,,,3m,https://www.youtube.com/watch?v=poUJIZRmFew,Marvell not only smashes through 200 today up 6% but in the overnights now sits at $216 up another $8. And we've been pointing this one out in our course membership...as still one that has legs in the hardware rally.
meet-kevin,ENPH,us,buy,up,med,2026-05-27,2026-05-27,1m,ENPH,False,70.28,-0.2561,-0.005,-0.2512,-0.2561,False,True,,80,1m,https://www.youtube.com/watch?v=poUJIZRmFew,"A stock like Enphase, I think it's shooting straight up towards breaking through the 75-80 line. And since we called it out last Tuesday, we've been right about it."
meet-kevin,INTU,us,hold-avoid,down,med,2026-05-27,2026-05-27,3m,INTU,True,307.73,-0.1324,-0.005,0.1274,0.1324,True,True,,,3m,https://www.youtube.com/watch?v=poUJIZRmFew,"There are like Intuit has there's no bottom on Intuit. And I have not personally called for a bottom on Intuit on this channel, in my courses, or anywhere. I think, unfortunately, software probably won't bottom until after the SpaceX IPO."
meet-kevin,PLTR,us,buy,up,med,2026-04-13,2026-04-13,3m,PLTR,True,132.37,-0.0295,0.0884,-0.1178,-0.0295,False,True,,,3m,https://www.youtube.com/watch?v=rIpWnO96e5w,"Palantir has actually grown up substantially into its valuation...it's come down now 70 bucks from $207...I've got targets where I'm like, man, if this hits some of my magic numbers, I'm setting out a trade alert. I'm buying this sucker."
meet-kevin,TSLA,us,sell,down,med,2026-03-27,2026-03-27,1m,TSLA,True,361.83,0.04,0.1259,0.0859,-0.04,True,True,,347,1m,https://www.youtube.com/watch?v=vaLmG00iUYo,"Once Tesla started losing 400, called for a 347 approach on Tesla. Not great. Trending right towards that."
meet-kevin,NVDA,us,buy,up,high,2026-05-08,2026-05-08,3m,NVDA,True,214.9495,-0.0198,0.0124,-0.0322,-0.0198,False,True,,320,3m,https://www.youtube.com/watch?v=vkhji94wWKE,I've got a $320 price target now. That's up from $300 on Nvidia. And Nvidia is actually the probably the cheapest right now of the chip stocks.
meet-kevin,AMD,us,buy,up,high,2026-05-08,2026-05-08,1y,AMD,True,455.19,0.1805,0.0124,0.1682,0.1805,True,True,,,1y,https://www.youtube.com/watch?v=vkhji94wWKE,AMD is still cheaper. On a forward growth basis...we actually have this company at a 1.52 PEG with a green flag on pricing power and a green flag on balance sheet and a green flag on valuation. 38.6% average growth over the next 4 years.
meet-kevin,MRVL,us,buy,up,high,2026-06-02,2026-06-02,6m,MRVL,False,290.79,0.0681,-0.0169,0.0849,0.0681,True,True,,,6m,https://www.youtube.com/watch?v=waX2ZHlY_Ts,Marvell is really interesting...this is a play that's really just getting its start. And being pretty transparent about that. As we hunt for other plays and opportunities as well.
meet-kevin,NVDA,us,buy,up,med,2026-06-02,2026-06-02,1m,NVDA,True,222.5606,-0.0533,-0.0169,-0.0364,-0.0533,False,True,,,1m,https://www.youtube.com/watch?v=waX2ZHlY_Ts,"Nvidia is going back to the line...breaking out of this is a huge sign, we need to prove that we can hold it. And so, we were like up here and I'm like, watch us come down and bounce off 227. That'll be the bullish sign."
meet-kevin,RH,us,hold-avoid,down,high,2026-04-01,2026-04-01,6m,RH,False,112.85,0.3123,0.1396,-0.1726,-0.3123,False,True,,,6m,https://www.youtube.com/watch?v=ww5B5v4Nmdg,"This is a slow sinker stock. Basically, stay away from it. It's too early to buy it. They'll be able to get through the next 12 months with the financing situation they have, but after that, things might get tougher."
meet-kevin,NKE,us,hold-avoid,down,med,2026-04-01,2026-04-01,3m,NKE,True,44.2342,0.0218,0.1396,0.1178,-0.0218,True,True,,,3m,https://www.youtube.com/watch?v=ww5B5v4Nmdg,"People might be buying the stock because it's cheap, but I wrote 'I think it's cheap for a reason.' The numbers were just getting worse for Nike."
meet-kevin,PATH,us,buy,up,med,2026-03-09,2026-03-09,3m,PATH,False,11.97,-0.0668,0.0928,-0.1597,-0.0668,False,True,,,3m,https://www.youtube.com/watch?v=xbVr5VBUIFE,I think there are opportunities to still buy the dip on really high quality software names that have sold off. Some that come to mind would be like a UiPath or an Intuit or even Axon.
meet-kevin,INTU,us,buy,up,med,2026-03-09,2026-03-09,3m,INTU,True,472.2107,-0.353,0.0928,-0.4459,-0.353,False,True,,,3m,https://www.youtube.com/watch?v=xbVr5VBUIFE,I think there are opportunities to still buy the dip on really high quality software names that have sold off. Some that come to mind would be like a UiPath or an Intuit or even Axon.
meet-kevin,AXON,us,buy,up,med,2026-03-09,2026-03-09,3m,AXON,True,559.06,-0.1574,0.0928,-0.2502,-0.1574,False,True,,,3m,https://www.youtube.com/watch?v=xbVr5VBUIFE,"Axon is a combo of really body camera equipment, drone equipment, very important especially now with drone warfare, but also AI software for law enforcement agencies. Buy the dip on really high quality software names."
meet-kevin,CRCL,us,buy,up,high,2026-03-17,2026-03-17,3m,CRCL,False,132.31,-0.3975,0.1187,-0.5162,-0.3975,False,True,,,3m,https://www.youtube.com/watch?v=z-EhNfOfLJg,We've been fundamentally buying since $68 in the course member live streams. Circle has gone full circle and their finances have actually really been strong. It's really been rocketing the last few weeks and it's an impressive one.
meet-kevin,INTU,us,buy,up,med,2026-02-26,2026-02-26,6m,INTU,True,393.2049,-0.321,0.0863,-0.4073,-0.321,False,True,,,,https://www.youtube.com/watch?v=9MV5dmS1wWM,I still think Intuit is an incredible deal.
meet-kevin,AXON,us,buy,up,low,2026-03-12,2026-03-12,6m,AXON,True,499.4,-0.1522,0.1242,-0.2764,-0.1522,False,True,,,,https://www.youtube.com/watch?v=BVZjHzZKxxg,"This could actually create an interesting stock opportunity for the stock company Axon, AXON, given that they bought a company called Dedrone, which sells technology to police departments to take down bad drones."
meet-kevin,MSFT,us,buy,up,med,2026-03-10,2026-03-10,6m,MSFT,True,404.8831,-0.0629,0.1057,-0.1687,-0.0629,False,True,,,,https://www.youtube.com/watch?v=AKG_8TmwhsU,Microsoft's valuation is sitting at a 3 to 5-year low... there is not a single institution that has a sell rating on Microsoft right now. Pretty remarkable.
meet-kevin,NVDA,us,buy,up,med,,,,,,,,,,,,False,no call_date,300,,https://www.youtube.com/watch?v=D2osbJNrR0E,"Nvidia is only trading for a two peg, which suggests it has about another 30%, maybe even slightly more upside. I think, you know, 300 is a trajectory it can get to."
meet-kevin,AMD,us,buy,up,med,,,,,,,,,,,,False,no call_date,,,https://www.youtube.com/watch?v=D2osbJNrR0E,"AMD... it's only sitting at a 1.57 peg, which at a 1.57 peg for a designer, this company has about a 71% upside, uh which is a remarkably better deal, in my opinion."
meet-kevin,SNDK,us,sell,down,med,,,,,,,,,,,,False,no call_date,,,https://www.youtube.com/watch?v=D2osbJNrR0E,"SanDisk, which right now is sitting at a 12 peg, screamingly overvalued."
meet-kevin,MU,us,sell,down,med,,,,,,,,,,,,False,no call_date,,,https://www.youtube.com/watch?v=D2osbJNrR0E,"Micron sitting at a seven peg, screamingly overvalued."
meet-kevin,SOXL,us,hold-avoid,neutral,low,2026-05-29,2026-05-29,6m,SOXL,False,224.34,0.2449,-0.0129,-0.2578,-0.2449,False,True,,,,https://www.youtube.com/watch?v=Bdn707opb9M,"Now, I wouldn't chase this at this point. I'm not saying it's time to short hardware. I'm not saying it's time to go short, but I think other sectors are better opportunities right now."
meet-kevin,CBRS,us,sell,down,high,2026-05-20,2026-05-20,6m,CBRS,False,290.69,-0.1926,0.0074,0.2,0.1926,True,True,,,,https://www.youtube.com/watch?v=D4AVBmOB2wU,"I actually think it's way overpriced. It's going to go down eventually. I think it's a big pump and dump. But, for now, as long as it holds on, it is a good canary for the SpaceX IPO."
meet-kevin,TSLA,us,hold-avoid,up,low,2026-05-20,2026-05-20,6m,TSLA,True,417.26,-0.0402,0.0074,0.0476,0.0402,True,True,,414,,https://www.youtube.com/watch?v=D4AVBmOB2wU,"This morning in the course member livestream, we argued that Tesla had a good chance of running to 414 and then rejecting. This is not because Tesla has really good fundamentals right now in terms of vehicle deliveries."
meet-kevin,MRVL,us,buy,up,med,2026-05-20,2026-05-20,6m,MRVL,False,186.8,0.6626,0.0074,0.6552,0.6626,True,True,,,,https://www.youtube.com/watch?v=D4AVBmOB2wU,"Marvell is up another 4 and 1/2%. That's another course member stock we've really enjoyed Marvell, and I actually think they're just getting started."
meet-kevin,MSFT,us,buy,up,med,2026-05-20,2026-05-20,6m,MSFT,True,420.15,-0.097,0.0074,-0.1044,-0.097,False,True,,,,https://www.youtube.com/watch?v=D4AVBmOB2wU,"Microsoft is trading for less than a 1.5 PEG right now based on forward growth estimates. Mid-year projections, 16% growth on EPS for the next 4 years. It's pretty good. They're kind of cheap."
meet-kevin,ORCL,us,buy,up,med,2026-03-11,2026-03-11,3m,ORCL,True,162.5523,0.2381,0.0728,0.1654,0.2381,True,True,,,3m,https://www.youtube.com/watch?v=DN20fwFMmog,"Green flag on momentum, green flag on valuation at 0.79 on the PEG. The last time this happened, the stock absolutely skyrocketed from 126 to 344. This is the first green weekly candle that we're getting over here, and we're getting that reversal on momentum."
meet-kevin,MSFT,us,buy,up,high,2026-04-15,2026-04-15,1m,MSFT,True,410.3313,0.026,0.056,-0.03,0.026,False,True,,420,1m,https://www.youtube.com/watch?v=DglqEYPmZmg,"Microsoft this morning was at $395 and we called for Microsoft as a buy the dip and an easy opportunity to see it cross well into 400, possibly towards 420."
meet-kevin,OWL,us,buy,up,med,2026-04-15,2026-04-15,1m,OWL,False,9.6918,-0.0239,0.056,-0.08,-0.0239,False,True,,,1m,https://www.youtube.com/watch?v=DglqEYPmZmg,"I called a bottom on Blue Owl Capital and I kid you not from this morning's Alpha report when the stock was trading for about $9.38, we saw an 8% movement by the close. PIMCO just announced that they're buying $400 of Blue Owl's private credit fund after my call."
meet-kevin,INTC,us,buy,up,med,2026-04-15,2026-04-15,1y,INTC,True,64.94,1.0633,0.0669,0.9964,1.0633,True,True,,,1y,https://www.youtube.com/watch?v=DglqEYPmZmg,"SpaceX announced that they're going to partner with Intel, which is huge for the entire stock market. 18A is the 1.8 nanometer class process and advanced packaging facility. This is huge for what Elon wants to do and significantly de-risks Tesla and SpaceX."
meet-kevin,ARM,us,buy,up,low,2026-04-15,2026-04-15,6m,ARM,False,159.34,1.758,0.0669,1.6911,1.758,True,True,,,6m,https://www.youtube.com/watch?v=DglqEYPmZmg,I am really tempted to buy ARM. People are totally downplaying how useful CPUs are going to be. CPUs will likely grow more due to the inference workloads that are coming and people are not paying attention to it.
meet-kevin,META,us,buy,up,med,2026-04-15,2026-04-15,1y,META,True,671.58,-0.1405,0.0669,-0.2074,-0.1405,False,True,,,1y,https://www.youtube.com/watch?v=DglqEYPmZmg,"Even some of the the Mag 7s. Even I mean, there's another Meta is also ridiculously cheap."
meet-kevin,NFLX,us,buy,up,med,2026-04-15,2026-04-15,1y,NFLX,True,107.71,-0.2816,0.0669,-0.3485,-0.2816,False,True,,,1y,https://www.youtube.com/watch?v=DglqEYPmZmg,"Netflix is cheap, especially after the Warner Brothers deal."
meet-kevin,AMD,us,buy,up,med,2026-04-10,2026-04-10,3m,AMD,True,245.04,1.193,0.099,1.094,1.193,True,True,,,3m,https://www.youtube.com/watch?v=EBB3FQtGgXQ,"Hardware technology is where the next like few months of momentum is. Hardware AI tech, you know, AMD ARM, don't forget about them, up for the next few months. That's more like a medium-term trade to watch right now."
meet-kevin,NVDA,us,buy,up,high,2026-05-04,2026-05-04,1y,NVDA,True,198.2489,0.0628,0.04,0.0227,0.0628,True,True,,300,1y,https://www.youtube.com/watch?v=Gbd0uSSrI5k,"Nvidia stock I personally think has a fair valuation at $300 per share, yet Nvidia is stuck just under $200 and actually sold off 9% over the last week."
meet-kevin,ENPH,us,buy,up,med,2026-05-22,2026-05-22,1y,ENPH,False,64.03,-0.1835,0.0015,-0.185,-0.1835,False,True,,85,1y,https://www.youtube.com/watch?v=Hl8sgbmBF98,"I actually think this has really good potential and it's really underrated for the hardware rally. In my opinion, that pushes us through $80, maybe into the 90s."
meet-kevin,MSFT,us,buy,up,med,2026-05-22,2026-05-22,6m,MSFT,True,418.57,-0.0936,0.0015,-0.0951,-0.0936,False,True,,,,https://www.youtube.com/watch?v=Hl8sgbmBF98,"I personally think they'll be able to turn the dial of spending off on data center spend and they'll just keep milking money from their service revenue. So, I actually am more bullish Microsoft."
meet-kevin,MRVL,us,buy,up,med,2026-05-22,2026-05-22,6m,MRVL,False,196.33,0.5819,0.0015,0.5805,0.5819,True,True,,,,https://www.youtube.com/watch?v=Hl8sgbmBF98,One of my favorites right now that we're investing in is Marvell. Uh and uh Marvell is sitting at just $171 billion. Uh relatively small. It's done exceptionally well in the hardware race.
meet-kevin,SNDK,us,hold-avoid,down,med,2026-05-22,2026-05-22,6m,SNDK,True,1478.6899,0.4775,0.0015,-0.476,-0.4775,False,True,,,,https://www.youtube.com/watch?v=Hl8sgbmBF98,SanDisk is one that I think is heavily overvalued. I'm not a fan.
meet-kevin,WMT,us,hold-avoid,down,med,2026-05-22,2026-05-22,6m,WMT,True,120.27,-0.0257,0.0015,0.0272,0.0257,True,True,,,,https://www.youtube.com/watch?v=Hl8sgbmBF98,"What I want to point out here at Walmart, in my opinion, this is a stock to avoid. I actually think the consumer is a terrible bet to make right now. One of the reasons I think the consumer is a terrible bet, which is why I'm bearish Walmart right now."
meet-kevin,SYM,us,buy,up,med,2026-05-22,2026-05-22,1y,SYM,False,54.03,-0.2286,0.0015,-0.2301,-0.2286,False,True,,80,1y,https://www.youtube.com/watch?v=Hl8sgbmBF98,"At a 1.46 PEG, this has 50% upside in it. That puts this at fair value end of the year closer to 80 bucks. Symbotic is the play."
meet-kevin,AMD,us,buy,up,med,2026-05-26,2026-05-26,6m,AMD,True,503.89,0.0664,-0.0051,0.0716,0.0664,True,True,,,,https://www.youtube.com/watch?v=ImdwYfLRU6A,"I actually think that AMD is going to be next to hit a $1 trillion market cap, and they're doing really freaking well, especially since DDR production has grown fourfold."
meet-kevin,MU,us,buy,up,med,2026-05-26,2026-05-26,1y,MU,True,895.88,0.2658,-0.0051,0.2709,0.2658,True,True,,,1y,https://www.youtube.com/watch?v=ImdwYfLRU6A,"Micron just hitting $1 trillion market cap. The current forecast is that this company's going to grow earnings by 76% next year, which is really good. Wall Street keeps underestimating their growth."
meet-kevin,NVDA,us,buy,up,high,2026-02-26,2026-02-26,1y,NVDA,True,184.6648,0.1409,0.0863,0.0546,0.1409,True,True,,300,1y,https://www.youtube.com/watch?v=IoRwZIkXz2g,"Nvidia could definitely justify somewhere around $300 a share. There's a lot of room in the valuations for these, and I think that's why they've moved."
meet-kevin,AMD,us,buy,up,med,2026-02-26,2026-02-26,1y,AMD,True,203.68,1.6383,0.0863,1.552,1.6383,True,True,,275,1y,https://www.youtube.com/watch?v=IoRwZIkXz2g,"AMD could definitely get to uh Nvidia could definitely justify somewhere around $300 a share, AMD probably 275. There's a lot of room in the valuations for these."
meet-kevin,NVDA,us,buy,up,high,2026-05-13,2026-05-13,1y,NVDA,True,225.5671,-0.066,0.006,-0.0719,-0.066,False,True,,320,1y,https://www.youtube.com/watch?v=KK_ccR1T8U4,"Nvidia is breaking through its 227 line. Well, it's sitting right there right now. And in my opinion, that gets it up to 300. This is a $5.5 trillion company. $320 is our price target for Nvidia."
meet-kevin,CBRS,us,buy,up,low,2026-05-13,2026-05-14,1m,CBRS,False,311.07,-0.3121,-0.0111,-0.3009,-0.3121,False,True,,,1m,https://www.youtube.com/watch?v=KK_ccR1T8U4,"Is there an opportunity to swing trade it? Hell freaking yeah, because that pump is probably going to be glorious. No guarantees."
meet-kevin,EBAY,us,buy,up,med,2026-05-01,2026-05-01,1y,EBAY,True,104.07,0.0401,0.0362,0.0039,0.0401,True,True,,162,1y,https://www.youtube.com/watch?v=JI2bfNhIMBc,"If I had to do a valuation on eBay today, I would say that it's probably worth $160. Maybe $162. 162 divided by 117 means we still have about 38% upside on eBay stock, even though it's already been moving up."
meet-kevin,ETSY,us,buy,up,med,2026-05-01,2026-05-01,1y,ETSY,False,63.17,0.1707,0.0362,0.1344,0.1707,True,True,,202,1y,https://www.youtube.com/watch?v=JI2bfNhIMBc,I actually think the better strategy is actually Etsy stock. 0.83 the PEG ratio is just so low right now. Around a $200 price target on this. This could reasonably go up 3x.
meet-kevin,AFRM,us,hold-avoid,down,med,2026-03-18,2026-03-18,6m,AFRM,False,44.42,0.6641,0.1321,-0.5321,-0.6641,False,True,,,,https://www.youtube.com/watch?v=JEybuS-uOH0,"If private credit redemptions limit the lines of credit to buy now pay later firms, consumers might not have as much access to private buy now pay later in the future. Affirm stock has fallen about 50% year to date and continues falling on this news."
meet-kevin,SWRM,us,hold-avoid,down,high,2026-03-30,2026-03-30,6m,SWRM,False,0.0002,-0.5,0.1816,0.6816,0.5,True,True,,,,https://www.youtube.com/watch?v=LlvuAMHK4CM,I wouldn't touch this with a 10-ft pole until they actually generate revenues. It's probably going to collapse and be a penny stock worse than Lucid in the future.
meet-kevin,MRVL,us,buy,up,high,2026-06-03,2026-06-03,6m,MRVL,False,301.65,0.0296,-0.0099,0.0395,0.0296,True,True,,,,https://www.youtube.com/watch?v=N1rHYqmFvJ8,Marvell still up another 4 and 1/2%. We're freaking banking money on this puppy and we might have another fun stock to announce soon.
meet-kevin,CBRS,us,hold-avoid,down,high,2026-06-03,2026-06-03,6m,CBRS,False,214.94,0.092,-0.0099,-0.1019,-0.092,False,True,,,,https://www.youtube.com/watch?v=N1rHYqmFvJ8,"The Cerebras IPO, which I've been calling as a scam and a pump and dump, I'm very bearish on this... we got that day one pump on low liquidity, and it's been dumping."
meet-kevin,AMD,us,buy,up,med,2026-06-03,2026-06-03,6m,AMD,True,542.52,-0.0095,-0.0099,0.0005,-0.0095,True,True,,,,https://www.youtube.com/watch?v=N1rHYqmFvJ8,"AMD did break out of 520. And so, as long as we keep holding that, that's pretty bullish right here on AMD."
meet-kevin,STRC,us,hold-avoid,down,med,2026-06-03,2026-06-03,6m,STRC,False,93.6935,-0.0545,-0.0099,0.0445,0.0545,True,True,,,,https://www.youtube.com/watch?v=N1rHYqmFvJ8,"They've had stretch as a consistent $100 yield-bearing instrument. And this perpetual fund, in my opinion, is a scam. You're seeing that decoupling from 100, which is a liquidity red flag."
meet-kevin,INTC,us,buy,up,high,2026-05-06,2026-05-06,6m,INTC,True,113.01,0.1856,0.0176,0.1681,0.1856,True,True,,100,,https://www.youtube.com/watch?v=OUHYto8PY-g,We set a new price target on the NASDAQ 100 and what we called out this morning in the Alpha report was that Intel would rocket right through 100... Intel is now trading for about $113 in the after hours after closing at $108.
meet-kevin,AMD,us,buy,up,med,2026-05-06,2026-05-06,6m,AMD,True,421.39,0.2752,0.0176,0.2576,0.2752,True,True,,,,https://www.youtube.com/watch?v=OUHYto8PY-g,"AMD we've been calling, they smashed earnings, not a surprise. They are actually still growing into their valuation."
meet-kevin,SNDK,us,buy,up,med,2026-05-06,2026-05-06,6m,SNDK,True,1409.98,0.5495,0.0176,0.5319,0.5495,True,True,,,,https://www.youtube.com/watch?v=OUHYto8PY-g,"Sandisk keeps going, which is incredible, but it's part of the hardware boom. It's the same thing we've been calling for the last 6 weeks."
meet-kevin,CBRS,us,hold-avoid,down,high,2026-05-17,2026-05-18,6m,CBRS,False,296.65,-0.2088,0.011,0.2198,0.2088,True,True,,,,https://www.youtube.com/watch?v=QqOnX1zFoNg,"The Cerebras IPO this week, I think is really worth watching because I think you had a lot of YOLO going and FOMO going into that IPO. And it's basically, since it was priced at IPO, it's basically been straight down. I wouldn't be surprised if that keeps going down."
meet-kevin,GLD,us,sell,down,high,2026-06-16,2026-06-16,6m,GLD,False,397.63,-0.0264,-0.0022,0.0242,0.0264,True,True,,,,https://www.youtube.com/watch?v=RIruchen9JY,I think Kevin Warsh could usher in 8 years of a bear market for gold. That should sound really bearish for gold bugs and I apologize. It's my opinion. I'm just going to give it to you straight.
meet-kevin,GOOGL,us,hold-avoid,down,low,2026-06-16,2026-06-16,1m,GOOGL,True,373.25,-0.014,-0.0022,0.0118,0.014,True,True,,,1m,https://www.youtube.com/watch?v=RIruchen9JY,Google again rejecting 374. It's really not been able to get through that 400 level... a little short-term bearish there on Google.
meet-kevin,JPM,us,buy,up,med,2026-03-19,2026-03-19,3m,JPM,True,286.5038,0.1351,0.1349,0.0003,0.1351,True,True,,,3m,https://www.youtube.com/watch?v=RM3hAgTG_OE,"JP Morgan, City, Wells Fargo, and Bank of America will probably be the biggest beneficiaries of this. But, $200 billion could be used not only for buying back their own stock, but they could also use it to lend."
meet-kevin,C,us,buy,up,med,2026-03-19,2026-03-19,3m,C,True,109.3328,0.3085,0.1349,0.1736,0.3085,True,True,,,3m,https://www.youtube.com/watch?v=RM3hAgTG_OE,"JP Morgan, City, Wells Fargo, and Bank of America will probably be the biggest beneficiaries of this. But, $200 billion could be used not only for buying back their own stock, but they could also use it to lend."
meet-kevin,WFC,us,buy,up,med,2026-03-19,2026-03-19,3m,WFC,True,75.9557,0.0822,0.1349,-0.0526,0.0822,False,True,,,3m,https://www.youtube.com/watch?v=RM3hAgTG_OE,"JP Morgan, City, Wells Fargo, and Bank of America will probably be the biggest beneficiaries of this. But, $200 billion could be used not only for buying back their own stock, but they could also use it to lend."
meet-kevin,BAC,us,buy,up,med,2026-03-19,2026-03-19,3m,BAC,True,46.767,0.2017,0.1349,0.0668,0.2017,True,True,,,3m,https://www.youtube.com/watch?v=RM3hAgTG_OE,"JP Morgan, City, Wells Fargo, and Bank of America will probably be the biggest beneficiaries of this. But, $200 billion could be used not only for buying back their own stock, but they could also use it to lend."
meet-kevin,HOOD,us,buy,up,low,2026-05-30,2026-06-01,1m,HOOD,True,90.73,0.192,-0.0156,0.2076,0.192,True,True,,,1m,https://www.youtube.com/watch?v=TCAn2ujyd8Q,"Palunteer, Robin Hood, SoFi have all done very well... what you want to watch for on Monday is...you want to see if we can keep that short squeeze going on stocks that have been short squeezing."
meet-kevin,SOFI,us,buy,up,low,2026-05-30,2026-06-01,1m,SOFI,False,18.58,-0.0361,-0.0156,-0.0205,-0.0361,False,True,,,1m,https://www.youtube.com/watch?v=TCAn2ujyd8Q,"Palunteer, Robin Hood, SoFi have all done very well... what you want to watch for on Monday is...you want to see if we can keep that short squeeze going on stocks that have been short squeezing."
meet-kevin,PLTR,us,buy,up,low,2026-05-30,2026-06-01,1m,PLTR,True,160.65,-0.2003,-0.0156,-0.1848,-0.2003,False,True,,,1m,https://www.youtube.com/watch?v=TCAn2ujyd8Q,"Palunteer, Robin Hood, SoFi have all done very well... what you want to watch for on Monday is...you want to see if we can keep that short squeeze going on stocks that have been short squeezing."
meet-kevin,QQQ,us,hold-avoid,down,med,2026-05-30,2026-06-01,1m,QQQ,False,742.74,-0.0029,-0.0156,-0.0127,0.0029,False,True,,,1m,https://www.youtube.com/watch?v=TCAn2ujyd8Q,what you want to watch for on Monday is not only if we don't get a deal are we coming off of this all-time high on NASDAQ 100. We're probably going back to the 725 level.
meet-kevin,SNDK,us,sell,down,med,2026-03-26,2026-03-26,1m,SNDK,True,603.17,0.6412,0.1067,-0.5344,-0.6412,False,True,,,1m,https://www.youtube.com/watch?v=TwVVmjkxs2Q,I was very aggressive talking about SanDisk and Micron had downside ahead of them and sure enough SanDisk is now down 9%.
meet-kevin,MU,us,sell,down,med,2026-03-26,2026-03-26,1m,MU,True,355.3107,0.398,0.1067,-0.2913,-0.398,False,True,,,1m,https://www.youtube.com/watch?v=TwVVmjkxs2Q,I was very aggressive talking about SanDisk and Micron had downside ahead of them and sure enough SanDisk is now down 9% Microsoft is down 5%.
meet-kevin,VCX,us,sell,down,high,2026-03-30,2026-03-30,1m,VCX,False,111.0,-0.2341,0.126,0.3601,0.2341,True,True,,20,1m,https://www.youtube.com/watch?v=UhmucjexD1c,"VCX, this is an absolute crap show of a low float NAV play here and it has been collapsing as expected. I think it'll go all the way down to $20."
meet-kevin,META,us,buy,up,med,2026-06-04,2026-06-04,1y,META,True,627.57,-0.0802,-0.0137,-0.0666,-0.0802,False,True,,,1y,https://www.youtube.com/watch?v=Vu3UPStfVUM,I actually happen to like Meta. I happen to think they're a relatively cheap stock and I happen to think that advertising with artificial intelligence will be very powerful and rewarding in the future.
meet-kevin,MRVL,us,buy,up,high,2026-06-04,2026-06-04,1y,MRVL,False,316.43,-0.0185,-0.0137,-0.0048,-0.0185,False,True,,,1y,https://www.youtube.com/watch?v=Vu3UPStfVUM,"This has been one of the stocks that we have been shouting out as a hardware stock to play in the course member live streams. Marll, potentially getting to be eligible to get a spot in the S&P 500. Boy oh boy, am I excited for Marll."
meet-kevin,CRWV,us,sell,down,high,2026-06-04,2026-06-04,1y,CRWV,False,108.03,0.0918,-0.0137,-0.1055,-0.0918,False,True,,,1y,https://www.youtube.com/watch?v=Vu3UPStfVUM,"I've been bagging on Core since it was like 180 bucks... not the biggest fan because I do think they will end up being a bag holder. Yeah, it was 187."
meet-kevin,MU,us,buy,up,med,2026-06-19,,,,,,,,,,,False,no entry price,2500,1y,https://www.youtube.com/watch?v=WTFGa5dKN5U,"It's actually cheap. UBS prices it in as having a potential double. I don't actually think they're wrong. The KPEG I have for them is 1.03, which means they could easily justify a valuation closer to $2,500 a share."
meet-kevin,AAPL,us,hold-avoid,neutral,med,2026-06-19,,,,,,,,,,,False,no entry price,,6m,https://www.youtube.com/watch?v=WTFGa5dKN5U,I think Apple is roughly fairly valued right now. The upside isn't that great. I'd love for them to get cheaper. I'd love an opportunity to get into Apple before they actually come out with an AI product. I'm not in it right now.
meet-kevin,AVGO,us,buy,up,med,2026-06-06,2026-06-08,6m,AVGO,True,396.6,0.0372,0.0102,0.027,0.0372,True,True,,,6m,https://www.youtube.com/watch?v=Wpj-_2UKwT4,"Even a slight miss can really tank some of these really big momentum movers. For long-term buyers, it created a dip opportunity for Broadcom."
meet-kevin,NVDA,us,hold-avoid,neutral,med,2026-06-06,2026-06-08,6m,NVDA,True,208.64,0.0098,0.0102,0.0003,-0.0098,True,True,,,6m,https://www.youtube.com/watch?v=Wpj-_2UKwT4,"Even though I think Nvidia could run more on a valuation basis, right? It could be justified at a higher valuation. It's not. So, on a technical basis, we keep rejecting. That's a red flag."
meet-kevin,WDC,us,sell,down,med,2026-04-02,2026-04-02,6m,WDC,True,294.8931,1.5305,0.1386,-1.3919,-1.5305,False,True,,,6m,https://www.youtube.com/watch?v=XUvKUI8L9WI,"I do think the stocks have these levels topped out. A Sandisk, at a 6.24 PEG... we are looking at a company that's presently about 57% overvalued. So, these stock prices are relatively unsustainable."
meet-kevin,MU,us,sell,down,med,2026-04-02,2026-04-02,6m,MU,True,366.24,2.0963,0.1386,-1.9577,-2.0963,False,True,,,6m,https://www.youtube.com/watch?v=XUvKUI8L9WI,Micron is sitting at about a 3.7 PEG... even at about a 2.6... this company is sitting at about 30% overvalued right now. These stock prices are relatively unsustainable.
meet-kevin,GOOGL,us,buy,up,high,2026-04-02,2026-04-02,1y,GOOGL,True,295.77,0.2443,0.1386,0.1057,0.2443,True,True,,500,1y,https://www.youtube.com/watch?v=XUvKUI8L9WI,Google is cheap right now. Google should probably be selling close to $500. That means you have serious upside in a stock like Google. It's a very desirable stock and they make a lot of money.
meet-kevin,AMD,us,buy,up,med,2026-04-02,2026-04-02,1y,AMD,True,217.5,1.4707,0.1386,1.332,1.4707,True,True,,,1y,https://www.youtube.com/watch?v=XUvKUI8L9WI,"AMD actually trades very inexpensively. AMD, as long as this AI boom keeps going, probably has a double in it. It's trading very cheaply."
meet-kevin,NVDA,us,hold-avoid,down,med,2026-04-02,2026-04-02,6m,NVDA,True,177.1835,0.1891,0.1386,-0.0505,-0.1891,False,True,,300,6m,https://www.youtube.com/watch?v=XUvKUI8L9WI,"I kind of think Nvidia price is at top on a technical basis and sort of a momentum basis, but on a fundamental basis, Nvidia is like a $300 stock."
meet-kevin,CRWV,us,sell,down,high,2026-04-02,2026-04-02,1y,CRWV,False,82.24,0.4342,0.1386,-0.2956,-0.4342,False,True,,,1y,https://www.youtube.com/watch?v=XUvKUI8L9WI,Still not a big fan of companies like CoreWeave. I've been bagging on Core since it was like 180 bucks... not the biggest fan because I do think they will end up being a bag holder.
meet-kevin,MRVL,us,buy,up,high,2026-06-04,2026-06-04,6m,MRVL,False,316.43,-0.0185,-0.0137,-0.0048,-0.0185,False,True,,,6m,https://www.youtube.com/watch?v=Y9XNDUMraJ0,Marll was down like 7% this morning and I'm a big fan of Marll. It literally just turned green. Recovered all of it because this Broadcom selloff is overdone.
meet-kevin,AVGO,us,buy,up,med,2026-06-04,2026-06-04,3m,AVGO,True,418.91,-0.018,-0.0137,-0.0044,-0.018,False,True,,,3m,https://www.youtube.com/watch?v=Y9XNDUMraJ0,"The Broadcom selloff is overdone. They're forecasting growth in AI chip sales all the way through 2028... a 7% miss here has really tanked the stock, but this is not 'the AI bubble is over.'"
meet-kevin,CRBS,us,sell,down,high,2026-05-22,,,,,,,,,,,False,no price data,,6m,https://www.youtube.com/watch?v=YpbjeejjwJg,"I think it's a pump and dump. It's a trash stock in my opinion. Cerebrris, you don't have to own it. Just watch it. If you do own it, better have a stop."
meet-kevin,INTU,us,buy,up,high,2026-04-02,2026-04-02,6m,INTU,True,421.1784,-0.3661,0.1386,-0.5047,-0.3661,False,True,,1000,,https://www.youtube.com/watch?v=ZHwuFBp9IoA,I actually think the discount on Intuit right now is obscene. I think this is a thousand-dollar stock.
meet-kevin,NVDA,us,buy,up,high,2026-04-02,2026-04-02,6m,NVDA,True,177.1835,0.1891,0.1386,0.0505,0.1891,True,True,,300,,https://www.youtube.com/watch?v=ZHwuFBp9IoA,I think the discount on Nvidia is quite desirable as well... Nvidia's probably worth $300. These are great companies that have insane margins.
meet-kevin,AMD,us,buy,up,high,2026-04-02,2026-04-02,6m,AMD,True,217.5,1.4707,0.1386,1.332,1.4707,True,True,,,,https://www.youtube.com/watch?v=ZHwuFBp9IoA,AMD's got a double in it. Nvidia's probably worth $300. These are great companies that have insane margins and so far I think these companies are going to continue to see inflows.
meet-kevin,AXON,us,buy,up,med,2026-04-02,2026-04-02,6m,AXON,True,412.81,0.0257,0.1386,-0.113,0.0257,False,True,,,,https://www.youtube.com/watch?v=ZHwuFBp9IoA,There are other opportunities like even an Axon which is basically artificial intelligence for law enforcement... I'm surprised this stock hasn't done even better given that they bought a company called D drone.
meet-kevin,PATH,us,buy,up,med,2026-04-02,2026-04-02,6m,PATH,False,11.24,-0.0863,0.1386,-0.2249,-0.0863,False,True,,,,https://www.youtube.com/watch?v=ZHwuFBp9IoA,UiPath is maybe more of a risky play... it is reasonable to buy the dip on now... implies a double possible for UiPath.
meet-kevin,MSFT,us,buy,up,med,2026-04-02,2026-04-02,6m,MSFT,True,372.6529,0.0181,0.1386,-0.1205,0.0181,False,True,,,,https://www.youtube.com/watch?v=ZHwuFBp9IoA,"Alphabet, Microsoft, all these stocks are very low on a PEG ratio. All of these could justify a 2.6... maybe 70% upside on Microsoft... fantastic tickers that I think it is reasonable to buy the dip on now."
meet-kevin,GOOGL,us,buy,up,med,2026-04-02,2026-04-02,6m,GOOGL,True,295.77,0.2443,0.1386,0.1057,0.2443,True,True,,,,https://www.youtube.com/watch?v=ZHwuFBp9IoA,"Alphabet, Microsoft, all these stocks are very low on a PEG ratio. All of these could justify a 2.6. Maybe 70% upside on Alphabet just off the top of the head."
meet-kevin,TSLA,us,buy,up,med,2026-02-25,2026-02-25,6m,TSLA,True,417.4,-0.0405,0.0803,-0.1208,-0.0405,False,True,,,,https://www.youtube.com/watch?v=ZhL002qy2lo,"On Tuesday and Wednesday, I made bullish calls on Tesla and the NASDAQ and we did our deep dive fundamental analyses on Axon."
meet-kevin,HOOD,us,hold-avoid,neutral,high,2026-02-25,2026-02-25,6m,HOOD,True,77.53,0.3949,0.0803,-0.3147,-0.3949,False,True,,,,https://www.youtube.com/watch?v=ZhL002qy2lo,"For me, that's a hard pass. It's a sign that once again Wall Street is looking for buyers for the riskiest part of private equity... I am staying away from it because you can't fundamentally analyze it."
meet-kevin,MRVL,us,buy,up,high,2026-06-03,2026-06-03,6m,MRVL,False,301.65,0.0296,-0.0099,0.0395,0.0296,True,True,,,,https://www.youtube.com/watch?v=bIZGu4lu3Cw,"This is a stock we've been buying in the Alpha membership... about 10 days ago, mentioned this on this channel as a rocket ship that people should pay attention to."
meet-kevin,STRC,us,sell,down,high,2026-06-03,2026-06-03,6m,STRC,False,93.6935,-0.0545,-0.0099,0.0445,0.0545,True,True,,,,https://www.youtube.com/watch?v=bIZGu4lu3Cw,I personally think is a Ponzi and I'm really bearish on it... I don't believe in STRC at all. I think STRC and some of these other funds are really vehicles to offload MicroStrategy debt onto these other feeder funds.
meet-kevin,PLTR,us,buy,up,med,2026-05-28,2026-05-28,6m,PLTR,True,143.34,-0.1037,-0.0104,-0.0933,-0.1037,False,True,,133,,https://www.youtube.com/watch?v=dT9KVpHtM3k,"I called it a fair price at 133 and said, 'Look, it's going to go up as well as long as Snow and ServiceNow hold on for the first 5 to 10 minutes.' What a surprise. Palantir is literally gone straight up since I answered that course member's question this morning. We're up over 7.8%."
meet-kevin,MSFT,us,buy,up,med,2026-05-28,2026-05-28,6m,MSFT,True,426.99,-0.1115,-0.0104,-0.101,-0.1115,False,True,,526,,https://www.youtube.com/watch?v=dT9KVpHtM3k,"This is a really important line that it's at, 428. If Microsoft can break through 428, it's probably going to rocket past 526 or 562, the next line over here. Because we will hit our third attempt to break through this. And if software truly broadens out, we will go right through this."
meet-kevin,AXON,us,buy,up,med,2026-05-28,2026-05-28,6m,AXON,True,439.32,-0.0362,-0.0104,-0.0258,-0.0362,False,True,,,,https://www.youtube.com/watch?v=dT9KVpHtM3k,"Axon, another stock we love, up 13% on the day. These are all stocks that have really sold off a lot historically, but now are becoming an opportunity to go into at actually cheap values."
meet-kevin,HOOD,us,buy,up,med,2026-05-28,2026-05-28,6m,HOOD,True,84.84,0.2748,-0.0104,0.2852,0.2748,True,True,,70,,https://www.youtube.com/watch?v=dT9KVpHtM3k,"My fair price target for Robinhood has been 70 bucks. I made that price target when we were at $150. I'm like, 'Course members, don't buy it at $150. Wait for it to get to 70.' It got to 70. It's great."
meet-kevin,CRCL,us,buy,up,high,2026-03-05,2026-03-05,6m,CRCL,False,105.74,-0.2413,0.099,-0.3403,-0.2413,False,True,,,,https://www.youtube.com/watch?v=dSux8oyJSKo,"Circle continuing to run. That's, by the way, one of our long-term plays that we've been picking up since about 70 bucks. Kind of bottomed out over there. Anyway, that one's done really well."
meet-kevin,INTC,us,buy,up,med,2026-05-01,2026-05-01,6m,INTC,True,99.62,0.345,0.0362,0.3088,0.345,True,True,,106,,https://www.youtube.com/watch?v=fbqMU-qTqJE,"Intel has absolutely been a beast as well. Look at that. We're almost at $100 on Intel now. Right through 88. Next pit stop looks like it'll be 106 on the lines, if you will."
meet-kevin,AMD,us,buy,up,med,2026-05-01,2026-05-01,6m,AMD,True,360.54,0.4905,0.0362,0.4543,0.4905,True,True,,342,,https://www.youtube.com/watch?v=fbqMU-qTqJE,"AMD skyrocketed right through our 342 price target, though it might retrace a little bit since it's extended so far. ARM and AMD, these are CPU providers. AMD being the cheap sibling of ARM basically. There's something going on here. We're buying a lot more CPUs for our inference."
meet-kevin,ARM,us,buy,up,med,2026-05-01,2026-05-01,6m,ARM,False,211.18,1.081,0.0362,1.0448,1.081,True,True,,188,,https://www.youtube.com/watch?v=fbqMU-qTqJE,"ARM right through our 188 ceiling. It's now at 212. ARM and AMD, these are CPU providers. There's something going on here. We're buying a lot more CPUs for our inference versus training."
meet-kevin,CRCL,us,buy,up,high,2026-03-19,2026-03-19,6m,CRCL,False,128.33,-0.3748,0.1349,-0.5097,-0.3748,False,True,,,,https://www.youtube.com/watch?v=feF188bmW54,"One for example that still returned a positive today despite the craziness of the market, Circle up again, yet another green day. We've been buying this since it was $68 in the courses. It's now $132. It's absolutely crushing it."
nooresh,NIFTY,india,sell,down,med,2022-06-20,,,,,,,,,,,False,no price data,15000,1m,https://www.youtube.com/watch?v=-W4sL3aNNVs,if nifty sustains below 15700 you can say 15700 on spot then one can expect 15400 to 15000 levels in extreme short term
nooresh,BANKNIFTY,india,sell,down,med,2022-06-20,,,,,,,,,,,False,no price data,30500,1m,https://www.youtube.com/watch?v=-W4sL3aNNVs,if bank nifty sustains below 33000 then one can expect 32000 which was the mars low and 30000 is the falling trend line 30500 so these levels can are expected on bank nifty
nooresh,DJI,us,sell,down,med,2022-06-20,,,,,,,,,,,False,no price data,29500,1m,https://www.youtube.com/watch?v=-W4sL3aNNVs,if this low is broken of 31 228 watch out for more cello...29500 to 30000 is a major support on dow jones and this fall can add to 29500-30000 if this low of 31228 is broken
nooresh,NIFTY,india,sell,down,med,2022-06-20,,,,,,,,,,,False,no price data,16400,1m,https://www.youtube.com/watch?v=2fxT1QuDNDM,if 16824 is a previous swing low and this is a important support so 16824 then there will be second round of selling and which can take nifty to 16600 to 16400
nooresh,BANKNIFTY,india,sell,down,med,2022-06-20,,,,,,,,,,,False,no price data,34700,1m,https://www.youtube.com/watch?v=2fxT1QuDNDM,sell below 35925 and the target is thirty five thousand to thirty four seven hundred so this will be the call on bank nifty
nooresh,ABB,india,sell,down,high,2024-06-20,2024-06-20,6m,ABB.NS,False,8425.3496,-0.1379,0.0163,0.1542,0.1379,True,True,,,,https://www.youtube.com/watch?v=61TFuvqyrYk,the avoid list is to look at avoid chemicals... large capital good companies... ABB seens yeah all of them... so across the whole capital good space this is a time to actually book profits
nooresh,SIEMENS,india,sell,down,high,2024-06-20,2025-01-20,1y,SIEMENS.NS,False,3589.4504,-0.1045,0.0757,0.1803,0.1045,True,True,,,,https://www.youtube.com/watch?v=61TFuvqyrYk,"ABB seens yeah all of them... so across the whole capital good space this is a time to actually book profits, the risk reward is off, so that is a clear cut avoid"
nooresh,SCHNEIDER,india,sell,down,med,2024-06-20,,,,,,,,,,,False,no price data,,,https://www.youtube.com/watch?v=61TFuvqyrYk,"Schneider Electric has gone way up so across the whole capital good space this is a time to actually book profits, the risk reward is off, so that is a clear cut avoid"
nooresh,HINDALCO,india,buy,up,high,2024-06-20,2024-06-20,6m,HINDALCO.NS,True,667.7471,-0.0644,0.0163,-0.0807,-0.0644,False,True,,,,https://www.youtube.com/watch?v=61TFuvqyrYk,"hindalco is the new name which has broken out of a 2-year cup and handle, aluminium prices have bottomed out started showing a rally, very similarly we were placed on say vanta when copper was at $4, now aluminium could be the next trade"
nooresh,GESHIP,india,buy,up,med,2024-06-20,2024-06-20,6m,GESHIP.NS,False,1115.2751,-0.1193,0.0163,-0.1356,-0.1193,False,True,,,,https://www.youtube.com/watch?v=61TFuvqyrYk,"G shipping that's a stock which has been in a strong uptrend, we are seeing a lot of volumes bulk deals happen over the last few weeks, decent enough numbers which have come up for the quarter, so the stock looks interesting"
nooresh,DELHIVERY,india,buy,up,med,2024-06-20,2024-06-20,1y,DELHIVERY.NS,False,400.45,-0.1064,0.0656,-0.172,-0.1064,False,True,,,1y,https://www.youtube.com/watch?v=61TFuvqyrYk,"delivery... at 400 450 this looks interesting as a turnaround story in the New Age companies, very similar to what happened at PB Fintech at 400 rupees or Zomato, similar structure, stock is absolutely listless for the last 3 months"
nooresh,HDFCBANK,india,buy,up,low,2023-06-20,2023-06-20,1y,HDFCBANK.NS,True,782.3474,0.0454,0.2497,-0.2043,0.0454,False,True,,,1y,https://www.youtube.com/watch?v=RaaRlDRURec,will HDFC Bank in next one year give positive return... HDFC bank would be the biggest Contra trade going forward not as of now
nooresh,OILINDIA,india,buy,up,med,2022-06-20,,,,,,,,,,,False,no price data,315,3m,https://www.youtube.com/watch?v=mTx_ooCs910,oil india has been the best stock in the oil and gas space...it's a buy on dips with a stop loss at 250 and minimum target price of 315 the medium term could be higher also so out here it's a big breakout in a stock which has done nothing for the last 10 years could be an interesting play going forward
nooresh,AXISBANK,india,buy,up,high,2022-06-20,2022-06-20,3m,AXISBANK.NS,True,625.6875,0.2722,0.148,0.1242,0.2722,True,True,,,3m,https://www.youtube.com/watch?v=saNp2LfGYoc,access bank becomes now the top preference so this is a stock to kept on watch to be kept on watch for a new leadership price to watch for is equal to 800 to 820 band
nooresh,BANDHANBNK,india,buy,up,med,2022-06-20,,,,,,,,,,,False,no price data,430,3m,https://www.youtube.com/watch?v=saNp2LfGYoc,in the extreme short term a move above 340 would be a short term breakout wherein an eventual target price would be closer to 430 or at least a target price of 366. so i have a positive stance
nooresh,POWERGRID,india,buy,up,med,2023-06-20,2023-06-20,6m,POWERGRID.NS,True,165.2245,0.3011,0.1401,0.161,0.3011,True,True,,,6m,https://www.youtube.com/watch?v=q46BmH5SaLI,I don't want to give stock specific hold or sell but I do like power grid. Power Grid is very close to a new all-time high it's two percent of it so there could be a momentum cycle which is possible in PSU.
nooresh,HDFCBANK,india,buy,up,low,2023-06-20,2023-06-20,3m,HDFCBANK.NS,True,782.3474,0.0134,0.07,-0.0566,0.0134,False,True,,,3m,https://www.youtube.com/watch?v=q46BmH5SaLI,HDFC Bank like I said that could be a stock which could surprise on the upside. As a combined entity HDFC and HDFC Bank would be 15 to 17 of the Nifty and it has a three year resistance knocking at 1700 1740.
nooresh,DRREDDY,india,buy,up,low,2023-06-20,2023-06-20,1m,DRREDDY.NS,True,960.8143,0.0979,0.0618,0.0361,0.0979,True,True,,,1m,https://www.youtube.com/watch?v=q46BmH5SaLI,Dr Reddy is a short-term breakout
nooresh,BANSWARASYN,india,buy,up,med,2023-06-20,,,,,,,,,,,False,no price data,,1y,https://www.youtube.com/watch?v=q46BmH5SaLI,there is a small cap company called banswara syntax the stock should do 100 crores of PAT available at 450 to 500 crores of market cap so these are the kind of investments the way we look at it
nooresh,SBIN,india,buy,up,low,2023-06-20,2023-06-20,6m,SBIN.NS,True,537.371,0.1551,0.1401,0.015,0.1551,True,True,,,6m,https://www.youtube.com/watch?v=q46BmH5SaLI,PSU Banks focus on the first top three names. The largest one SBI looks the most promising because that's a stock which has done nothing over the last many years the longer term charts are more interesting.
nooresh,WONDERLA,india,buy,up,med,2023-06-20,,,,,,,,,,,False,no price data,,6m,https://www.youtube.com/watch?v=q46BmH5SaLI,opening up themes so this was one more interesting theme which we caught and still looks very very interesting so that is wonderla
power-of-stocks,BANKNIFTY,india,buy,up,med,2024-06-20,,,,,,,,,,,False,no price data,,1m,https://www.youtube.com/watch?v=2W-6McHQ2W4,"if we get something within 600 or 650 [44,600-44,650], we will hold and keep by putting the stop loss of 50 to ₹60, and our planned target should be from 700 to 850. it is still looking strong towards buying"
power-of-stocks,GOLD,india,buy,up,med,2026-02-20,,,,,,,,,,,False,no price data,,1m,https://www.youtube.com/watch?v=aGHBMKtNZoM,"If 5300 crosses again, I will buy. I will not buy right now. Only when 5300 crosses will I buy. So this will be a fresh buying."
power-of-stocks,SILVER,india,sell,down,med,2026-02-20,2026-02-20,1m,SILVER.NS,False,246.33,-0.0714,-0.0961,-0.0246,0.0714,False,True,,,1m,https://www.youtube.com/watch?v=aGHBMKtNZoM,Next month onwards we can place a selling bet on SILVER. We can plan selling. With proper risk-to-reward money management. Silver is looking a bit more weak rather than GOLD.
power-of-stocks,BTC,india,sell,down,low,2026-02-20,,,,,,,,,,,False,no price data,,1m,https://www.youtube.com/watch?v=aGHBMKtNZoM,"Below 88,000 we will plan for selling so that we can capture a good number of points inside it. Currently still looking positive."
power-of-stocks,BTC,india,sell,down,med,2025-07-20,,,,,,,,,,,False,no price data,,1m,https://www.youtube.com/watch?v=aIteMv_GF6Q,I shorted here a little. Somewhere at the top if we see a little price action. So I shorted here. It has to be trailed down from here.
power-of-stocks,NIFTYBEES,india,buy,up,med,2024-06-20,2024-06-20,1y,NIFTYBEES.NS,False,261.72,0.0756,0.0656,0.01,0.0756,True,True,,,1y,https://www.youtube.com/watch?v=cgIb6K6eg7Q,"I am going to purchase ETF of Nifty...my target will be, at present nifty is around 23,000...until it is not coming minimum 25,000 or 26,000...I will purchase 20 lots of ETF each and every day."
power-of-stocks,PHARMABEES,india,buy,up,med,2025-06-20,2025-06-20,1y,PHARMABEES.NS,False,22.05,0.1379,-0.0438,0.1816,0.1379,True,True,,,1y,https://www.youtube.com/watch?v=w4MF8LB0ra8,Pharma Bees ETF - I bought it and am holding it. I don't need to go into healthcare; I just bought its Bees. Showing 20-25% return in 3-4 months. I recommend ETF for beginners and intermediates at any level.
power-of-stocks,ITBEES,india,buy,up,med,2025-06-20,2025-06-20,1y,ITBEES.NS,False,42.31,-0.2813,-0.0438,-0.2375,-0.2813,False,True,,,1y,https://www.youtube.com/watch?v=w4MF8LB0ra8,IT ETF is there. I have it in my portfolio - bought 3-4 months ago showing 20-25% returns. ETF is compulsory at any level. It diversifies and keeps slow and steady growth.
power-of-stocks,SETFNN50,india,buy,up,med,2025-06-20,2025-06-20,1y,SETFNN50.NS,False,708.62,0.0909,-0.0438,0.1347,0.0909,True,True,,,1y,https://www.youtube.com/watch?v=w4MF8LB0ra8,"Small Cap ETF is there in portfolio. I started 3-4 months ago. When market corrects 10-15-20%, I will enter small cap and mid cap with large quantity. ETF is compulsory at any level."
power-of-stocks,GOLDBEES,india,buy,up,low,2025-06-20,2025-06-20,1y,GOLDBEES.NS,False,82.23,0.4568,-0.0438,0.5005,0.4568,True,True,,,1y,https://www.youtube.com/watch?v=w4MF8LB0ra8,"Gold allocation of 10% recommended. Gold chart from 2020 shows barely 1-2% fall during crash, then continued rallying from 40,000 to 55,000. Gold saves your portfolio during recession. I keep 10% in gold."
power-of-stocks,NIFTY,india,sell,down,high,2025-06-20,,,,,,,,,,,False,no price data,,1m,https://www.youtube.com/watch?v=979dla2R80w,On Thursday and Friday I am telling you I am planning to go deep in the money positional short.
power-of-stocks,BANKNIFTY,india,sell,down,med,2025-06-20,,,,,,,,,,,False,no price data,50000,1m,https://www.youtube.com/watch?v=979dla2R80w,"If Bank Nifty breaks here, this is not a fresh zone... if it falls then chances are high that we may see levels of 50,000 or even below that."
power-of-stocks,BTC,india,buy,up,med,2025-06-20,,,,,,,,,,,False,no price data,,3m,https://www.youtube.com/watch?v=FbT6tNRh7Oc,"Going forward I will add 10-15% capital in this I am going to trade it continuously... Right now Bitcoin is at all time high, we have an option to trade legally. We cannot miss this opportunity."
power-of-stocks,ADANIENT,india,hold-avoid,down,med,2025-06-20,2025-06-20,1m,ADANIENT.NS,True,2448.3999,0.0603,-0.0057,-0.0661,-0.0603,False,True,,,1m,https://www.youtube.com/watch?v=GanNghsSwnk,"Adani group stocks if they fall 2-4-5-10%, don't burn your hands. Last time Hindenburg report came, stocks corrected 50%+. Double allegation now. Wait for SEBI or Supreme Court clarity before buying."
power-of-stocks,BANKNIFTY,india,sell,down,med,2025-06-20,,,,,,,,,,,False,no price data,,1m,https://www.youtube.com/watch?v=FsixE2dmvqY,"Below 51160-70 I will sell full quantity, SL for one day, target of 700-800 points. Market will retest the low around 51000. I will plan selling first, buying later."
power-of-stocks,HDFCSMALLCAP,india,buy,up,med,2025-06-20,,,,,,,,,,,False,no price data,,,https://www.youtube.com/watch?v=La2lM8pbqws,"If you believe in the India market, not today then tomorrow it is going to go up, then make sure buy some ETFs... HDFC Small Cap 250, I will buy some quantity of this."
power-of-stocks,NIFTY,india,buy,up,med,2025-06-20,,,,,,,,,,,False,no price data,28000,3m,https://www.youtube.com/watch?v=PXyXkyRCyCc,"Above 26,000 I will short calls. Below 24,000 I will hold PE short. It is breaking out above 25,000, chances are we will see levels around 26,000. 28,000 and 30,000 are very easily possible."
power-of-stocks,GOLD,india,buy,up,med,2025-06-20,,,,,,,,,,,False,no price data,,1m,https://www.youtube.com/watch?v=PXyXkyRCyCc,If it breaks above 3320 I see an all-time high target. If it starts falling below 3380 I will sell with a stop loss. Between 3320-3280 I will not do anything.
power-of-stocks,BITCOIN,india,buy,up,med,2025-06-20,,,,,,,,,,,False,no price data,120000,1m,https://www.youtube.com/watch?v=PXyXkyRCyCc,"If it crosses above 1 lakh 16 (116,000) I will buy, target of 115-120 (thousand) is what I am going to keep. I will plan again for all-time high."
power-of-stocks,BANKNIFTY,india,sell,down,med,2024-06-20,,,,,,,,,,,False,no price data,,1m,https://www.youtube.com/watch?v=Qw0SFGAeD2s,"Let 44200 break, if it breaks then we will plan for selling... we will be aggressive in selling on the weekly chart when it breaks down."
power-of-stocks,BANKNIFTY,india,buy,up,med,2024-06-20,,,,,,,,,,,False,no price data,48500,1m,https://www.youtube.com/watch?v=Qw0SFGAeD2s,If this is holding... there are good chances that it will plan for a reversal and our target then becomes the 48500-800 zone.
power-of-stocks,XAUUSD,india,sell,down,high,2026-04-20,,,,,,,,,,,False,no price data,4200,1m,https://www.youtube.com/watch?v=RA980ySa6dE,"Gold, I had told you, this month it is going to close bearish... this month can give any target... this month can close completely strong bearish. It can hit 4200 or make a new low."
power-of-stocks,BTC,india,buy,up,med,2026-04-20,,,,,,,,,,,False,no price data,63500,1m,https://www.youtube.com/watch?v=RA980ySa6dE,I am planning to target at least the 63500-63000 levels... after the 15th or 20th my hand may not go there for a while... then I will plan directionally.
power-of-stocks,XAUUSD,india,sell,down,high,2026-06-07,,,,,,,,,,,False,no price data,4200,1m,https://www.youtube.com/watch?v=REkhXJEI7kY,"Gold... this month can give any target, it is not that, this month can close completely strong bearish. There is a chance... it can hit 4200 or make a new low. It is on my radar."
power-of-stocks,BTC,india,buy,up,med,2026-06-07,,,,,,,,,,,False,no price data,63000,1m,https://www.youtube.com/watch?v=REkhXJEI7kY,"Inside Bitcoin my expectation... 63,000-63,500 this zone, right, let it retest once. After that I will plan for directional trading."
power-of-stocks,SILVER,india,sell,down,low,2026-06-07,2026-06-08,1m,SILVER.NS,False,238.37,-0.0304,0.0385,0.0689,0.0304,True,True,,,1m,https://www.youtube.com/watch?v=REkhXJEI7kY,"Inside SILVER if we look at monthly charts and weekly charts it looks negative. This low that is there, it can be taken out."
power-of-stocks,BANKNIFTY,india,buy,up,med,2024-06-20,,,,,,,,,,,False,no price data,48500,1m,https://www.youtube.com/watch?v=ZGCUa1CuBEY,"If the market is closing around 47,000 or above that... 47,250 is bullish area for me... my target will be 48,500 Because I will first plan that this gap should be filled"
power-of-stocks,BANKNIFTY,india,sell,down,med,2024-06-20,,,,,,,,,,,False,no price data,44000,1m,https://www.youtube.com/watch?v=ZGCUa1CuBEY,"I will sort around 46,000... If my mistake market is coming 45,000 or 45,200 Then I will become ultra bearish... I will put stop loss and wait For the target of 44,000 or beyond that"
power-of-stocks,BTC,india,sell,down,med,2025-06-20,,,,,,,,,,,False,no price data,82000,1m,https://www.youtube.com/watch?v=XpJ5jhRtxPc,"if it falls 1000 more points I will plan something here around 85000, so there will be 6 quantity here I will plan like this and keep its target at 81,600-82,000. So that minimum will be 2-3,000 points."
power-of-stocks,BTC,india,buy,up,low,2025-06-20,,,,,,,,,,,False,no price data,89000,1m,https://www.youtube.com/watch?v=XpJ5jhRtxPc,"if it crosses from here, it will do a momentum of 1000-2000 points. When it will go around this level of 88000-89000, then a fresh leg of seller may come."
pr-sundar,NIFTY,india,buy,up,med,2026-06-12,,,,,,,,,,,False,no price data,26000,6m,https://www.youtube.com/watch?v=-S1eTv7LHLQ,"Nifty has the potential to rally, you know, maybe 12 to 15% in the next few months. So, the people are expecting at least by the end of December, the Nifty should close around 26,000."
pr-sundar,CRUDEOIL,india,sell,down,med,2026-06-12,,,,,,,,,,,False,no price data,85,,https://www.youtube.com/watch?v=-S1eTv7LHLQ,"crude oil has fallen, but not very much, but it has come to around $90. As I told you last time, it should fall below $85. So, why $85? On April 8th, when the ceasefire news came, it came down to $86."
pr-sundar,NIFTY,india,buy,up,med,2026-05-20,,,,,,,,,,,False,no price data,26250,6m,https://www.youtube.com/watch?v=4_Sw-L486kA,"we can hope that at least by the end of December, Nifty will go back to 26,000 to 26,500."
pr-sundar,NIFTYIT,india,buy,up,low,2026-05-20,,,,,,,,,,,False,no price data,,,https://www.youtube.com/watch?v=2M3DK2IMtCo,"IT index last Thursday hit a very very rock bottom. Then after that, Friday it shot up about 2% and then Monday again it shot up another 2%. So, looks like some kind of a bottom formation is happening in IT stocks."
pr-sundar,TCS,india,sell,down,low,2026-05-20,2026-05-20,1m,TCS.NS,True,2327.3999,-0.087,0.015,0.1019,0.087,True,True,,,1m,https://www.youtube.com/watch?v=5TBAcCS7oUw,"TCS can fall another 1 and 1/2%. So, there is no hope for IT sector to revive anytime soon. I think both TCS and Infosys are down more than 40% from their respective all-time high."
pr-sundar,INFY,india,sell,down,low,2026-05-20,2026-05-20,1m,INFY.NS,True,1193.7,-0.1192,0.015,0.1342,0.1192,True,True,,,1m,https://www.youtube.com/watch?v=5TBAcCS7oUw,there is no hope for IT sector to revive anytime soon. I think both TCS and Infosys are down more than 40% from their respective all-time high.
pr-sundar,HDFCBANK,india,buy,up,low,2026-04-20,2026-04-20,1m,HDFCBANK.NS,True,795.45,-0.0452,-0.029,-0.0162,-0.0452,False,True,,,1m,https://www.youtube.com/watch?v=6MNW5e0R4mI,HDFC Bank... it's going to be a good short covering.
pr-sundar,INFY,india,sell,down,med,2026-05-20,2026-05-20,1m,INFY.NS,True,1193.7,-0.1192,0.015,0.1342,0.1192,True,True,,,1m,https://www.youtube.com/watch?v=9xH3Al6dIE8,"Infosys is likely to fall 3 to 4%. You know, uh but still the gift nifty indicating 40-50 point higher opening. So, that means you know, other stocks will have to rise to compensate the loss of Infosys."
pr-sundar,TCS,india,buy,up,low,2026-06-11,2026-06-11,3m,TCS.NS,True,2135.6001,-0.005,0.0368,-0.0417,-0.005,False,True,,,3m,https://www.youtube.com/watch?v=9ro30UOxkyI,"I bought TCS when it came to around 3,000 rupees... I will wait for, you know, confirmation that this Iran problem is over. So, then only I will be planning to buy an average."
pr-sundar,TCS,india,sell,down,med,2026-04-20,2026-04-20,6m,TCS.NS,True,2579.6001,-0.1762,-0.0144,0.1618,0.1762,True,True,,,,https://www.youtube.com/watch?v=Abex9bkQIpw,Today TCS ended in negative. So TCS is looking even more bearish.
pr-sundar,HDFCBANK,india,sell,down,high,2026-03-20,2026-03-20,6m,HDFCBANK.NS,True,780.45,-0.0008,0.0389,0.0397,0.0008,True,True,,,,https://www.youtube.com/watch?v=CadS-gtXihU,"HDFC Bank ADR is down 7 and 1/2%. A stock that's the number one stock in India. If that is down by 7 and 1/2%, you know, uh Nifty can Bank Nifty can fall uh nearly 2,000 point just because of HDFC Bank."
pr-sundar,INFY,india,sell,down,med,2026-03-20,2026-03-20,6m,INFY.NS,True,1255.9,-0.1628,0.0389,0.2017,0.1628,True,True,,,,https://www.youtube.com/watch?v=CadS-gtXihU,Infosys ADR is down by more than 2%. So it's going to be panic. So I do not know what the domestic institutions are planning.
pr-sundar,INFY,india,sell,down,med,2026-06-19,,,,,,,,,,,False,no exit price in any horizon,,1m,https://www.youtube.com/watch?v=TzbkGhg4plo,Infosys has already fallen about 2 and a half% yesterday. So in US it has fallen about 9.5%... it has potential to fall another 7% here.
pr-sundar,M&M,india,buy,up,med,2026-06-10,2026-06-10,6m,M&M.NS,True,2952.5,0.0414,0.0344,0.007,0.0414,True,True,,,,https://www.youtube.com/watch?v=WftFVSNooAM,the stocks...companies that have a large presence in electric vehicles are likely to benefit. So I would say Mahindra and Mahindra and Tata Motors...So these two stocks will be uh interesting to watch
pr-sundar,TATAMOTORS,india,buy,up,med,2026-06-10,,,,,,,,,,,False,no price data,,,https://www.youtube.com/watch?v=WftFVSNooAM,the stocks...companies that have a large presence in electric vehicles are likely to benefit. So I would say Mahindra and Mahindra and Tata Motors...So these two stocks will be uh interesting to watch
pr-sundar,NIFTYIT,india,buy,up,med,2026-04-20,,,,,,,,,,,False,no price data,,1m,https://www.youtube.com/watch?v=YOa7ktEr09E,"after a long, long time, the IT index has performed very well yesterday. So, that is a sector to watch because that is a sector which is extremely oversold."
pr-sundar,NIFTYREALTY,india,buy,up,low,2026-04-20,,,,,,,,,,,False,no price data,,1m,https://www.youtube.com/watch?v=YOa7ktEr09E,"another sector to watch is the real estate index. That is also extremely oversold. And so, that index also did very well."
pr-sundar,NIFTY,india,buy,up,med,2026-04-20,,,,,,,,,,,False,no price data,25000,1m,https://www.youtube.com/watch?v=YOa7ktEr09E,"I'm still holding those uh buy options actually. So in this rally I'm expecting Nifty to test 25,000 at least by the end of May."
pr-sundar,HDFCBANK,india,hold-avoid,down,high,2026-06-06,2026-06-08,6m,HDFCBANK.NS,True,726.632,0.0732,0.0385,-0.0347,-0.0732,False,True,,,,https://www.youtube.com/watch?v=_nl9f41kZps,"things are going very, very bad. So, this is a story of number one bank... The entire HDFC group, you know, their time is very, very bad... that stock has no future growth. So, he should know much better than anybody else."
pr-sundar,NIFTYIT,india,hold-avoid,down,med,2026-05-20,,,,,,,,,,,False,no price data,,,https://www.youtube.com/watch?v=bCW_iGYVvGM,even people ask me sir is the right time to buy IT stocks? I do not know. I still feel that you know we might be catching the falling knife. So I'm not bullish about this IT stocks even for the longer term.
pr-sundar,NIFTY,india,buy,up,med,2026-05-20,,,,,,,,,,,False,no price data,25000,1m,https://www.youtube.com/watch?v=bCW_iGYVvGM,"we are still hoping that at least by the end of May, we might go back to 24,800 to 25,000. So, that is the broader expectation for the month of May."
pr-sundar,NIFTYIT,india,hold-avoid,down,med,2026-05-20,,,,,,,,,,,False,no price data,,,https://www.youtube.com/watch?v=bMumcjPq6z8,I still feel that you know we might be catching the falling knife. So I'm not bullish about this IT stocks even for the longer term. So let us see what's going to happen.
pr-sundar,NIFTY,india,buy,up,med,2026-05-20,,,,,,,,,,,False,no price data,26300,1y,https://www.youtube.com/watch?v=bMumcjPq6z8,"We can expect the Nifty to go to 26,300 uh at least by the end of this year. Uh I think we should be happy even if Nifty goes to 26,300 by the end of this year."
pr-sundar,RELIANCE,india,buy,up,med,2026-06-16,2026-06-16,1m,RELIANCE.NS,True,1328.8,-0.0145,0.001,-0.0155,-0.0145,False,True,,,1m,https://www.youtube.com/watch?v=ciQs-xAngY0,Reliance Industries also because the crude oil prices shot up beyond the limit. So Reliance Industries has closed its petrol banks. Now the crude oil prices are crashing. So they can hopefully restart.
pr-sundar,NIFTYAUTO,india,buy,up,med,2026-06-16,,,,,,,,,,,False,no price data,,1m,https://www.youtube.com/watch?v=ciQs-xAngY0,number one oil marketing companies and number two uh paint industries and number three auto industries. So these are the companies that are uh that will be beneficial uh for this fall in the crude oil prices.
pr-sundar,NIFTYBANK,india,buy,up,med,2026-06-16,,,,,,,,,,,False,no price data,,1m,https://www.youtube.com/watch?v=ciQs-xAngY0,"lower crude prices, lower inflation is actually good for all the rate sensitive stocks and particularly uh banking stocks. So today we need to see how banking stocks will be reacting."
pr-sundar,NIFTY,india,buy,up,med,2026-04-20,,,,,,,,,,,False,no price data,25000,6m,https://www.youtube.com/watch?v=cnQuITbhnNU,"my view stands, you know, like at least uh the 25,000 uh may be achieved. maybe in another, you know, uh 6 to 8 weeks time. So, possibly."
pr-sundar,BANKNIFTY,india,buy,up,med,2026-06-17,,,,,,,,,,,False,no price data,58000,1m,https://www.youtube.com/watch?v=czwnT3E3cGs,"at least I'm expecting Bank Nifty to touch 58,000 before the end of this month expiry. But that's hardly 1 1 and 1/2 percent higher from here."
pr-sundar,NIFTYAUTO,india,buy,up,med,2026-06-17,,,,,,,,,,,False,no price data,,1m,https://www.youtube.com/watch?v=czwnT3E3cGs,"look for oil related stocks, like paint industries, oil marketing companies, auto industries, airline industries. So, all these, you know, may continue to do well going forward."
pr-sundar,NIFTY,india,buy,up,med,2026-05-30,,,,,,,,,,,False,no price data,25000,1m,https://www.youtube.com/watch?v=dcuk9IeMxlw,"for the month of January, you know, we can have a target of about 25,000. And that target seems to be uh reasonable, achievable."
pr-sundar,ASIANPAINT,india,buy,up,med,2026-04-20,2026-04-20,1m,ASIANPAINT.NS,True,2516.8,0.0325,-0.029,0.0615,0.0325,True,True,,,1m,https://www.youtube.com/watch?v=mKQrM1Xd7uE,"all those stocks that are related to crude oil, like paint companies like Asian Paint, Berger Paints, oil marketing companies like HPCL, IOC, Hindustan Petroleum, and Reliance Industries, so these are the stocks that are likely to do very well today."
pr-sundar,BERGERPAINT,india,buy,up,med,2026-04-20,,,,,,,,,,,False,no price data,,1m,https://www.youtube.com/watch?v=mKQrM1Xd7uE,"all those stocks that are related to crude oil, like paint companies like Asian Paint, Berger Paints, oil marketing companies like HPCL, IOC, Hindustan Petroleum, and Reliance Industries, so these are the stocks that are likely to do very well today."
pr-sundar,HPCL,india,buy,up,med,2026-04-20,,,,,,,,,,,False,no price data,,1m,https://www.youtube.com/watch?v=mKQrM1Xd7uE,"all those stocks that are related to crude oil, like paint companies like Asian Paint, Berger Paints, oil marketing companies like HPCL, IOC, Hindustan Petroleum, and Reliance Industries, so these are the stocks that are likely to do very well today."
pr-sundar,IOC,india,buy,up,med,2026-04-20,2026-04-20,1m,IOC.NS,False,146.87,-0.0601,-0.029,-0.0312,-0.0601,False,True,,,1m,https://www.youtube.com/watch?v=mKQrM1Xd7uE,"all those stocks that are related to crude oil, like paint companies like Asian Paint, Berger Paints, oil marketing companies like HPCL, IOC, Hindustan Petroleum, and Reliance Industries, so these are the stocks that are likely to do very well today."
pr-sundar,HINDPETRO,india,buy,up,med,2026-04-20,2026-04-20,1m,HINDPETRO.NS,False,379.5,0.0086,-0.029,0.0375,0.0086,True,True,,,1m,https://www.youtube.com/watch?v=mKQrM1Xd7uE,"all those stocks that are related to crude oil, like paint companies like Asian Paint, Berger Paints, oil marketing companies like HPCL, IOC, Hindustan Petroleum, and Reliance Industries, so these are the stocks that are likely to do very well today."
pr-sundar,RELIANCE,india,buy,up,med,2026-04-20,2026-04-20,1m,RELIANCE.NS,True,1357.0258,-0.0026,-0.029,0.0263,-0.0026,True,True,,,1m,https://www.youtube.com/watch?v=mKQrM1Xd7uE,"all those stocks that are related to crude oil, like paint companies like Asian Paint, Berger Paints, oil marketing companies like HPCL, IOC, Hindustan Petroleum, and Reliance Industries, so these are the stocks that are likely to do very well today."
pr-sundar,RELIANCE,india,buy,up,med,2026-06-11,2026-06-11,6m,RELIANCE.NS,True,1263.0,0.0368,0.0368,0.0001,0.0368,True,True,,1200,,https://www.youtube.com/watch?v=pxMG04BObqk,"one can consider selling 1,200 put option in Reliance Industries. Uh you know, if it comes below that, you must be able to take delivery. So, remember this is not a trading recommendation... its all-time high is 1,612 and now coming to 1,200 means that's a 33% fall."
pr-sundar,RELIANCE,india,buy,up,med,2026-06-18,2026-06-18,3m,RELIANCE.NS,True,1328.1,-0.014,-0.0064,-0.0076,-0.014,False,True,,,3m,https://www.youtube.com/watch?v=uFH_nkDWGys,"things are looking really good. And let us hope that... keep watching for important stocks like ICICI Bank, HDFC Bank, and then Reliance Industries, TCS, Infosys. So these stocks, the things are looking really good."
pr-sundar,HDFCBANK,india,buy,up,med,2026-06-18,2026-06-18,3m,HDFCBANK.NS,True,786.0,-0.0079,-0.0064,-0.0015,-0.0079,False,True,,,3m,https://www.youtube.com/watch?v=uFH_nkDWGys,"keep watching for important stocks like ICICI Bank, HDFC Bank, and then Reliance Industries, TCS, Infosys. So these stocks, the things are looking really good."
pr-sundar,ICICIBANK,india,buy,up,med,2026-06-18,2026-06-18,3m,ICICIBANK.NS,True,1342.3,0.0031,-0.0064,0.0095,0.0031,True,True,,,3m,https://www.youtube.com/watch?v=uFH_nkDWGys,"keep watching for important stocks like ICICI Bank, HDFC Bank, and then Reliance Industries, TCS, Infosys. So these stocks, the things are looking really good."
pr-sundar,TCS,india,buy,up,med,2026-06-18,2026-06-18,3m,TCS.NS,True,2203.3,-0.0355,-0.0064,-0.0291,-0.0355,False,True,,,3m,https://www.youtube.com/watch?v=uFH_nkDWGys,"keep watching for important stocks like ICICI Bank, HDFC Bank, and then Reliance Industries, TCS, Infosys. So these stocks, the things are looking really good."
pr-sundar,INFY,india,buy,up,med,2026-06-18,2026-06-18,3m,INFY.NS,True,1127.5,-0.0675,-0.0064,-0.0611,-0.0675,False,True,,,3m,https://www.youtube.com/watch?v=uFH_nkDWGys,"keep watching for important stocks like ICICI Bank, HDFC Bank, and then Reliance Industries, TCS, Infosys. So these stocks, the things are looking really good."
pr-sundar,BSE,india,buy,up,med,2026-05-20,2026-05-20,3m,BSE.NS,False,4218.6001,-0.047,0.015,-0.062,-0.047,False,True,,,3m,https://www.youtube.com/watch?v=upE1vgxmC5E,"if BSE is coming to Nifty 50, we'll see more action, so more money will be flowing into that. And then that will directly benefit NSE also because NSE is planning with its IPO."
pr-sundar,NIFTYBEES,india,buy,up,med,2026-03-20,2026-03-20,6m,NIFTYBEES.NS,False,262.07,0.0415,0.0389,0.0026,0.0415,True,True,,,,https://www.youtube.com/watch?v=wWib1qfKS7A,"if you want to buy Nifty bees you can go and buy. Then at the same time buy 25,000 put option expiring in December series. So that will make you downside protection for you very much."
pr-sundar,ADANIENT,india,buy,up,med,2026-05-20,2026-05-20,1m,ADANIENT.NS,True,2704.8,0.1233,0.015,0.1084,0.1233,True,True,,,1m,https://www.youtube.com/watch?v=zf3UsD5N1po,"Gautam Adani seems to have agreed to settle the case with SEC by paying about 18 million dollars as the settlement fee. And so, those stocks, Adani stocks may be coming under focus today... surely today Adani stocks will be higher."
shankar-nath,FREDUN,india,buy,up,high,2025-11-20,2025-11-20,1y,FREDUN.BO,False,1945.2,0.3468,-0.0832,0.4299,0.3468,True,True,,,1y,https://www.youtube.com/watch?v=4-YHJ_6pm7s,management projected a doubling of revenues and PAT over the next 3 to 4 years...52% increase in PAT every year...should augur well as far as the stock price is concerned. So definitely something to watch out for
shankar-nath,INDIGO,india,hold-avoid,down,med,2026-06-12,2026-06-12,6m,INDIGO.NS,True,4709.7002,0.0662,0.0165,-0.0497,-0.0662,False,True,,,,https://www.youtube.com/watch?v=6uxKrEVoVgU,"sectors like aviation, Indigo specifically, then paints, tires, fertilizers, these industries tend to do badly and it's better to stay away from these until the certainty and the after effects of the crisis are over."
shankar-nath,INOXINDIA,india,buy,up,high,2026-01-20,2026-01-20,1y,INOXINDIA.NS,False,1095.2828,0.751,-0.0483,0.7993,0.751,True,True,,,1y,https://www.youtube.com/watch?v=8gHRu2MQ8eQ,"I can clearly see where that 18 to 20% confidence actually comes from. I'll be very disappointed if they don't cross the 400 crore mark in Q4 of FY2026...if any of the new applications click, it can lead to a lot more revenues."
shankar-nath,HARIOMPIPE,india,hold-avoid,down,med,2026-04-20,2026-04-20,6m,HARIOMPIPE.NS,False,312.2,0.3299,-0.0144,-0.3444,-0.3299,False,True,,,,https://www.youtube.com/watch?v=7dyDJWAzdhQ,"there's no way they're going to go anywhere close to 4 lakh tons. They'll probably finish at 2.7, 2.8 lakh tons. The revenue, the sales is a function of both these things...in this case, both these things are down as compared to what their guidance was."
shankar-nath,GRAVITA,india,buy,up,med,2026-04-20,2026-04-20,1y,GRAVITA.NS,False,1648.4,0.0444,-0.0144,0.0588,0.0444,True,True,,,1y,https://www.youtube.com/watch?v=7dyDJWAzdhQ,I do hold some shares in this company...the company does consistently and with a lot of discipline give guidance on the basis of volume...targeting to achieve a 25% CAGR in volume...the revenue growth of around 15% has actually come from an increase in volume.
shankar-nath,CRAFTSMAN,india,hold-avoid,neutral,med,2025-09-20,2025-09-22,1y,CRAFTSMAN.NS,False,6776.5,0.4471,-0.0472,-0.4943,-0.4471,False,True,,,1y,https://www.youtube.com/watch?v=bd_e_1b_qYs,a forward P ratio of 52.2 which I think is fairly expensive uh an entry point of 52 is uh on the higher side
shankar-nath,ASIANPAINT,india,buy,up,med,2024-06-20,2024-06-20,6m,ASIANPAINT.NS,True,2879.4099,-0.2126,0.0163,-0.2289,-0.2126,False,True,,,,https://www.youtube.com/watch?v=eUTFMkfbNjE,Asian pains is interesting because the stock was in an overboard Zone in the last week of July and more recently just a week back it was at an RSI of 21 which is an oversold zone so a buying signal
shankar-nath,HDFCBANK,india,buy,up,low,2024-06-20,2024-06-20,6m,HDFCBANK.NS,True,823.5432,0.0744,0.0163,0.058,0.0744,True,True,,,,https://www.youtube.com/watch?v=eUTFMkfbNjE,this gives us a 14-day RSI of 36.5 as of 31st of October now this exercise can be done for every trading day... 36.5 means that the stock is inching very close to the oversold Zone making it a buying opportunity
shankar-nath,NAVA,india,buy,up,med,2025-06-20,2025-06-20,6m,NAVA.NS,False,557.9025,0.0354,0.034,0.0014,0.0354,True,True,,,6m,https://www.youtube.com/watch?v=g6xanpDdVNI,"by the end of this video, we should have built an updated & promising 'trending value' portfolio for ourselves... From the top, there is — Nava Limited – which is into ferro alloys"
shankar-nath,NANDANNEL,india,buy,up,med,2025-06-20,,,,,,,,,,,False,no price data,,6m,https://www.youtube.com/watch?v=g6xanpDdVNI,"by the end of this video, we should have built an updated & promising 'trending value' portfolio for ourselves... Nandan Denim – I've never heard of this company"
shankar-nath,VEDL,india,buy,up,med,2025-06-20,2025-06-20,6m,VEDL.NS,False,417.5306,0.3701,0.034,0.3361,0.3701,True,True,,,6m,https://www.youtube.com/watch?v=g6xanpDdVNI,"by the end of this video, we should have built an updated & promising 'trending value' portfolio for ourselves... Vedanta – everyone knows Vedanta"
shankar-nath,RANEHOLDIN,india,buy,up,med,2025-06-20,2025-06-20,6m,RANEHOLDIN.NS,False,1488.882,-0.1385,0.034,-0.1725,-0.1385,False,True,,,6m,https://www.youtube.com/watch?v=g6xanpDdVNI,"by the end of this video, we should have built an updated & promising 'trending value' portfolio for ourselves... Rane Holdings – which is into auto parts"
shankar-nath,PUDUMJEE,india,buy,up,med,2025-06-20,,,,,,,,,,,False,no price data,,6m,https://www.youtube.com/watch?v=g6xanpDdVNI,"by the end of this video, we should have built an updated & promising 'trending value' portfolio for ourselves... Pudumjee Paper Products"
shankar-nath,RATTANINDIA,india,buy,up,med,2025-06-20,,,,,,,,,,,False,no price data,,6m,https://www.youtube.com/watch?v=g6xanpDdVNI,"by the end of this video, we should have built an updated & promising 'trending value' portfolio for ourselves... RattanIndia Power Limited etc."
shankar-nath,SAMHI,india,buy,up,low,2025-06-20,2025-06-20,6m,SAMHI.NS,False,216.03,-0.1803,0.034,-0.2143,-0.1803,False,True,,,,https://www.youtube.com/watch?v=g6xanpDdVNI,my weekly investing newsletter features some exciting and potentially profitable investing stories including – SAMHI Hotels' remarkable turnaround post their IPO
shankar-nath,BLS,india,buy,up,low,2025-06-20,2025-06-20,6m,BLS.NS,False,354.9236,-0.09,0.034,-0.124,-0.09,False,True,,,,https://www.youtube.com/watch?v=g6xanpDdVNI,BLS International's revenue surge following their acquisition in Turkey
shankar-nath,ZAGGLE,india,buy,up,low,2025-06-20,2025-06-20,6m,ZAGGLE.NS,False,402.6,-0.1196,0.034,-0.1536,-0.1196,False,True,,,,https://www.youtube.com/watch?v=g6xanpDdVNI,Zaggle's impressive growth and international ambitions
shankar-nath,SKYGOLD,india,buy,up,low,2025-06-20,2025-06-20,6m,SKYGOLD.NS,False,318.05,0.0035,0.034,-0.0305,0.0035,False,True,,,,https://www.youtube.com/watch?v=g6xanpDdVNI,Sky Gold's continued rise – fueled by lower gold prices and increasing consumer demand
shankar-nath,RAYMONDLSL,india,buy,up,low,2025-06-20,2025-06-20,6m,RAYMONDLSL.NS,False,1038.4,0.0227,0.034,-0.0113,0.0227,False,True,,,,https://www.youtube.com/watch?v=g6xanpDdVNI,Raymond Lifestyle and how its recent demerger has created a potential mispricing opportunity for contrarian investors
shankar-nath,JUSTDIAL,india,hold-avoid,neutral,med,2025-11-20,2025-11-20,6m,JUSTDIAL.NS,False,764.95,-0.319,-0.0969,0.2221,0.319,True,True,,,,https://www.youtube.com/watch?v=jWB0N_m2DF4,it's better for any existing investor or any person who wants to get into it to wait for a catalyst to happen. there is a lot of uncertainty on what's going to happen and it's better to wait and watch actually in this particular case
shankar-nath,ADANIGREEN,india,buy,up,med,2024-06-20,2024-06-20,1y,ADANIGREEN.NS,False,1806.4,-0.4754,0.0656,-0.5409,-0.4754,False,True,,,1y,https://www.youtube.com/watch?v=o0xjYem2aJ0,"the stocks associated with this mega trend had a stellar 2023 with most of these stocks delivering 100% or more in profits... honestly, there is little evidence to suggest that this rally will not continue for a few more years, if not decades"
shankar-nath,IREDA,india,buy,up,med,2024-06-20,2024-06-20,1y,IREDA.NS,False,176.5539,-0.07,0.0656,-0.1356,-0.07,False,True,,,1y,https://www.youtube.com/watch?v=o0xjYem2aJ0,"the stocks associated with this mega trend had a stellar 2023 with most of these stocks delivering 100% or more in profits... honestly, there is little evidence to suggest that this rally will not continue for a few more years, if not decades"
shankar-nath,INOXWIND,india,buy,up,med,2024-06-20,2024-06-20,1y,INOXWIND.NS,False,140.89,0.2112,0.0656,0.1457,0.2112,True,True,,,1y,https://www.youtube.com/watch?v=o0xjYem2aJ0,"the stocks associated with this mega trend had a stellar 2023 with most of these stocks delivering 100% or more in profits... honestly, there is little evidence to suggest that this rally will not continue for a few more years, if not decades"
shankar-nath,NHPC,india,buy,up,med,2024-06-20,2024-06-20,1y,NHPC.NS,False,95.5788,-0.1592,0.0656,-0.2248,-0.1592,False,True,,,1y,https://www.youtube.com/watch?v=o0xjYem2aJ0,"the stocks associated with this mega trend had a stellar 2023 with most of these stocks delivering 100% or more in profits... honestly, there is little evidence to suggest that this rally will not continue for a few more years, if not decades"
shankar-nath,SJVN,india,buy,up,med,2024-06-20,2024-06-20,1y,SJVN.NS,False,127.6057,-0.2542,0.0656,-0.3197,-0.2542,False,True,,,1y,https://www.youtube.com/watch?v=o0xjYem2aJ0,"the stocks associated with this mega trend had a stellar 2023 with most of these stocks delivering 100% or more in profits... honestly, there is little evidence to suggest that this rally will not continue for a few more years, if not decades"
shankar-nath,WAAREEENER,india,buy,up,med,2024-06-20,2024-10-28,1y,WAAREEENER.NS,False,2337.5886,0.278,0.0318,0.2462,0.278,True,True,,,1y,https://www.youtube.com/watch?v=o0xjYem2aJ0,"the stocks associated with this mega trend had a stellar 2023 with most of these stocks delivering 100% or more in profits... honestly, there is little evidence to suggest that this rally will not continue for a few more years, if not decades"
shankar-nath,PNCINFRA,india,buy,up,low,2024-06-20,2024-06-20,1y,PNCINFRA.NS,False,462.8018,-0.3662,0.0656,-0.4318,-0.3662,False,True,,,1y,https://www.youtube.com/watch?v=o0xjYem2aJ0,"I certainly want to focus my research on... construction and infrastructure development companies like PNC Infratech, KNR Constructions, Ashoka Buildcon, etc. I look at companies in the electrical consumer durable space like Havells, Crompton, Dixon, Blue Star with much interest"
shankar-nath,KNRCON,india,buy,up,low,2024-06-20,2024-06-20,1y,KNRCON.NS,False,358.8315,-0.4118,0.0656,-0.4774,-0.4118,False,True,,,1y,https://www.youtube.com/watch?v=o0xjYem2aJ0,"I certainly want to focus my research on... construction and infrastructure development companies like PNC Infratech, KNR Constructions, Ashoka Buildcon"
shankar-nath,ASHOKA,india,buy,up,low,2024-06-20,2024-06-20,1y,ASHOKA.NS,False,243.82,-0.1727,0.0656,-0.2382,-0.1727,False,True,,,1y,https://www.youtube.com/watch?v=o0xjYem2aJ0,"I certainly want to focus my research on... construction and infrastructure development companies like PNC Infratech, KNR Constructions, Ashoka Buildcon"
shankar-nath,HAVELLS,india,buy,up,low,2024-06-20,2024-06-20,1y,HAVELLS.NS,False,1801.2302,-0.1512,0.0656,-0.2168,-0.1512,False,True,,,1y,https://www.youtube.com/watch?v=o0xjYem2aJ0,"I look at companies in the electrical consumer durable space like Havells, Crompton, Dixon, Blue Star, etc., with much interest, as the demand for fans, lights, air conditioning, refrigeration, geysers continues to move up"
shankar-nath,CROMPTON,india,buy,up,low,2024-06-20,2024-06-20,1y,CROMPTON.NS,False,422.0842,-0.1908,0.0656,-0.2564,-0.1908,False,True,,,1y,https://www.youtube.com/watch?v=o0xjYem2aJ0,"I look at companies in the electrical consumer durable space like Havells, Crompton, Dixon, Blue Star, etc., with much interest, as the demand for fans, lights, air conditioning, refrigeration, geysers continues to move up"
shankar-nath,DIXON,india,buy,up,low,2024-06-20,2024-06-20,1y,DIXON.NS,False,11476.1885,0.2235,0.0656,0.1579,0.2235,True,True,,,1y,https://www.youtube.com/watch?v=o0xjYem2aJ0,"I look at companies in the electrical consumer durable space like Havells, Crompton, Dixon, Blue Star, etc., with much interest, as the demand for fans, lights, air conditioning, refrigeration, geysers continues to move up"
shankar-nath,BLUESTARCO,india,buy,up,low,2024-06-20,2024-06-20,1y,BLUESTARCO.NS,False,1653.5692,-0.031,0.0656,-0.0966,-0.031,False,True,,,1y,https://www.youtube.com/watch?v=o0xjYem2aJ0,"I look at companies in the electrical consumer durable space like Havells, Crompton, Dixon, Blue Star, etc., with much interest, as the demand for fans, lights, air conditioning, refrigeration, geysers continues to move up"
shankar-nath,DIXON,india,buy,up,med,2026-01-20,2026-01-20,1y,DIXON.NS,False,10682.0,0.1718,-0.0483,0.2201,0.1718,True,True,,,1y,https://www.youtube.com/watch?v=p4Uf3OrKcdg,Dixon Tech and many other companies have become a lot more savory at least from a valuation perspective. The price of the stock is down by 35%... look for bottom-up ideas in sectors which were hot earlier but now gone out of favor.
shankar-nath,PGEL,india,buy,up,low,2026-01-20,2026-01-20,1y,PGEL.NS,False,551.4,0.0165,-0.0483,0.0648,0.0165,True,True,,,1y,https://www.youtube.com/watch?v=p4Uf3OrKcdg,"The price of the stock is down by 35%, and so is the case for other players like PG Electroplast, Amber Enterprises, and others. Look for bottom-up ideas in sectors which were hot earlier but now gone out of favor."
shankar-nath,AMBER,india,buy,up,low,2026-01-20,2026-01-20,1y,AMBER.NS,False,6033.0,0.3076,-0.0483,0.356,0.3076,True,True,,,1y,https://www.youtube.com/watch?v=p4Uf3OrKcdg,"The price of the stock is down by 35%, and so is the case for other players like PG Electroplast, Amber Enterprises, and others. Look for bottom-up ideas in sectors which were hot earlier but now gone out of favor."
shankar-nath,ORIONPRO,india,buy,up,med,2026-01-20,,,,,,,,,,,False,no price data,,1y,https://www.youtube.com/watch?v=p4Uf3OrKcdg,"I recently did this video on Orion Pro, and assuming it continues to grow its EPS by 25%, the company's PEG ratio is presently at around one, which was around two at the same time last year."
shankar-nath,GARWALLRES,india,buy,up,med,2025-06-20,,,,,,,,,,,False,no price data,,1y,https://www.youtube.com/watch?v=qj5XkVoOGn4,how and why garvar Hightech films is likely to double its EPS over the next years the good news is that the recent stock market Fall has improved valuations in most of these counters
shankar-nath,SKYGOLD,india,buy,up,med,2025-06-20,2025-06-20,1y,SKYGOLD.NS,False,318.05,0.6016,-0.0438,0.6454,0.6016,True,True,,,1y,https://www.youtube.com/watch?v=qj5XkVoOGn4,Sky Go's continued rise fueled by lower gold prices and increasing consumer demand... the recent stock market Fall has improved valuations in most of these counters so if you haven't subscribed to my newsletter then kindly do so now.
shankar-nath,ZAGGLE,india,buy,up,low,2025-06-20,2025-06-20,1y,ZAGGLE.NS,False,402.6,-0.4705,-0.0438,-0.4267,-0.4705,False,True,,,1y,https://www.youtube.com/watch?v=qj5XkVoOGn4,zaggle prepa's impressive growth and international Ambitions... the recent stock market Fall has improved valuations in most of these counters so if you haven't subscribed to my newsletter then kindly do so now.
shankar-nath,RAYMOND,india,buy,up,med,2025-06-20,2025-06-20,1y,RAYMOND.NS,False,587.5,-0.0018,-0.0438,0.042,-0.0018,True,True,,,1y,https://www.youtube.com/watch?v=qj5XkVoOGn4,the story on Raymond lifestyle and how its recent Dem merger has created a potential mispricing opportunity... the recent stock market Fall has improved valuations in most of these counters.
shankar-nath,OYO,india,buy,up,med,2025-06-20,,,,,,,,,,,False,no price data,,1y,https://www.youtube.com/watch?v=yIDamSAguy4,"If you're keen on catching the bus earlier, then do log on to Ind Creed Money and do buy your OYO shares from there. You can start from as low as 250 shares."
shankar-nath,PIIND,india,buy,up,med,2025-06-20,2025-06-20,3m,PIIND.NS,False,4104.666,-0.0925,0.0085,-0.101,-0.0925,False,True,,,3m,https://www.youtube.com/watch?v=xlqnrJ9UsPU,50% of the company's inquiries and over 1/3 of its new products are currently in the non-agro space...the company is also building an integrated CRMO business...new initiative is likely to give much better margins than the agro business.
shankar-nath,ZOMATO,india,buy,up,med,2024-06-20,,,,,,,,,,,False,no price data,,,https://www.youtube.com/watch?v=z5lYy9D6M6c,I think the fact that this industry is a duopoly actually works to advantage and I think over time there is not going to be any real price competition between zato and swiggy...it's very difficult to see why these two companies will not dominate this industry in the coming future.
shankar-nath,HONASA,india,hold-avoid,down,med,2024-06-20,2024-06-20,6m,HONASA.NS,False,426.3,-0.3955,0.0163,0.4118,0.3955,True,True,,,,https://www.youtube.com/watch?v=z5lYy9D6M6c,"at 10,400 the IPO has valued the company at 104 times its estimated annualized earnings...yes even I feel these are rich valuations when compared to the larger fmcg peers and especially for a young startup that has only recently turned profitable."
shankar-nath,NIFTYNEXT50,india,buy,up,med,2026-02-20,,,,,,,,,,,False,no price data,,1y,https://www.youtube.com/watch?v=C4vk6rZD2QA,A forward P ratio of 16.9 is a definite cushion... if and when that mean reversion actually happens then there is a lot of potential appreciation. This seems like a bargain or there seems to be a margin of safety here with a favorable reward risk equation.
shankar-nath,TATATECH,india,buy,up,med,2024-06-20,2024-06-20,1y,TATATECH.NS,False,994.6617,-0.2896,0.0656,-0.3551,-0.2896,False,True,,,1y,https://www.youtube.com/watch?v=F7x0wyqMmrE,With kpit currently at a PE of 91 it's a case of either this company being too expensive or tatch being too cheap... tatch's current offer is an absolutely delicious proposition. Tatch is one company I expect many investors and analysts to keep an eye on.
shankar-nath,DEEPINDS,india,buy,up,med,2025-06-20,2025-06-20,1y,DEEPINDS.NS,False,426.3921,0.1423,-0.0438,0.186,0.1423,True,True,,,1y,https://www.youtube.com/watch?v=Lacp4EoQFQQ,"I can disclose that yes, I have a few shares of Deep Industries with me... the barge will start generating revenue from quarter 1 of FY26... 94 crores a year... EBITDA effectively is like a 100% jump from where it was in FY24."
shankar-nath,RRPSEML,india,hold-avoid,down,high,2026-05-20,,,,,,,,,,,False,no price data,,,https://www.youtube.com/watch?v=LWxLmMmAgg8,"I for one would avoid investing in companies such as this... SEBI had published an interim order against 39 of their KMPs, allegation was manipulation in the stock price of the company."
shankar-nath,HIMADRISPEC,india,buy,up,med,2026-05-20,,,,,,,,,,,False,no price data,,3m,https://www.youtube.com/watch?v=NZplX-ZHvRI,"I do hold some shares in these companies... I won't be surprised if the next two, three quarters turn out to be very decent quarters... Himadri becomes like a gatekeeper for any EV company wanting to benefit from Indian government subsidies."
shankar-nath,VISHNU,india,buy,up,med,2026-05-20,2026-05-20,6m,VISHNU.NS,False,599.6,0.0023,0.015,-0.0126,0.0023,False,True,,,,https://www.youtube.com/watch?v=NZplX-ZHvRI,I do hold some shares in these companies... this competitive advantage helps companies like Vishnu Chemicals steadily grow their revenue on an year-on-year basis with not too many surprises.
shankar-nath,AARTIIND,india,buy,up,low,2026-05-20,2026-05-20,3m,AARTIIND.NS,False,463.35,0.0456,0.015,0.0307,0.0456,True,True,,,3m,https://www.youtube.com/watch?v=NZplX-ZHvRI,things are looking good here for Aarti Industries... MK sees them benefiting from the anti-involution plan the Chinese have implemented. This has led to a 10% increase in the price of PNCB... Aarti gaining market share in meta phenyl diamine and other products from Chinese producers.
shankar-nath,VISHCHEML,india,buy,up,med,2025-12-20,,,,,,,,,,,False,no price data,,1y,https://www.youtube.com/watch?v=QGFFYEs5NXo,"I do have a tracking position in this company... I am looking at this company for a long-term perspective and if the price comes down even further, then obviously, you know, it kind of ticks a lot of things as far as I'm concerned."
shankar-nath,SILVERIETF,india,buy,up,med,2025-06-20,2025-06-20,6m,SILVERIETF.NS,False,107.4,0.8723,0.034,0.8383,0.8723,True,True,,,6m,https://www.youtube.com/watch?v=QS2Hf5mT-OE,I'm certainly hopeful and expecting a bit more dun to be generated from Silver over the next few months... I for one have been advocating having 5 to 10% of your wealth in Commodities like gold and silver.
shankar-nath,BLS,india,buy,up,med,2025-06-20,2025-06-20,3m,BLS.NS,False,354.9236,0.022,0.0085,0.0135,0.022,True,True,,,3m,https://www.youtube.com/watch?v=Qj_qcLBgaVw,"the recent stock market Fall has improved valuations in many of these counters... the stock market slightly jittery, it does open up a few interesting opportunities. So, read up on that."
shankar-nath,ZAGGLE,india,buy,up,med,2025-06-20,2025-06-20,3m,ZAGGLE.NS,False,402.6,-0.121,0.0085,-0.1295,-0.121,False,True,,,3m,https://www.youtube.com/watch?v=Qj_qcLBgaVw,"ZAGG, which was expecting a 45 to 50% growth in revenue... the stock market slightly jittery, it does open up a few interesting opportunities. So, read up on that."
shankar-nath,SKYGOLD,india,buy,up,med,2025-06-20,2025-06-20,3m,SKYGOLD.NS,False,318.05,-0.0788,0.0085,-0.0873,-0.0788,False,True,,,3m,https://www.youtube.com/watch?v=Qj_qcLBgaVw,"Sky Gold due to its capacity increases... most of my fast-growing stock picks have done extremely well... the stock market slightly jittery, it does open up a few interesting opportunities."
shankar-nath,GARFIBRES,india,buy,up,med,2025-06-20,2025-06-20,3m,GARFIBRES.NS,False,842.6846,-0.042,0.0085,-0.0506,-0.042,False,True,,,3m,https://www.youtube.com/watch?v=Qj_qcLBgaVw,"Garware Hi-Tech Films, which is seeing higher demand for its products... most of my fast-growing stock picks have done extremely well... the stock market slightly jittery, it does open up a few interesting opportunities."
shankar-nath,APOLLOHOSP,india,buy,up,high,2026-05-20,2026-05-20,6m,APOLLOHOSP.NS,True,8078.5,0.0509,0.015,0.0359,0.0509,True,True,,,3y,https://www.youtube.com/watch?v=VFNciJig5jw,"The top picks for them are Apollo Hospitals and KIMS... I firmly think one should have a bunch of hospitals in the portfolio. I think I have only one for now, so maybe I should follow this up and add a couple more."
shankar-nath,KIMS,india,buy,up,high,2026-05-20,2026-05-20,6m,KIMS.NS,False,755.8,0.0641,0.015,0.0491,0.0641,True,True,,,3y,https://www.youtube.com/watch?v=VFNciJig5jw,The top picks for them are Apollo Hospitals and KIMS that they've also covered in this report... I firmly think one should have a bunch of hospitals in the portfolio.
shankar-nath,MAXHEALTH,india,buy,up,med,2026-05-20,2026-05-20,6m,MAXHEALTH.NS,True,1075.7,0.0177,0.015,0.0027,0.0177,True,True,,,3y,https://www.youtube.com/watch?v=VFNciJig5jw,"Also Max Healthcare and Fortis, which are still preferred, although the team hasn't covered it in this research."
shankar-nath,FORTIS,india,buy,up,med,2026-05-20,2026-05-20,6m,FORTIS.NS,False,974.6,-0.012,0.015,-0.0269,-0.012,False,True,,,3y,https://www.youtube.com/watch?v=VFNciJig5jw,"Also Max Healthcare and Fortis, which are still preferred, although the team hasn't covered it in this research."
shankar-nath,NIFTYSC250,india,hold-avoid,neutral,med,2024-06-20,,,,,,,,,,,False,no price data,,6m,https://www.youtube.com/watch?v=WxEcaZbsc-c,"Substantial allocation to small caps should be avoided... in case your portfolio already has too much of small cap in it, maybe now's a good time to rebalance it."
shankar-nath,NIFTY50,india,buy,up,med,2024-06-20,,,,,,,,,,,False,no price data,,6m,https://www.youtube.com/watch?v=WxEcaZbsc-c,"The third consideration is to substitute investing in small caps with something that's more relatively undervalued, which in this case are the large caps... The data suggests that there's an opportunity now to accumulate more of large caps via stocks, ETFs, or mutual funds."
shankar-nath,SAMHI,india,buy,up,med,2025-06-20,2025-06-20,3m,SAMHI.NS,False,216.03,-0.0322,0.0085,-0.0408,-0.0322,False,True,,,3m,https://www.youtube.com/watch?v=XPPJH-ubE7M,In the last few weeks I have featured a potential turnaround in the making with Sami hotels and a possible spike in revenue and profits at BLS International over the coming weeks.
shankar-nath,BLS,india,buy,up,med,2025-06-20,2025-06-20,3m,BLS.NS,False,354.9236,0.022,0.0085,0.0135,0.022,True,True,,,3m,https://www.youtube.com/watch?v=XPPJH-ubE7M,In the last few weeks I have featured a potential turnaround in the making with Sami hotels and a possible spike in revenue and profits at BLS International over the coming weeks.
shankar-nath,GENPACT,india,hold-avoid,down,high,2026-03-20,,,,,,,,,,,False,no price data,,,https://www.youtube.com/watch?v=XxMd1z1HCZs,"I really don't know how these companies might survive this onslaught, but from what I can see, it's wise to stay away from BPM businesses, at least from an investing standpoint."
shankar-nath,WNS,india,hold-avoid,down,high,2026-03-20,,,,,,,,,,,False,no price data,,,https://www.youtube.com/watch?v=XxMd1z1HCZs,"I really don't know how these companies might survive this onslaught, but from what I can see, it's wise to stay away from BPM businesses, at least from an investing standpoint."
shankar-nath,EXLSERVICE,india,hold-avoid,down,high,2026-03-20,,,,,,,,,,,False,no price data,,,https://www.youtube.com/watch?v=XxMd1z1HCZs,"I really don't know how these companies might survive this onslaught, but from what I can see, it's wise to stay away from BPM businesses, at least from an investing standpoint."
shankar-nath,FIRSTSOURCE,india,hold-avoid,down,high,2026-03-20,,,,,,,,,,,False,no price data,,,https://www.youtube.com/watch?v=XxMd1z1HCZs,"I really don't know how these companies might survive this onslaught, but from what I can see, it's wise to stay away from BPM businesses, at least from an investing standpoint."
shankar-nath,AURIONPRO,india,buy,up,low,2025-12-20,2025-12-22,3m,AURIONPRO.NS,False,1166.3,-0.3008,-0.1168,-0.1839,-0.3008,False,True,,,3m,https://www.youtube.com/watch?v=_xbYzgVV0PM,"Thanks to the recent decline in share price, I think the company is now in that fairly valued zone. Between now and FY30, a stock price appreciation of 23.6% [annualized] doesn't seem too far-fetched."
shankar-nath,CUPID,india,hold-avoid,neutral,low,2026-06-06,2026-06-08,6m,CUPID.NS,False,140.37,0.2604,0.0385,-0.2219,-0.2604,False,True,,,,https://www.youtube.com/watch?v=aZBo1ldw-eM,600 crores and what did the company achieve in FY26? It was 358 crores... I honestly think this company is very expensive.
shankar-nath,DEEPINDUSTRIES,india,buy,up,low,2026-06-06,,,,,,,,,,,False,no price data,,1y,https://www.youtube.com/watch?v=aZBo1ldw-eM,"For FY27 and 28, for the next 2 years, the management is projecting a 25 to 30% rise in revenues, which sounds incredible for a company operating at a price earning multiple of just eight."
soic,GRAVITA,india,buy,up,med,2026-02-23,2026-02-23,1y,GRAVITA.NS,False,1591.9,0.0815,-0.0661,0.1476,0.0815,True,True,,,1y,https://www.youtube.com/watch?v=-N_-AF-Srb4,Gravita... they are putting in 1500 crore of capital for next two years. In FY27 and FY28 capex will go live which will effectively more than double their capacities... EBITDA margin actually ends up expanding because of higher value added products.
soic,AEROFLEX,india,buy,up,high,2026-02-23,2026-02-23,1y,AEROFLEX.NS,False,220.23,1.3033,-0.0661,1.3694,1.3033,True,True,,,1y,https://www.youtube.com/watch?v=-N_-AF-Srb4,"Aerox... they have done an exclusive tie of next five years... capex just finished, they will be selling close to 15,000 units capacity... 90% utilization... liquid cooling solution leader. Cooling solution market is $3 billion globally growing at 23% CAGR."
soic,MU,us,buy,up,med,2026-02-23,2026-02-23,6m,MU,True,420.7932,1.6949,0.0973,1.5976,1.6949,True,True,,,,https://www.youtube.com/watch?v=-N_-AF-Srb4,Micron is trading at 7 8 and 10X... memory players which have also done really well. These memory stocks were trading at cyclical lows... a commodity business with only three global competitors colluding on price is still a good business to be in.
soic,000660,us,buy,up,med,2026-02-23,,,,,,,,,,,False,no price data,,,https://www.youtube.com/watch?v=-N_-AF-Srb4,"SK Hynix is at 7-8 times forward PE... memory stocks, whether cyclical or secular debate aside, only three global competitors who are colluding on price - still a good business. AI inference demand driving memory consumption going forward."
soic,COHR,us,buy,up,med,2026-02-23,2026-02-23,6m,COHR,True,248.89,0.5652,0.0973,0.4679,0.5652,True,True,,,,https://www.youtube.com/watch?v=-N_-AF-Srb4,"There are only three companies that make optical switches. Coherent, Lumentum... opticals could very well be sort of the next memory. Only two-three companies can do it globally. Hyperscalers will not tolerate mistakes - you just eat the price hike."
soic,LITE,us,buy,up,med,2026-02-23,2026-02-23,6m,LITE,True,674.73,0.2598,0.0973,0.1625,0.2598,True,True,,,,https://www.youtube.com/watch?v=-N_-AF-Srb4,"There are only three companies that make optical switches. Coherent, Lumentum... opticals could very well be sort of the next memory. Hyperscalers will not tolerate mistakes and you only have very few players who can supply - you just eat the price hike."
soic,ITC,india,hold-avoid,down,med,2026-01-04,2026-01-05,1y,ITC.NS,True,333.4376,-0.1228,-0.0852,0.0375,0.1228,True,True,,,1y,https://www.youtube.com/watch?v=1eUdCNBCWGM,"Companies like ITC, companies like GF Philips - their volume degrowth will happen. Because people will start doing down-trading. Near term growth in this scenario evaporates. This is an example of a clear headwind - government increasing tobacco GST to 40% and health cess on pan masala."
soic,GODFRYPHLP,india,hold-avoid,down,med,2026-01-04,2026-01-05,1y,GODFRYPHLP.NS,False,2263.3,0.0034,-0.0852,-0.0886,-0.0034,False,True,,,1y,https://www.youtube.com/watch?v=1eUdCNBCWGM,"Companies like ITC, companies like GF Philips - their volume degrowth will happen. Because people will start doing down-trading. Near term growth in this scenario evaporates. This is an example of a clear headwind."
soic,ADANIPORTS,india,buy,up,med,2026-01-04,2026-01-05,1y,ADANIPORTS.NS,True,1493.0,0.2293,-0.0852,0.3145,0.2293,True,True,,,1y,https://www.youtube.com/watch?v=1eUdCNBCWGM,"Adani Ports - almost 27% consistent port market share. Growing volumes at almost 16%, 18% revenue growth, 17-18% EBITDA growth, 20% cash flow growth. They acquired NQXT Australia and upgraded EBITDA guidance from 21-22,000 crore to 52,350 crore. This is an example of J-curve in profits."
soic,GRSE,india,buy,up,low,2026-01-04,2026-01-05,1y,GRSE.NS,False,2495.0754,0.1215,-0.0852,0.2068,0.1215,True,True,,,1y,https://www.youtube.com/watch?v=1eUdCNBCWGM,There are three big ship builders - GRSE is one example. Ship building and related proxies - there is one of the ship builders which will have a J-curve in profit and sales growth. 50-60% growth can come. Ship building theme for 2026 with government incentives.
soic,COHR,us,buy,up,med,2026-01-04,2026-01-05,1y,COHR,True,186.36,1.0904,0.0888,1.0016,1.0904,True,True,,,1y,https://www.youtube.com/watch?v=1eUdCNBCWGM,Coherent Corp is a proxy to optical switches. Upstream AI has a bottleneck - optical switches are used in chips to reduce power consumption. Only three such companies in the world. Next year its shipments will also 2X. NVIDIA and big tech companies are customers.
soic,SNPS,us,buy,up,med,2026-01-04,2026-01-05,1y,SNPS,True,494.19,-0.0783,0.0888,-0.1671,-0.0783,False,True,,,1y,https://www.youtube.com/watch?v=1eUdCNBCWGM,Synopsys - EDA software company. Stock declined last year due to Intel one-time payment adjustment which won't repeat going forward. Synopsys trades at 30x forward PE while competitor Cadence trades at 45x. Unique oligopolistic industry. Ansys acquisition creates a full platform.
soic,MAHINDRA,india,buy,up,med,2025-03-02,,,,,,,,,,,False,no price data,,1y,https://www.youtube.com/watch?v=3fziDNyWz_I,The tractor cycle is now turning... a positive cycle is coming in FY25... the tractor business contributes to the bulk of profitability... EPS should grow at around 15 to 20% ... seems to be a compounder type setup.
soic,POLYCAB,india,hold-avoid,down,med,2025-03-21,2025-03-21,1y,POLYCAB.NS,False,4964.5186,0.4445,-0.0101,-0.4546,-0.4445,False,True,,,1y,https://www.youtube.com/watch?v=3S7Ky_bHf8Q,"Polycab is already close to lifetime high operating margins... can margins expand? Probably no from here... competition in the industry is increasing... near term government capex is slowing... in the perception-to-earnings journey, perception has taken a hit."
soic,APSEZ,india,buy,up,med,2025-06-08,,,,,,,,,,,False,no price data,,5y,https://www.youtube.com/watch?v=3nmtnVb7pJk,"Actually, in the Adani Group, if there is one company whose business model seems sensible and cash-generating, that is Adani Ports in my opinion. I will keep tracking it from time to time."
soic,APSEZ,india,buy,up,med,2025-06-08,,,,,,,,,,,False,no price data,,5y,https://www.youtube.com/watch?v=3nmtnVb7pJk,"Adani Ports EBITDA will grow 18%... by FY29 the EBITDA could be almost 35,171 crore... at 20x exit multiple the company could get a market cap of around 668,000 crore."
soic,GPPL,india,hold-avoid,down,med,2025-06-08,2025-06-09,6m,GPPL.NS,False,150.5291,0.211,0.0432,-0.1678,-0.211,False,True,,,3y,https://www.youtube.com/watch?v=3nmtnVb7pJk,"Gujarat Pipavav's port concession is ending in 2028. If the concession is not extended, there is a big terminal value risk. NMPT Mundra, which is Adani's, is taking a lot of market share from Pipavav. Growth rates within Pipavav are declining."
soic,TRENT,india,hold-avoid,down,med,2026-01-18,2026-01-19,6m,TRENT.NS,True,3945.6001,-0.1875,-0.0615,0.126,0.1875,True,True,,,,https://www.youtube.com/watch?v=7jhrs5h-g0s,I got a call 10 days ago to buy Trent. I said why should I buy it? It is value buy. When it comes to value buy I run away scared. Because the chart is currently absolutely here — TA helps me decide when to enter.
soic,CDSL,india,hold-avoid,down,high,2025-05-15,2025-05-15,1y,CDSL.NS,False,1326.3854,-0.1053,-0.0566,0.0487,0.1053,True,True,,,1y,https://www.youtube.com/watch?v=7tKFkP2HnlM,It means that today it is seriously nearly 50% overvalued... CDSL is perhaps 40 to 50% overvalued. I am just standing on the sidelines basically standing on the sidelines and just waiting for the margin of safety to emerge.
soic,CDSL,india,hold-avoid,neutral,med,2025-05-15,2025-05-15,1y,CDSL.NS,False,1326.3854,-0.1053,-0.0566,0.0487,0.1053,True,True,,,1y,https://www.youtube.com/watch?v=7tKFkP2HnlM,One likely scenario is that CDSL stock may undergo a time correction. The second scenario could be that CDSL stock price corrects if average daily turnover in stock markets falls in India.
soic,IKS,india,buy,up,med,2026-03-08,2026-03-09,1y,IKS.NS,False,1305.2,0.2835,-0.0006,0.2841,0.2835,True,True,,,1y,https://www.youtube.com/watch?v=8N1XxMEnpYk,"If someone has a 5-year horizon, IKS could be a better business because they are executing the platform transition. AI as an enabler led to 1.5% headcount growth which led to 24% revenue growth. Margins have expanded to 34% which is one of the best in the IT services sector right now."
soic,SAGILITY,india,buy,up,low,2026-03-08,2026-03-09,6m,SAGILITY.NS,False,38.96,0.0136,-0.0006,0.0142,0.0136,True,True,,,,https://www.youtube.com/watch?v=8N1XxMEnpYk,Sagility is a steady business. It is growing well. 20-25% growth is coming in Sagility. Multiple is also cheaper and growth rates are also good.
soic,PPA,us,buy,up,high,2026-03-22,2026-03-23,6m,PPA,False,169.51,0.0342,0.1394,-0.1052,0.0342,False,True,,,,https://www.youtube.com/watch?v=9KVdQ-j1pcA,This is the first ETF that I am discussing. Which is in a trend which can last for the next 5-7 years.
soic,GRID,us,buy,up,med,2026-03-22,2026-03-23,6m,GRID,False,164.8519,0.1809,0.1394,0.0415,0.1809,True,True,,,,https://www.youtube.com/watch?v=9KVdQ-j1pcA,If it goes through consolidation. Then it's an ETF which could present. The next 3 to 5 year opportunity from it. So this is also an interesting ETF.
soic,BANKBEES,india,buy,up,med,2026-03-22,2026-03-23,6m,BANKBEES.NS,False,531.67,0.1235,0.0666,0.0568,0.1235,True,True,,,,https://www.youtube.com/watch?v=9KVdQ-j1pcA,private sector bank ETF. If again. If some reversion to mean happens. And it goes back to 2.4 times median price to book. There could be decent upside over here. Because asset quality is still pristine.
soic,PHARMABEES,india,buy,up,low,2026-03-22,2026-03-23,6m,PHARMABEES.NS,False,22.72,0.1043,0.0666,0.0377,0.1043,True,True,,,,https://www.youtube.com/watch?v=9KVdQ-j1pcA,Nifty pharma has also gone through a long. Consolidation like so it's almost. 18-19 month consolidation and. Relative strength has just started going up. So this is also an ETF which one can look at.
soic,MOM50,india,buy,up,med,2026-03-22,2026-03-23,6m,MOM50.NS,False,234.44,0.0691,0.0666,0.0025,0.0691,True,True,,,,https://www.youtube.com/watch?v=9KVdQ-j1pcA,If you are able to time it right... these are the levels where I think. PE ratio will be absolutely dirt cheap. This is a very strong support level. So it's one of the ETFs. That you can try again.
soic,GPIL,india,buy,up,low,2025-06-26,2025-06-26,1y,GPIL.NS,False,187.7863,0.433,-0.0601,0.4931,0.433,True,True,,,1y,https://www.youtube.com/watch?v=Bosc2Dr5mQk,"Total potential EBITDA after this capex is 2250 to 2400 crore, and today the company's EBITDA is 1194 crore. Basically EBITDA potential could double here for the company."
soic,INTERARCH,india,buy,up,low,2025-06-26,2025-06-26,6m,INTERARCH.NS,False,2110.7214,0.1157,0.0232,0.0925,0.1157,True,True,,,3y,https://www.youtube.com/watch?v=Bosc2Dr5mQk,In the bull scenario the company will have a PAT of 221 crore by FY28 and the employed IRR is 33.65%. In the base scenario 125 crore PAT in FY26 reaching 192 crore by FY28 with implied IRR of 21.43%.
soic,ITBEES,india,buy,up,low,2025-12-07,2025-12-08,6m,ITBEES.NS,False,42.37,-0.2388,-0.0999,-0.1389,-0.2388,False,True,,,6m,https://www.youtube.com/watch?v=CfRMqIFXfaw,"Nifty IT median PE is 28.6, currently trading at 27.2 — five-year low valuations. May also bounce from a near-term perspective of three to six months as this index could see a bounce."
soic,GOLDBEES,india,buy,up,low,2025-12-07,2025-12-08,1y,GOLDBEES.NS,False,106.85,0.1211,-0.075,0.1961,0.1211,True,True,,,1y,https://www.youtube.com/watch?v=CfRMqIFXfaw,That is also one of the factors which might continue to do well in the next one year as well. The Indian rupee is depreciating against the dollar and the dollar at the end is losing value against gold — double-steroidal effect.
soic,MAN50ETF,india,hold-avoid,neutral,med,2025-12-07,,,,,,,,,,,False,no price data,,6m,https://www.youtube.com/watch?v=CfRMqIFXfaw,Today is not the right time. That is why I am covering it with you. Today is not the right time. Some price and time correction may also make this the right time three to six months down the line (Nifty 200 Momentum 30 index ETF).
soic,AUBANK,india,buy,up,med,2025-12-07,2025-12-08,1y,AUBANK.NS,False,952.55,0.0845,-0.075,0.1595,0.0845,True,True,,,1y,https://www.youtube.com/watch?v=CfRMqIFXfaw,"AU Small Finance Bank is also getting a very big trigger that it is going to become a universal bank. Among mid caps, one of the best names in terms of the structure that is changing."
soic,MU,us,buy,up,high,2025-09-28,2025-09-29,6m,MU,True,163.6625,1.1817,-0.0391,1.2209,1.1817,True,True,,,,https://www.youtube.com/watch?v=Dmor10_NjF0,"You could literally buy a business that is benefiting from the biggest capex tailwind globally, and like a single digit P multiple in a consolidated industry... one of the best performing stocks in the S&P 500 is not actually NVIDIA. It's not like hyperscaler, it's Micron, which is the memory business."
soic,ASHIANA,india,buy,up,med,2025-01-05,2025-01-06,1y,ASHIANA.NS,False,357.5041,-0.2116,0.1115,-0.3232,-0.2116,False,True,,,1y,https://www.youtube.com/watch?v=FPq-zYJf1wU,"Ashiana Housing's profit and loss statement is going to inflect... FY26 we should hit low teens or 12-13% net profit margin, and FY27 onwards I would expect 20% net profit margin."
soic,SKIPPER,india,buy,up,med,2025-01-05,2025-01-06,1y,SKIPPER.NS,False,517.6046,-0.1596,0.1115,-0.2711,-0.1596,False,True,,,1y,https://www.youtube.com/watch?v=FPq-zYJf1wU,Ashiana Housing's profit and loss statement is about to be impacted... FY26 should hit low teens or 12 to 13x and FY27 onwards I would expect 20 per net profit margin.
soic,INDHOTEL,india,hold-avoid,neutral,low,2025-01-05,2025-01-06,1y,INDHOTEL.NS,False,841.7747,-0.1159,0.1115,0.2275,0.1159,True,True,,,1y,https://www.youtube.com/watch?v=FPq-zYJf1wU,Skipper Limited... almost the peg ratio at this time is around one and margins from here could expand by around 1 per... growth is there to back up the numbers — things become interesting.
soic,CHALET,india,buy,up,med,2025-01-05,2025-01-06,1y,CHALET.NS,False,954.1429,-0.0834,0.1115,-0.1949,-0.0834,False,True,,,1y,https://www.youtube.com/watch?v=FPq-zYJf1wU,"Indian Hotels is expected to grow at 20-21% but Indian Hotels is already at 43 times EV to EBITDA... as a tier one player like Indian Hotels, its valuation has gone over the top."
soic,SANGAMIND,india,buy,up,med,2025-01-05,2025-01-06,1y,SANGAMIND.NS,False,414.6748,0.1625,0.1115,0.0509,0.1625,True,True,,,1y,https://www.youtube.com/watch?v=FPq-zYJf1wU,Chalet has around 18x EV to EBITDA in FY27 and around 25% EBITDA growth is expected... hotels is a sector where cash flows are quite defensible... tier two to tier three in... reasonable multiple.
soic,KILBURN,india,buy,up,med,2025-01-05,,,,,,,,,,,False,no price data,,1y,https://www.youtube.com/watch?v=FPq-zYJf1wU,"Sangam India is moving more into garments beyond yarn and fabric manufacturing... guidance is 4000 crore revenue with higher EBITDA margin... their EBITDA could go above 400-500 crore, today's market cap is 2000 crore."
soic,TIMETECHNO,india,buy,up,med,2025-01-05,2025-01-06,1y,TIMETECHNO.NS,False,229.5907,-0.1809,0.1115,-0.2925,-0.1809,False,True,,,1y,https://www.youtube.com/watch?v=FPq-zYJf1wU,Kilburn Engineering... in FY26 their sales will be almost 700 to 750 crore with 20 plus EBITDA margin... currently running at almost 19 times PE on one-year forward... every month promoters are buying.
soic,HBLPOWER,india,buy,up,med,2025-01-05,,,,,,,,,,,False,no price data,,1y,https://www.youtube.com/watch?v=FPq-zYJf1wU,Time Technoplast... the value-added product mix is increasing which is expected to expand margins by 100 to 150 basis points... we are talking about 35 to 40% off the sales which are currently at 25%.
soic,SAREGAMA,india,buy,up,med,2025-01-05,2025-01-06,1y,SAREGAMA.NS,False,561.3864,-0.3402,0.1115,-0.4517,-0.3402,False,True,,,1y,https://www.youtube.com/watch?v=FPq-zYJf1wU,HBL Power has also received a very big order of almost 15-1600 crore for Kavach which requires execution within FY26... if this Kavach business kicks in then we could potentially see 60-70% topline growth.
soic,ASALCBR,india,buy,up,med,2025-01-05,2025-01-06,1y,ASALCBR.NS,False,1093.0416,-0.1392,0.1115,-0.2508,-0.1392,False,True,,,1y,https://www.youtube.com/watch?v=FPq-zYJf1wU,Saregama... I think after five to six quarters that phase will come where their content acquisition reduces and depreciation doesn't grow at that speed — then PAD growth will become non-linear.
soic,CHOLAFIN,india,hold-avoid,down,med,2025-08-10,2025-08-11,3m,CHOLAFIN.NS,False,1481.8917,0.149,0.0369,-0.1121,-0.149,False,True,,,3m,https://www.youtube.com/watch?v=G3ldnW0gK-o,Associated Alcohols... ethanol capex has just gone live... this company's margins can start expanding from here... this company is in that phase operating on leverage.
soic,BAJFINANCE,india,hold-avoid,neutral,med,2025-08-10,2025-08-11,6m,BAJFINANCE.NS,True,877.8,0.1184,0.0451,-0.0733,-0.1184,False,True,,,6m,https://www.youtube.com/watch?v=G3ldnW0gK-o,"In companies like Cholamandam and Bajaj Finance, we can wait for them to get to their medium price to book and below median price to book."
soic,NORTHARC,india,hold-avoid,neutral,low,2025-08-10,2025-08-11,3m,NORTHARC.NS,False,230.66,0.1658,0.0369,-0.1289,-0.1658,False,True,,,3m,https://www.youtube.com/watch?v=G3ldnW0gK-o,The valuation is cheap but you have to wait and watch when will the credit cost of this company decrease. Because you will remember a saying that NBFCs work on asset quality beats and not just on PAD growth.
soic,CHOLAFIN,india,buy,up,low,2025-03-16,2025-03-17,6m,CHOLAFIN.NS,False,1453.8579,0.0394,0.1157,-0.0763,0.0394,False,True,,,6m,https://www.youtube.com/watch?v=GFYU3E6xF0k,ER&D businesses' chart is currently in Stage 4 trend... Tata Elxsi is already at 40-45 times PE... valuations are still expensive.
soic,INDIASHLTR,india,buy,up,low,2025-03-16,2025-03-17,6m,INDIASHLTR.NS,False,794.0103,0.0877,0.1157,-0.028,0.0877,False,True,,,6m,https://www.youtube.com/watch?v=GFYU3E6xF0k,"If we look at KPIT's PE multiple, KPIT is also trading at almost 50 times... chart is clearly in Stage 4 trend right now... valuations are still expensive."
soic,HDFCBANK,india,buy,up,med,2025-11-09,2025-11-10,1y,HDFCBANK.NS,True,984.5,-0.2079,-0.061,-0.1469,-0.2079,False,True,,,1y,https://www.youtube.com/watch?v=JAmj2OCIi9g,Tata Technologies is trading at almost 46 times PE multiple... chart is clearly in Stage 4 trend... valuations are still expensive.
soic,ABCAPITAL,india,hold-avoid,neutral,med,2025-11-09,2025-11-10,6m,ABCAPITAL.NS,False,333.55,0.0881,-0.0547,-0.1428,-0.0881,False,True,,,,https://www.youtube.com/watch?v=JAmj2OCIi9g,Shrimp industry impacted the most in my opinion. In India there will be a 34.26% duty after reciprocation tariffs vs Ecuador's 13.78% — other countries get a comparative advantage. This sector is impacted the most.
soic,L&TFH,india,hold-avoid,neutral,med,2025-11-09,,,,,,,,,,,False,no price data,,,https://www.youtube.com/watch?v=JAmj2OCIi9g,"Tata Motors — 32-35% of Jaguar's volume goes to the US, that could be impacted. A 25% tariff has already been levied on autos."
soic,CAMS,india,hold-avoid,down,med,2025-05-22,2025-05-22,1y,CAMS.NS,False,764.0381,-0.0089,-0.0362,-0.0272,0.0089,False,True,,,1y,https://www.youtube.com/watch?v=Il-EI2nRvBs,Sona Comstar has 45% of revenue from the US. So there could be an impact there.
soic,KFINTECH,india,hold-avoid,down,med,2025-05-22,2025-05-22,1y,KFINTECH.NS,False,1042.8181,-0.216,-0.0362,0.1798,0.216,True,True,,,1y,https://www.youtube.com/watch?v=Il-EI2nRvBs,Waaree has 54% order book from the US. This will be subject to a 26% tariff and additional customs duty. This could be a very large impact.
soic,TATAELXSI,india,hold-avoid,down,med,2025-02-13,2025-02-13,6m,TATAELXSI.NS,False,5958.8716,-0.0633,0.0695,0.1328,0.0633,True,True,,,6m,https://www.youtube.com/watch?v=JkYZVG7usEo,PI Industries could be impacted more... PI Industries could see a 21.3% impact if they cannot pass on pricing hikes. PI Industries has 43% dependence on US exports for pyroxasulfone.
soic,KPITTECH,india,hold-avoid,down,med,2025-02-13,2025-02-13,6m,KPITTECH.NS,False,1330.7648,-0.0906,0.0695,0.16,0.0906,True,True,,,6m,https://www.youtube.com/watch?v=JkYZVG7usEo,Second way I am playing it is via the commodity exchange business... commodity exchange is a natural beneficiary. Company's recent results had 120-130% topline growth.
soic,TATATECH,india,hold-avoid,down,med,2025-02-13,2025-02-13,6m,TATATECH.NS,False,726.4423,-0.0869,0.0695,0.1563,0.0869,True,True,,,6m,https://www.youtube.com/watch?v=JkYZVG7usEo,"I am playing it via gold loan companies that I am invested in — two companies which are into gold loan financing. They have guided for 20 to 25% sequential growth, quarter on quarter for the next four to five quarters."
soic,AVANTIFEED,india,hold-avoid,down,high,2025-04-06,2025-04-07,6m,AVANTIFEED.NS,False,683.5201,-0.0491,0.1233,0.1724,0.0491,True,True,,,6m,https://www.youtube.com/watch?v=K9ZBdwc-aQU,I am playing it via gold loan companies that I am invested in — two companies which are into gold loan financing. Gold loan companies is an easier way to play.
soic,TATAMOTORS,india,hold-avoid,down,low,2025-04-06,,,,,,,,,,,False,no price data,,6m,https://www.youtube.com/watch?v=K9ZBdwc-aQU,"There is a company called Alcoa in the US, you can look at it — a breakout is visible on the chart. It is one of the largest aluminum miners in the world."
soic,SONACOMS,india,hold-avoid,down,low,2025-04-06,2025-04-07,6m,SONACOMS.NS,False,403.9304,0.0357,0.1233,0.0876,-0.0357,True,True,,,6m,https://www.youtube.com/watch?v=K9ZBdwc-aQU,"45% of Sona Comstar's revenue comes from the US, so there could be an impact there."
soic,WAAREEENER,india,hold-avoid,down,med,2025-04-06,2025-04-07,6m,WAAREEENER.NS,False,2090.9771,0.6437,0.1233,-0.5204,-0.6437,False,True,,,6m,https://www.youtube.com/watch?v=K9ZBdwc-aQU,"54% of Waaree's order book is from the US. This will be subject to a 26% tariff plus additional customs duty. Effectively, it makes exporting solar panels out of India basically null and void. This could be a very large impact."
soic,PIIND,india,hold-avoid,down,low,2025-04-06,2025-04-07,6m,PIIND.NS,False,3228.8081,0.1184,0.1233,0.0049,-0.1184,True,True,,,6m,https://www.youtube.com/watch?v=K9ZBdwc-aQU,PI Industries could face a greater impact. PI Industries could see a 21.3% impact if they are unable to pass on these pricing hikes. PI Industries has a 43% dependence on US exports for pyroxasulfone.
soic,MCX,india,buy,up,high,2026-01-26,2026-01-27,6m,MCX.NS,False,2418.0,0.1596,-0.0462,0.2057,0.1596,True,True,,,,https://www.youtube.com/watch?v=LX3DFOPpyw4,We are in a capital market cycle downturn that has lasted four to six quarters. So these companies may be available at very cheap valuations after a year and a half.
soic,MANAPPURAM,india,buy,up,high,2026-01-26,2026-01-27,1y,MANAPPURAM.NS,False,294.5994,0.0816,-0.0462,0.1278,0.0816,True,True,,,1y,https://www.youtube.com/watch?v=LX3DFOPpyw4,Chola Mandal had pretty good numbers and Chola Mandal's guidance was also very strong along with the numbers. So you should also look there.
soic,MUTHOOTFIN,india,buy,up,med,2026-01-26,2026-01-27,1y,MUTHOOTFIN.NS,False,3834.9734,-0.1848,-0.0462,-0.1387,-0.1848,False,True,,,1y,https://www.youtube.com/watch?v=LX3DFOPpyw4,Gravita India had very strong numbers. 36% PAT growth has come. So you should look at Gravita India — their goal is 2029. How fast do they want to scale their PAT.
soic,AA,us,buy,up,low,2026-01-26,2026-01-26,6m,AA,False,58.3609,0.0173,0.0809,-0.0636,0.0173,False,True,,,,https://www.youtube.com/watch?v=LX3DFOPpyw4,Bearing companies have had good results. Schaeffler had good results. So here the valuations of RX Rings and all these have collapsed a lot. Currently these companies are trading at 18-20 PE. So we should do some work there too.
soic,ENTERO,india,buy,up,med,2025-08-17,2025-08-18,1y,ENTERO.NS,False,1258.2,-0.1342,-0.0347,-0.0994,-0.1342,False,True,,,1y,https://www.youtube.com/watch?v=Llx4gyabJT0,the company has mentioned that Operating profit margins will be 4.5% by next year And net working capital days Will go below 60 So if net working capital days go below 60 And operating profit margins go below 4.5% So the company's return on capital Employed is 8.5% This will go to 18% by the next year end
soic,EMCURE,india,buy,up,med,2025-08-17,2025-08-18,1y,EMCURE.NS,False,1453.5,0.2219,-0.0347,0.2566,0.2219,True,True,,,1y,https://www.youtube.com/watch?v=Llx4gyabJT0,this year The company's 100-150 basis points Meaning 1-1.5% Margins can improve on the back of new product launches And the company's debt can also improve So the company's overall sales growth Is 10-15% But the pad growth will be more Because of deleveraging and because of margin expansion
soic,AMOORGANICS,india,buy,up,med,2025-08-17,,,,,,,,,,,False,no price data,,6m,https://www.youtube.com/watch?v=Llx4gyabJT0,in Amoe Organics Three more products are being launched Which can lead to Each of these products Can have a contribution of 50-100 crores So in Q4 of FY26 These products will be launched I think in Q2 of FY26 So this is again a substantially growth driver
soic,SJS,india,buy,up,med,2025-08-17,2025-08-18,6m,SJS.NS,False,1215.5,0.4838,0.0239,0.46,0.4838,True,True,,,,https://www.youtube.com/watch?v=Llx4gyabJT0,"EMS companies in 2024 you must have seen what correction there was or what correction happened in PG Electro or in Dixon — but I still think this theme has a lot of legs so over a period of time as corrections keep happening, we may get opportunities here as well."
soic,TRANSRAIL,india,buy,up,med,2025-08-17,,,,,,,,,,,False,no price data,,1y,https://www.youtube.com/watch?v=Llx4gyabJT0,"EMS companies in 2024 you must have seen what correction there was or what correction happened in PG Electro or in Dixon — but I still think this theme has a lot of legs so over a period of time as corrections keep happening, we may get opportunities here as well."
soic,SKIPPER,india,buy,up,med,2025-08-17,2025-08-18,6m,SKIPPER.NS,False,534.0015,-0.3,0.0239,-0.3239,-0.3,False,True,,,,https://www.youtube.com/watch?v=Llx4gyabJT0,"EMS companies in 2024 you must have seen what correction there was or what correction happened in PG Electro or in Dixon — but I still think this theme has a lot of legs so over a period of time as corrections keep happening, we may get opportunities here as well."
soic,SHIVALIK,india,buy,up,med,2025-08-17,2025-08-18,6m,SHIVALIK.NS,False,509.8207,-0.4512,0.0239,-0.4751,-0.4512,False,True,,,,https://www.youtube.com/watch?v=Llx4gyabJT0,Vishnu Chemicals — given these type of results... the company also mentioned that their quarter-on-quarter margins can further improve... next year also the company is saying our growth can be good because one of the capex is also commercializing.
soic,SHKL,india,buy,up,med,2025-08-17,,,,,,,,,,,False,no price data,,1y,https://www.youtube.com/watch?v=Llx4gyabJT0,"Large NBFCs had very good numbers, whether Chola Mandal Investment and Finance or Bajaj Finance — all of them are forming a long base right now, so these companies are coming out of a long base as well."
soic,JUBLINGREA,india,buy,up,med,2025-06-01,2025-06-02,6m,JUBLINGREA.NS,False,729.0519,-0.0325,0.0601,-0.0926,-0.0325,False,True,,,,https://www.youtube.com/watch?v=PGq25K3c7es,"Large NBFCs had very good numbers, whether Chola Mandal Investment and Finance or Bajaj Finance — all of them are forming a long base right now, so these companies are coming out of a long base as well."
soic,TECHNO,india,buy,up,low,2025-06-01,,,,,,,,,,,False,no price data,,1y,https://www.youtube.com/watch?v=PGq25K3c7es,Let us talk about PDS Limited — you can also do homework on PDS Limited because that company is sitting on operating leverage.
soic,NIFTYIT,india,hold-avoid,down,high,2025-03-30,,,,,,,,,,,False,no price data,,1y,https://www.youtube.com/watch?v=PM4Tu3Oj-YU,"I am currently sitting on the sidelines with the IT Index — I am not invested in the IT index. Nifty IT's Stage 4 has begun. Valuations are at 26-27x PE, versus pre-COVID levels of 15-18x. Uncertainty in this sector will persist over the next 1-2 years."
soic,TATAELXSI,india,hold-avoid,down,med,2025-03-30,2025-04-01,6m,TATAELXSI.NS,False,4924.5796,0.0579,0.0643,0.0064,-0.0579,True,True,,,,https://www.youtube.com/watch?v=PM4Tu3Oj-YU,"The ER&D index includes Elxsi Technologies, LTTS, and similar companies. These companies are still in Stage 4 — the drawdown stage. Distribution is happening here."
soic,LTTS,india,hold-avoid,down,med,2025-03-30,2025-04-01,6m,LTTS.NS,False,4453.2837,-0.1026,0.0643,0.1669,0.1026,True,True,,,,https://www.youtube.com/watch?v=PM4Tu3Oj-YU,"Garden Reach Shipbuilders had very good numbers. Their order book — at this time the pipeline matters more than the order book. The pipeline the company has is around 1600 crore. Order book is 2000 crore. One single order for new-generation Corvettes could be 27-30,000 crore."
soic,KPITTECH,india,hold-avoid,down,med,2025-03-30,2025-04-01,6m,KPITTECH.NS,False,1261.5135,-0.0408,0.0643,0.1051,0.0408,True,True,,,,https://www.youtube.com/watch?v=PM4Tu3Oj-YU,"Garden Reach Shipbuilders had very good numbers. Their order book — at this time the pipeline matters more than the order book. The pipeline the company has is around 1600 crore. Order book is 2000 crore. One single order for new-generation Corvettes could be 27-30,000 crore."
soic,NEWGEN,india,buy,up,low,2025-03-30,2025-04-01,6m,NEWGEN.NS,False,987.1638,-0.0998,0.0643,-0.1641,-0.0998,False,True,,,,https://www.youtube.com/watch?v=PM4Tu3Oj-YU,"Universal Cables is in extra high voltage cables. The company has expanded EHV cables capacity. Every quarter there is a new capex going live — curiosity driven, new capex going live every next three four quarters."
soic,CDSL,india,hold-avoid,down,med,2025-05-04,2025-05-05,1y,CDSL.NS,False,1302.8771,-0.0496,-0.014,0.0356,0.0496,True,True,,,1y,https://www.youtube.com/watch?v=QQDHopPKDlY,RR Cable results this time were very good because of their margin expansion — they are saying their EBIT margin will be 10 to 11%. 70% is wire business and margin expansion is visible.
soic,CHOLAFIN,india,buy,up,med,2025-05-04,2025-05-05,6m,CHOLAFIN.NS,False,1549.6432,0.0941,0.0515,0.0426,0.0941,True,True,,,6m,https://www.youtube.com/watch?v=QQDHopPKDlY,"Cholamandalam had very good numbers, and Cholamandalam's guidance was also very strong along with the numbers. So you should look there as well."
soic,GRAVITA,india,buy,up,low,2025-05-04,2025-05-05,6m,GRAVITA.NS,False,1929.1503,-0.1358,0.0515,-0.1874,-0.1358,False,True,,,,https://www.youtube.com/watch?v=QQDHopPKDlY,"Gravita India has posted very strong numbers — 36% PAT growth. You should look at Gravita India and their Gold 2029 goal, how fast they want to grow their PAT."
soic,SCHAEFFLER,india,buy,up,low,2025-05-04,2025-05-05,6m,SCHAEFFLER.NS,False,3543.9409,0.1255,0.0515,0.0739,0.1255,True,True,,,,https://www.youtube.com/watch?v=QQDHopPKDlY,Bearing companies have reported good results. Schaeffler had good results. Valuations of RX Rings and all these have collapsed significantly; these companies are now trading at 18-20 PE. We should do some work there.
soic,MCDOWELL-N,india,hold-avoid,down,med,2025-09-25,,,,,,,,,,,False,no price data,,6m,https://www.youtube.com/watch?v=QpZNq23zlR4,Maharashtra's headwind can impact their revenues in the next 6-9 months there can be degrowth or flatish growth where the market has shown us. I think it is United Spirit.
soic,NEULANDLAB,india,buy,up,med,2025-08-16,2025-08-18,6m,NEULANDLAB.NS,False,13532.0,-0.0352,0.0239,-0.0591,-0.0352,False,True,,,6m,https://www.youtube.com/watch?v=RhHT6eefKc0,"Q3 and Q4, I think quarters could be very strong. Because the management has a habit of not guiding for growth. But if they are guiding for growth, like they are mentioning strong growth is the word that we are leaving you with. So it just means that it's a conservative management which is talking about strong growth."
soic,NEULANDLAB,india,hold-avoid,neutral,med,2025-08-16,2025-08-18,6m,NEULANDLAB.NS,False,13532.0,-0.0352,0.0239,0.0591,0.0352,True,True,,,,https://www.youtube.com/watch?v=RhHT6eefKc0,"the company is at a PE ratio of 129 on TTM. So to a large extent, that growth can be big dim. So I think the thing is that... for fresh people, margin of safety is missing in such businesses."
soic,SYNGENE,india,hold-avoid,neutral,med,2025-08-16,2025-08-18,6m,SYNGENE.NS,False,663.65,-0.3455,0.0239,0.3694,0.3455,True,True,,,,https://www.youtube.com/watch?v=RhHT6eefKc0,"there are no hints that the growth will be revived... their peers like Scilife Sciences and Anthem Biosciences are doing very well. But, we don't see what we see in their peers in Syngene. Syngene, quite a lot of derating. Now, we are at 53 times PE ratio."
soic,MANORAMA,india,buy,up,med,2026-02-15,2026-02-16,1y,MANORAMA.NS,False,1419.1,0.098,-0.065,0.163,0.098,True,True,,,1y,https://www.youtube.com/watch?v=Sh111IT_BOY,"The company could build a 4000 crore revenue potential business, which I think this year will be between 1300 to 1350 crore tiers. That's the type of opportunity we are looking at in this business — 30% for the next two years."
soic,PSUBANK,india,buy,up,med,2025-10-19,2025-10-20,1y,PSUBANK.NS,False,783.92,0.1133,-0.0708,0.1841,0.1133,True,True,,,1y,https://www.youtube.com/watch?v=SteBQ9EbzL0,"PSU banks are getting very good numbers this time, so lending growth is accelerating in PSU banks and for many PSU banks, this will be the last quarter of NIM contraction... even today on the price to book, PSU banks are very cheap"
soic,PRICOL,india,buy,up,med,2025-10-19,,,,,,,,,,,False,no price data,,1y,https://www.youtube.com/watch?v=SteBQ9EbzL0,Jubilant Ingrevia specialty chemical segment has 135% profit growth. Margins have reached almost 19%. Incremental capex is going into specialty chemicals. They are world market leaders in pyridine and picoline and tariffs on China are higher — it stands to be a net beneficiary of tariffs.
soic,MINDACORP,india,buy,up,med,2025-10-19,2025-10-20,1y,MINDACORP.NS,False,576.8149,0.132,-0.0708,0.2028,0.132,True,True,,,1y,https://www.youtube.com/watch?v=SteBQ9EbzL0,"It was a comeback quarter for Techno Electric. They are guiding Rs 50 EPS. You should build bull, bear, and base scenario in Techno Electric's case."
soic,PONDYOXIDE,india,buy,up,med,2025-10-19,,,,,,,,,,,False,no price data,,1y,https://www.youtube.com/watch?v=SteBQ9EbzL0,I am currently sitting on the sidelines with IT Index right now. I am not invested in IT index. Nifty IT Stage 4 has started... valuation is at 26-27 times PE vs pre-COVID 15-18 times. Next 1-2 years there will be uncertainty in this sector.
soic,MANORAMA,india,buy,up,med,2025-10-19,2025-10-20,1y,MANORAMA.NS,False,1469.0,0.0607,-0.0708,0.1315,0.0607,True,True,,,1y,https://www.youtube.com/watch?v=SteBQ9EbzL0,"In the ER&D index, Elxsi Technologies, LTTS, and all these companies are in it. These companies are still in Stage 4, meaning they are in the drawdown stage. Distribution is happening here."
soic,DIXON,india,hold-avoid,neutral,low,2025-10-19,2025-10-20,6m,DIXON.NS,False,16075.0,-0.2926,-0.0576,0.235,0.2926,True,True,,,,https://www.youtube.com/watch?v=SteBQ9EbzL0,"Companies like KPIT, Tata Technologies, LTTS where auto dominance is higher, this problem will occur. European companies cut their R&D — the R&D cycle gets impacted somewhere, leading to slower growth and uncertain decision making."
soic,CSBANK,india,buy,up,med,2025-10-19,,,,,,,,,,,False,no price data,,1y,https://www.youtube.com/watch?v=SteBQ9EbzL0,"Companies like KPIT, Tata Technologies, LTTS where auto dominance is higher, this problem will occur. European companies cut their R&D — the R&D cycle gets impacted somewhere, leading to slower growth and uncertain decision making."
soic,FEDFINA,india,buy,up,med,2025-10-19,2025-10-20,1y,FEDFINA.NS,False,146.42,0.0557,-0.0708,0.1265,0.0557,True,True,,,1y,https://www.youtube.com/watch?v=SteBQ9EbzL0,"Among product-based companies, NewGen is the strongest. NewGen has been the one which has displayed operating leverage. NewGen software is guiding even better margins this time."
soic,POLYCAB,india,buy,up,med,2025-10-19,2025-10-20,6m,POLYCAB.NS,False,7673.5,0.0663,-0.0576,0.124,0.0663,True,True,,,,https://www.youtube.com/watch?v=SteBQ9EbzL0,"polycab's numbers were too good, polycab clearly has been gaining market share, and this time their EBIT margin has expanded in cable and wire... you have to open their investor presentation, they have given guidance up to FY30"
soic,ELECON,india,buy,up,low,2025-10-19,2025-10-20,6m,ELECON.NS,False,543.65,-0.2408,-0.0576,-0.1831,-0.2408,False,True,,,6m,https://www.youtube.com/watch?v=SteBQ9EbzL0,"in industrial gears, due to ELECON engineering, their backlog orders have increased... they are saying that in H2, our growth will be good, because order backlog is already ready... there could be a revival even in the manufacturing segment in the second half of the financial year"
soic,MU,us,buy,up,med,2025-10-19,2025-10-20,1y,MU,True,206.5997,4.4888,0.1187,4.3701,4.4888,True,True,,,1y,https://www.youtube.com/watch?v=SteBQ9EbzL0,In FY26-27 the company's margins can go up because solar cell margins are higher. Next year EBITDA guidance of 5500-6000 crore vs this year 3000-3500 crore.
soic,TRENT,india,hold-avoid,down,med,2025-10-19,2025-10-20,6m,TRENT.NS,True,4802.2998,-0.1446,-0.0576,0.087,0.1446,True,True,,,,https://www.youtube.com/watch?v=SteBQ9EbzL0,This is also a company that is a proxy to the intermittency of green energy and also a proxy to AI power demand. Market is on fire because customers are booking 2-3 years of capacity.
soic,KAYNES,india,buy,up,med,2025-02-23,2025-02-24,6m,KAYNES.NS,False,4351.75,0.4268,0.1027,0.3241,0.4268,True,True,,,,https://www.youtube.com/watch?v=V2ScV0mfJm0,"How fast is HDFC Bank growing today? I think in the last quarter its growth rate was 1% sequentially... now your growth rate has ended, your differentiation from everyone else has ended for the next 10 years."
soic,PGEL,india,buy,up,med,2025-02-23,2025-02-24,6m,PGEL.NS,False,808.8934,-0.3034,0.1027,-0.4062,-0.3034,False,True,,,,https://www.youtube.com/watch?v=V2ScV0mfJm0,"How fast is HDFC Bank growing today? I think in the last quarter its growth rate was 1% sequentially... now your growth rate has ended, your differentiation from everyone else has ended for the next 10 years."
soic,DIXON,india,buy,up,med,2025-02-23,2025-02-24,6m,DIXON.NS,False,14037.1025,0.2029,0.1027,0.1002,0.2029,True,True,,,,https://www.youtube.com/watch?v=V2ScV0mfJm0,"How fast is HDFC Bank growing today? I think in the last quarter its growth rate was 1% sequentially... now your growth rate has ended, your differentiation from everyone else has ended for the next 10 years."
soic,VISHNU,india,buy,up,med,2025-02-23,2025-02-24,1y,VISHNU.NS,False,443.3703,0.1645,0.1401,0.0244,0.1645,True,True,,,1y,https://www.youtube.com/watch?v=V2ScV0mfJm0,Reliance and Airtel had raised prices. They are currently working on high free cash flow margins... but now they are in a price-cutting cycle. Can they maintain a high revenue growth rate? No.
soic,BAJFINANCE,india,buy,up,med,2025-02-23,2025-02-24,6m,BAJFINANCE.NS,True,830.3712,0.0772,0.1027,-0.0255,0.0772,False,True,,,,https://www.youtube.com/watch?v=V2ScV0mfJm0,"I still think there are four to five more years ahead in gold and the last run will be between 7 to $10,000."
soic,CHOLAFIN,india,buy,up,med,2025-02-23,2025-02-24,6m,CHOLAFIN.NS,False,1375.6017,0.1071,0.1027,0.0044,0.1071,True,True,,,,https://www.youtube.com/watch?v=V2ScV0mfJm0,"I still think there are four to five more years ahead in gold and the last run will be between 7 to $10,000."
soic,PDSL,india,buy,up,med,2025-02-23,2025-02-24,6m,PDSL.NS,False,433.1866,-0.2491,0.1027,-0.3518,-0.2491,False,True,,,,https://www.youtube.com/watch?v=V2ScV0mfJm0,Talking about PDS Limited — you can also do homework on PDS Limited because that company is sitting on operating leverage.
soic,DYNAMATECH,india,buy,up,high,2026-02-01,2026-02-02,6m,DYNAMATECH.NS,False,8282.7295,0.3188,-0.0429,0.3616,0.3188,True,True,,,,https://www.youtube.com/watch?v=YsMadW-b3aw,What I can tell you that all the listed companies that we have discussed will be multiples of where they are just because of sheer opportunity size itself. [Dynamatic is emerging as a Tier 1 player — single-source supplier A320/A330 flap track beams and now A220 doors]
soic,AZAD,india,buy,up,high,2026-02-01,2026-02-02,6m,AZAD.NS,False,1451.3,0.4437,-0.0429,0.4865,0.4437,True,True,,,,https://www.youtube.com/watch?v=YsMadW-b3aw,"What I can tell you that all the listed companies that we have discussed will be multiples of where they are just because of sheer opportunity size itself. [Azad Engineering signed contracts with Rolls Royce, Safran, Pratt & Whitney — all three large engine players]"
soic,SANSERA,india,buy,up,high,2026-02-01,2026-02-02,6m,SANSERA.NS,False,1743.9,0.6892,-0.0429,0.7321,0.6892,True,True,,,,https://www.youtube.com/watch?v=YsMadW-b3aw,What I can tell you that all the listed companies that we have discussed will be multiples of where they are just because of sheer opportunity size itself. [Sansera management has aspirations to scale aerospace biz to Rs 1000 crore by FY28-29 from Rs 130 crore now]
soic,UNIMECH,india,hold-avoid,neutral,med,2026-02-01,2026-02-02,6m,UNIMECH.NS,False,853.95,0.4025,-0.0429,-0.4453,-0.4025,False,True,,,,https://www.youtube.com/watch?v=YsMadW-b3aw,"I think Google could become an $8 to $10 trillion dollar market cap company because NVIDIA is only in GPUs, Google is in the entire stack. Margins are expanding. It's a winner in the world of AI."
soic,GRSE,india,buy,up,high,2025-11-20,2025-11-20,1y,GRSE.NS,False,2913.0159,-0.0394,-0.0832,0.0438,-0.0394,True,True,,,1y,https://www.youtube.com/watch?v=f5D5AxJw4Jo,"At 30 times earnings, 20-25% PAT growth is coming. And it's a winner in the world of AI. This is the biggest business that I have personally studied and it's a winner in the AI world because of the integration they are doing."
soic,UNIVCABLES,india,buy,up,med,2025-11-20,2025-11-20,1y,UNIVCABLES.NS,False,977.6,0.3027,-0.0832,0.3859,0.3027,True,True,,,1y,https://www.youtube.com/watch?v=f5D5AxJw4Jo,Gravita's results I liked a lot. No capacity expansion this quarter but still reported margin expansion. They are doubling their capacity on FY2 base effectively. Volume growth in Q4 should show up very strongly.
soic,RRKABEL,india,buy,up,med,2025-11-20,2025-11-20,6m,RRKABEL.NS,False,1368.0,0.4219,-0.0969,0.5188,0.4219,True,True,,,6m,https://www.youtube.com/watch?v=f5D5AxJw4Jo,Pondy Oxide numbers were also really good. New capacity went live in December so volume growth also came. Volume growth in Q4 should show up very strongly.
soic,CANFINHOME,india,buy,up,med,2025-09-21,2025-09-22,1y,CANFINHOME.NS,False,765.5526,0.1565,-0.0472,0.2037,0.1565,True,True,,,1y,https://www.youtube.com/watch?v=iLNQMofzWZ4,"Karur Vysya Bank, South Indian Bank, DCB Bank — for all of them there is a golden cycle for the next three to four quarters. Core PAT growth will still be close to 10 to 15% for these companies, trading at less than book value."
soic,INDIASHLTR,india,buy,up,med,2025-09-21,2025-09-22,1y,INDIASHLTR.NS,False,882.165,-0.1109,-0.0472,-0.0637,-0.1109,False,True,,,1y,https://www.youtube.com/watch?v=iLNQMofzWZ4,"South Indian Bank, Karur Vysya Bank, DCB Bank — for all of them there is a golden cycle for the next three to four quarters. PSU banks and regional banks doing well cycle could continue into FY27."
soic,LTFH,india,buy,up,med,2025-09-21,,,,,,,,,,,False,no price data,,1y,https://www.youtube.com/watch?v=iLNQMofzWZ4,"DCB Bank, South Indian Bank, Karur Vysya Bank — for all of them there is a golden cycle for the next three to four quarters. Core PAT growth 10 to 15% for these companies trading at less than book value."
soic,MUTHOOTFIN,india,buy,up,high,2025-09-21,2025-09-22,1y,MUTHOOTFIN.NS,False,3022.0471,0.0344,-0.0472,0.0816,0.0344,True,True,,,1y,https://www.youtube.com/watch?v=iLNQMofzWZ4,"Tamilnad Mercantile Bank, Karur Vysya Bank, South Indian Bank — for all of them golden cycle next three to four quarters. That cycle could continue into FY27 because these businesses still trade at very cheap valuations."
soic,IIFL,india,buy,up,low,2025-09-21,2025-09-22,6m,IIFL.NS,False,446.7941,0.0587,-0.0828,0.1415,0.0587,True,True,,,6m,https://www.youtube.com/watch?v=iLNQMofzWZ4,"JSW had slightly muted numbers — those should also turn around from Q4 or Q1, when new port capacity goes live. Ports are natural beneficiaries of shipping and inland water transportation theme."
soic,FEDFINA,india,buy,up,high,2025-09-21,2025-09-22,1y,FEDFINA.NS,False,152.38,0.0144,-0.0472,0.0616,0.0144,True,True,,,1y,https://www.youtube.com/watch?v=iLNQMofzWZ4,"Krishna Defense has a 3-4 year guidance of 500 crore in sales. If revenue growth comes to 40%, in the base case scenario CAGR works out to 20%. In the bull case it's 40%. In the bear case it's 2%."
soic,NORTHARC,india,buy,up,high,2025-09-21,2025-09-22,1y,NORTHARC.NS,False,279.16,0.0569,-0.0472,0.1041,0.0569,True,True,,,1y,https://www.youtube.com/watch?v=iLNQMofzWZ4,There are going to be tough times in the PVC market. Prices have already crashed. And supply has gone up and tariffs etc. are coming in.
soic,UJJIVANSFB,india,buy,up,med,2025-09-21,2025-09-22,1y,UJJIVANSFB.NS,False,44.77,0.2792,-0.0472,0.3264,0.2792,True,True,,,1y,https://www.youtube.com/watch?v=iLNQMofzWZ4,"If someone wants to play micro finance recovery, then Ujjivan is the best bet. Ujjivan is the best micro finance business. We will definitely see the benefit of this as a cycle here. Ujjivan can be a better play than Bandhan and Suryoday."
soic,JANASFB,india,buy,up,med,2025-09-21,,,,,,,,,,,False,no price data,,6m,https://www.youtube.com/watch?v=iLNQMofzWZ4,"Jana and Equitas, they are two very good players in the small lab segment. They have done a good job here. Both their valuations are also good. As soon as this quarter's worst pain ends, you can get some re-rating and compounding here as well."
soic,EQUITASBNK,india,buy,up,med,2025-09-21,2025-09-22,6m,EQUITASBNK.NS,False,56.55,0.0081,-0.0828,0.091,0.0081,True,True,,,6m,https://www.youtube.com/watch?v=iLNQMofzWZ4,"Jana and Equitas, these are two very good players in the small lab segment. They have done a good job here. Both their valuations are also good. As soon as this quarter's worst pain ends, you can get some re-rating and compounding here as well."
soic,JMFINANCIL,india,buy,up,med,2025-09-21,2025-09-22,1y,JMFINANCIL.NS,False,169.5831,-0.2551,-0.0472,-0.2079,-0.2551,False,True,,,1y,https://www.youtube.com/watch?v=iLNQMofzWZ4,"JM was the only good bet in that slide. It seems that this valuation is very cheap. People are valuing it on P2B. This company has the potential that people will value it on P2E as well. It is a mix of NBFC and capital market businesses, all of which are turning around very well."
soic,CHOLAFIN,india,hold-avoid,neutral,med,2025-09-21,2025-09-22,1y,CHOLAFIN.NS,False,1628.7819,0.0397,-0.0472,-0.0869,-0.0397,False,True,,,1y,https://www.youtube.com/watch?v=iLNQMofzWZ4,Chola is also in the time correction mode. It hasn't gone anywhere for 2 years. It won't go anywhere for 1-1.5 years because it is so expensive for the profitability which it is generating.
soic,PNBHOUSING,india,hold-avoid,neutral,med,2025-09-21,2025-09-22,6m,PNBHOUSING.NS,False,859.05,-0.0782,-0.0828,-0.0047,0.0782,False,True,,,6m,https://www.youtube.com/watch?v=iLNQMofzWZ4,"PNB housing is cheap for a reason and we will put it in the high risk category. When the management of lending companies changes abruptly, we are always afraid of NPAs. So PNB housing is cheap for a reason and we will put it in the high risk category. The risk reward does not seem favourable."
soic,REPCO,india,hold-avoid,down,med,2025-09-21,,,,,,,,,,,False,no price data,,1y,https://www.youtube.com/watch?v=iLNQMofzWZ4,"Repco Homes, again, cheap, but growth is a very big problem. As soon as it tries to grow, ROA and ROE can break. Here, you don't have to buy everywhere there are problems."
soic,SBICARD,india,sell,down,med,2025-09-21,2025-09-22,6m,SBICARD.NS,False,866.0161,-0.2047,-0.0828,0.1218,0.2047,True,True,,,,https://www.youtube.com/watch?v=iLNQMofzWZ4,"We will avoid SBI cards. Their basic entry strategy or sourcing strategy is wrong. SBI cards never run out of NPAs. Until it doesn't change, I don't think there will be any change in the outcome."
soic,MUTHOOTMF,india,buy,up,low,2025-09-21,2025-09-22,1y,MUTHOOTMF.NS,False,167.84,0.2141,-0.0472,0.2613,0.2141,True,True,,,1y,https://www.youtube.com/watch?v=iLNQMofzWZ4,"Mutoot microfinance, you can see, because there is no issue of broad-level promoter, borrowing, etc. The promoters of Blue Mutoot are very good. They have a strong gold loan business. So there they will get borrowings easily. Mutoot is a micro finance. The promoter is good, so it will definitely benefit in the up cycle."
soic,MANAPPURAM,india,hold-avoid,neutral,med,2025-09-21,2025-09-22,6m,MANAPPURAM.NS,False,292.866,-0.1148,-0.0828,0.0319,0.1148,True,True,,,6m,https://www.youtube.com/watch?v=iLNQMofzWZ4,"Mannapuram, good potential in the future but for now it is very well priced. It will take 6-9 months to recover. Between Mannapuram and Muthoot, I think Muthoot is where the whole show will be."
soic,CREDITACC,india,hold-avoid,neutral,low,2025-09-21,2025-09-22,1y,CREDITACC.NS,False,1360.6,0.0337,-0.0472,-0.0808,-0.0337,False,True,,,1y,https://www.youtube.com/watch?v=iLNQMofzWZ4,Credit access is a good player but it is already so expensive it has been priced 3 times and the recovery will be in FY27 in FY26 there is no particular number so I would say it is a good player but very expensive. It is better to leave it for institutions.
soic,MAHINDRA FIN,india,hold-avoid,neutral,med,2025-09-21,,,,,,,,,,,False,no price data,,1y,https://www.youtube.com/watch?v=iLNQMofzWZ4,"Though this is a cheap stock, there is not much upside in terms of business and earnings. MNM is doing well but this company is not doing well. This company has not invested much in developing its own business. It has been struggling for the last 8-10 years. There is nothing to say that this struggle will end."
soic,GLD,us,buy,up,high,2025-04-27,2025-04-28,1y,GLD,False,309.07,0.3909,0.3132,0.0777,0.3909,True,True,,10000,1y,https://www.youtube.com/watch?v=j2nm1Z-qDbA,"I still think there are 4 to 5 years ahead of us in gold, and the last run will be between $7,000 to $10,000."
soic,INDGN,india,buy,up,high,2026-06-07,2026-06-08,6m,INDGN.NS,False,512.15,0.0395,0.0385,0.001,0.0395,True,True,,,2y,https://www.youtube.com/watch?v=ldYTl4kO5CU,"The company can do a 606 crore PAT in two years' time, which is like a 50% growth on a normalized margin basis. The company trades at a 20-21 times PE ratio on a FI28 basis... unique IT companies get a PE multiple of 25-30 times. So that could be your upside."
soic,INDGN,india,buy,up,med,2026-06-07,2026-06-08,6m,INDGN.NS,False,512.15,0.0395,0.0385,0.001,0.0395,True,True,,,2y,https://www.youtube.com/watch?v=ldYTl4kO5CU,"The company's organic growth guidance is 12% plus... If the revenue growth is 14-15% with margins expanding, then in the absolute term, the company's 400 crore path can go to 600 crore in the next two years."
soic,ECLERX,india,buy,up,low,2026-06-07,2026-06-08,6m,ECLERX.NS,False,1384.8,0.0245,0.0385,-0.014,0.0245,False,True,,,,https://www.youtube.com/watch?v=ldYTl4kO5CU,"In BPOs, you can see the commentary of e-clerks that e-clerks will talk because of KPO business. So, in KPO business, your demand is increasing. So, the headcount hiring quarter on quarter is very high. Their growth rate from Q1 will be higher than Q4."
soic,WAAREEENERG,india,buy,up,med,2025-05-18,,,,,,,,,,,False,no price data,,1y,https://www.youtube.com/watch?v=nVAaKxq8O3I,"In FY26-27, the company's margins can go up because solar cell margins are higher. Next year EBITDA guidance is 5500-6000 crore vs this year's 3000-3500 crore."
soic,TDPOWERSYS,india,buy,up,med,2025-05-18,2025-05-19,6m,TDPOWERSYS.NS,False,496.6827,0.5819,0.0387,0.5432,0.5819,True,True,,,3y,https://www.youtube.com/watch?v=nVAaKxq8O3I,This is also a company that is a proxy to the intermittency of green energy and also a proxy to AI power demand. The market is on fire because customers are booking 2-3 years of capacity.
soic,VRT,us,buy,up,high,2025-05-18,2025-05-19,1y,VRT,True,106.2686,2.1969,0.256,1.9409,2.1969,True,True,,,1y,https://www.youtube.com/watch?v=nVAaKxq8O3I,"One can think of Vertiv as a cheap grid architect. They have guided very strong revenue growth of 12-14% over the next four years, $14.4 billion by 2029. Margin will go from 19% to 25%. Vertiv is one of the most pure play proxies to ride the AI data center wave."
soic,WIPRO,india,hold-avoid,neutral,high,2025-04-10,2025-04-11,6m,WIPRO.NS,True,229.2076,0.048,0.1031,0.0551,-0.048,True,True,,,,https://www.youtube.com/watch?v=p1J-J5CDwYI,"You are paying a premium for pre-COVID growth that you don't know when will come, your margins won't expand, and your payout ratio is already at the maximum limit. So I don't understand what the attraction here is."
soic,HDFCBANK,india,hold-avoid,neutral,med,2025-04-10,2025-04-11,6m,HDFCBANK.NS,True,891.327,0.0962,0.1031,0.0069,-0.0962,True,True,,,,https://www.youtube.com/watch?v=p1J-J5CDwYI,"How fast is HDFC Bank growing today? I think last quarter its growth rate was 1% sequential... Now your growth rate is gone, your differentiation from everyone else is gone for 10 years."
soic,RELIANCE,india,hold-avoid,neutral,low,2025-04-10,2025-04-11,6m,RELIANCE.NS,True,1208.5133,0.1348,0.1031,-0.0317,-0.1348,False,True,,,,https://www.youtube.com/watch?v=p1J-J5CDwYI,Price hikes were taken by Reliance and Airtel. They are currently operating at high free cash flow margins... but now they are in a harvesting cycle. Can they sustain high earnings growth? No.
soic,SUDPHARMA,india,buy,up,med,2026-05-24,,,,,,,,,,,False,no price data,,1y,https://www.youtube.com/watch?v=pHKHCUB0wPc,"And in FY27 also, this business should grow faster in vertical from pharmaceutical food and nutrition... EBITDA margins will be recovered in the next couple of quarters... the company is saying that in the next couple of quarters it can go up to 37-38%."
soic,SUDPHARMA,india,buy,up,med,2026-05-24,,,,,,,,,,,False,no price data,,1y,https://www.youtube.com/watch?v=pHKHCUB0wPc,"So this is their break-up... The speciality ingredient business was growing faster in FY26. And in FY27 also, this business should grow faster... New customer approvals. Company mentions that in US and Europe they have cracked more than 50 customers in FY26. Which will lead to higher growth starting from FY27."
soic,SUDPHARMA,india,buy,up,low,2026-05-24,,,,,,,,,,,False,no price data,,,https://www.youtube.com/watch?v=pHKHCUB0wPc,There is a potential sale of 16-1800 crores. By FY30 when they can have a capacity of 1 lakh ton. So we have to track how the execution comes here.
soic,GOOGL,us,buy,up,high,2026-05-17,2026-05-18,6m,GOOGL,True,396.94,-0.0728,0.011,-0.0838,-0.0728,False,True,,,,https://www.youtube.com/watch?v=tAgFgB6VBBA,"I think Google could become an $8 to $10 trillion market cap company because NVIDIA is only in GPUs, while Google is present across the entire stack. Margins are expanding. It is a winner in the world of AI."
soic,GOOGL,us,buy,up,high,2026-05-17,2026-05-18,3m,GOOGL,True,396.94,-0.0728,0.011,-0.0838,-0.0728,False,True,,,3m,https://www.youtube.com/watch?v=tAgFgB6VBBA,30 times earnings pe 20-25% paid growth aa rahi hai. And it's a winner in the world of AI. Diss is the biggest business that I have personally studied and it's a winner in the AI world because of the integration activity that they are doing.
soic,GRAVITA,india,buy,up,med,2026-02-08,2026-02-09,6m,GRAVITA.NS,False,1674.3,0.0283,-0.0717,0.0999,0.0283,True,True,,,6m,https://www.youtube.com/watch?v=u7z-VVylDsE,I really liked Gravita's results. No capacity expansion this quarter but they still reported margin expansion. They are effectively doubling their capacity on an FY2 base. Volume growth in Q4 should show up strongly.
soic,PONDYOXID,india,buy,up,med,2026-02-08,,,,,,,,,,,False,no price data,,3m,https://www.youtube.com/watch?v=u7z-VVylDsE,"Pondy Oxide's numbers were really good too. New capacity went live in December, so volume growth also came through. Volume growth in Q4 should show up strongly."
soic,KARURVYSYA,india,buy,up,med,2026-02-08,2026-02-09,1y,KARURVYSYA.NS,False,326.55,-0.1066,-0.0717,-0.0349,-0.1066,False,True,,,1y,https://www.youtube.com/watch?v=u7z-VVylDsE,"Karur Vysya Bank, South Indian Bank, DCB Bank — there is a golden cycle ahead for all of them over the next three to four quarters. Core PAT growth will still be close to 10 to 15% for these companies, which trade at less than book value."
soic,SOUTHBANK,india,buy,up,med,2026-02-08,2026-02-09,1y,SOUTHBANK.NS,False,41.43,0.1697,-0.0717,0.2414,0.1697,True,True,,,1y,https://www.youtube.com/watch?v=u7z-VVylDsE,"South Indian Bank, Karur Vysya Bank, DCB Bank — there is a golden cycle ahead for all of them over the next three to four quarters. The PSU banks and regional banks doing well cycle could continue into FY27."
soic,DCBBANK,india,buy,up,med,2026-02-08,2026-02-09,1y,DCBBANK.NS,False,193.53,-0.0462,-0.0717,0.0255,-0.0462,True,True,,,1y,https://www.youtube.com/watch?v=u7z-VVylDsE,"DCB Bank, South Indian Bank, Karur Vysya Bank — there is a golden cycle ahead for all of them over the next three to four quarters. Core PAT growth of 10 to 15% for these companies trading at less than book value."
soic,TMB,india,buy,up,med,2026-02-08,2026-02-09,1y,TMB.NS,False,652.5941,0.1961,-0.0717,0.2678,0.1961,True,True,,,1y,https://www.youtube.com/watch?v=u7z-VVylDsE,"Tamilnad Mercantile Bank, Karur Vysya Bank, South Indian Bank — in sab ke liye golden cycle next three to four quarters. That cycle could continue into FY27 because these businesses still trade at very cheap valuations."
soic,JSWINFRA,india,buy,up,low,2026-02-08,2026-02-09,6m,JSWINFRA.NS,False,267.15,0.1535,-0.0717,0.2252,0.1535,True,True,,,6m,https://www.youtube.com/watch?v=u7z-VVylDsE,"JSW's numbers were slightly muted — those should also turn around by Q4 or Q1, when new port capacity goes live. Ports are natural beneficiaries of the shipping and inland water transportation theme."
soic,KRISHNADEF,india,buy,up,low,2025-07-13,2025-07-14,6m,KRISHNADEF.NS,False,858.6858,0.0913,0.024,0.0673,0.0913,True,True,,,3y,https://www.youtube.com/watch?v=yfcouNoKV3w,"Krishna Defense has a 3-4 year guidance of 500 crore in sales. If revenue growth comes in at 40%, the base case scenario yields a 20% CAGR. The bull case yields 40%. The bear case yields 2%."
soic,CHEMPLASTC,india,hold-avoid,down,med,2025-04-13,,,,,,,,,,,False,no price data,,,https://www.youtube.com/watch?v=zvoyOBqFlpU,"There are going to be tougher times in the PVC market. Prices have already crashed completely, and given the level of supply and the tariffs coming in now."
stock-moe,XRP,us,buy,up,med,2026-05-20,2026-05-20,1m,XRP,False,15.34,-0.1669,0.0074,-0.1743,-0.1669,False,True,,,1m,https://www.youtube.com/watch?v=-zFyWD9uBWE,"I believe we're going to have the 13 crossover the next few days, and you're going to rip higher. That's my opinion on what's going to happen. Just technically saying, we're going to rip higher."
stock-moe,XRP,us,buy,up,high,2026-04-20,2026-04-20,1y,XRP,False,16.02,-0.2022,0.0536,-0.2559,-0.2022,False,True,,10,1y,https://www.youtube.com/watch?v=1-jOE4wwCRE,"When you hear me talking about $10 XRP, it's because once we start to get up to that level, they can start transferring a massive amount quickly. I believe 350 but then it's going to quickly start to hit up to that eight to the to eight to 15 range."
stock-moe,BTC,us,buy,up,high,2026-04-20,2026-04-20,1m,BTC,False,33.78,0.0163,0.0459,-0.0296,0.0163,False,True,,,1m,https://www.youtube.com/watch?v=1IqBUAWkXAM,I'm expecting this to explode higher. Explode higher. This is one of my favorite setups... I'm probably going to try this one... I'm going to go in and do a a play... I'm in.
stock-moe,XRP,us,buy,up,med,2026-04-20,2026-04-20,1m,XRP,False,16.02,-0.0424,0.0459,-0.0883,-0.0424,False,True,,1.38,1m,https://www.youtube.com/watch?v=1IqBUAWkXAM,"For me to love this, there's one thing it needs to happen. One green candle to finish right here above this line. If we get a green candle finishing at say 138 or higher I love the setup."
stock-moe,XRP,us,buy,up,med,2026-05-30,2026-06-01,1m,XRP,False,14.53,-0.1204,-0.0156,-0.1049,-0.1204,False,True,,,1m,https://www.youtube.com/watch?v=09k7jK0OnYE,This may have been the generational bottom right here... XRP I told you if we get the peace deal should skyrocket back up. And I believe that because now the focus will be on the price of energy dropping.
stock-moe,BTC,us,sell,down,med,2026-06-06,2026-06-08,3m,BTC,False,28.03,-0.0068,0.0102,0.017,0.0068,True,True,,50000,3m,https://www.youtube.com/watch?v=00ehqGyF-EM,"Michael Saylor has stated without his buying... he would expect Bitcoin to be at 45 to 50,000 without the support of strategy buying Bitcoin on weekly buys. Well, they're not buying anymore. They're selling."
stock-moe,XRP,us,hold-avoid,down,high,2026-06-06,2026-06-08,1m,XRP,False,13.2,-0.0318,0.0102,0.042,0.0318,True,True,,1.11,1m,https://www.youtube.com/watch?v=00ehqGyF-EM,"I told you if we hit this, we were going all the way down to 111... Look where we're at right now, 113. You're 2 cents away, folks... We're going to be at 111, I'm telling you."
stock-moe,SATS,us,buy,up,high,2026-06-06,2026-06-08,6m,SATS,True,116.62,-0.0639,0.0102,-0.0741,-0.0639,False,True,,,6m,https://www.youtube.com/watch?v=21QnKhJBmuk,"my favorite way to buy it is absolutely going to be through EchoStar. All about it. I already bought a good six digits worth of this and I'm going to be adding some more on very, very soon."
stock-moe,GOOGL,us,buy,up,med,2026-06-06,2026-06-08,1y,GOOGL,True,363.31,0.013,0.0102,0.0028,0.013,True,True,,,1y,https://www.youtube.com/watch?v=21QnKhJBmuk,"Google's my favorite play... you can buy Google right now and you're going to own Google, basically YouTube, the search, all the cloud stuff they do, Gemini, Anthropic with Claude, and that's right, SpaceX."
stock-moe,TSLA,us,buy,up,med,2026-06-06,2026-06-08,1y,TSLA,True,408.95,-0.0207,0.0102,-0.0309,-0.0207,False,True,,,1y,https://www.youtube.com/watch?v=21QnKhJBmuk,"I think SpaceX and Tesla, maybe not in the next 12 months, but I figure within the next 36 months they will combine into one company... SpaceX will acquire Tesla. So, Elon Musk can gain control of the voting."
stock-moe,SATS,us,buy,up,high,2026-06-06,2026-06-08,6m,SATS,True,116.62,-0.0639,0.0102,-0.0741,-0.0639,False,True,,,6m,https://www.youtube.com/watch?v=0ueqK_pVSI4,I am going to um actually just stick to the method I'm doing... I'm going to swing trade it here for the first couple of weeks... I am also going to be looking at the long-term holdings as I go forward.
stock-moe,XRP,us,hold-avoid,down,med,2026-06-10,2026-06-10,1m,XRP,False,12.28,0.0407,0.032,-0.0087,-0.0407,False,True,,,1m,https://www.youtube.com/watch?v=1GDaMqLR95o,"I'm still bearish on it. I still think we got some we got to break that 5 EMA. Once we do, we'll be all right. I do not want to come back down below 115."
stock-moe,XRP,us,buy,up,med,2026-05-30,2026-06-01,1m,XRP,False,14.53,-0.1204,-0.0156,-0.1049,-0.1204,False,True,,1.4,1m,https://www.youtube.com/watch?v=3DJjR_8YwKo,"The buy zone for me when I look at the XRP price, anywhere in this zone. The 130 up to roughly 136 is where the support has come. I am expecting us to move up there and tap that [5 EMA at roughly 139-140]."
stock-moe,OXY,us,buy,up,med,2026-04-20,2026-04-20,3m,OXY,True,54.48,-0.0488,0.0536,-0.1025,-0.0488,False,True,,,3m,https://www.youtube.com/watch?v=3zmAW3NPBzI,"Occidental...if this starts to bounce, these are the ones I would personally be looking to ride over a few weeks and slash couple months. That could be a very very good play."
stock-moe,CVX,us,buy,up,med,2026-04-20,2026-04-20,3m,CVX,True,181.5868,-0.0438,0.0536,-0.0975,-0.0438,False,True,,,3m,https://www.youtube.com/watch?v=3zmAW3NPBzI,"CVX, Chevron...I like those. Oxy, Chevron...if this starts to bounce, these are the ones I would personally be looking to ride over a few weeks and slash couple months."
stock-moe,RTX,us,buy,up,med,2026-04-20,2026-04-20,3m,RTX,True,194.9778,-0.0481,0.0536,-0.1017,-0.0481,False,True,,,3m,https://www.youtube.com/watch?v=3zmAW3NPBzI,"RTX Corporation...Momentum play right there. 13 just crossed...I am expecting this to flip right back to green. The missiles, missile defense systems—if there is not true peace, they are going to do extremely well."
stock-moe,LMT,us,buy,up,med,2026-04-20,2026-04-20,3m,LMT,True,577.4994,-0.1152,0.0536,-0.1689,-0.1152,False,True,,,3m,https://www.youtube.com/watch?v=3zmAW3NPBzI,Lockheed Martin's another one I want you to look at...Negotiations failed. I am expecting this to flip right back to green.
stock-moe,PANW,us,buy,up,med,2026-04-20,2026-04-20,3m,PANW,True,169.56,0.6972,0.0536,0.6436,0.6972,True,True,,,3m,https://www.youtube.com/watch?v=3zmAW3NPBzI,"PANW, as we see more hostilities...if the peace doesn't hold, Iran starts to do these cyber warfare attacks, they're going to get a lot more orders. Pay attention to this."
stock-moe,CRWD,us,buy,up,med,2026-04-20,2026-04-20,3m,CRWD,True,433.15,0.5811,0.0536,0.5275,0.5811,True,True,,,3m,https://www.youtube.com/watch?v=3zmAW3NPBzI,"CrowdStrike...got this beautiful looking support here...upward moving higher lows, and we're right on it, and now we should start to bounce."
stock-moe,XRP,us,buy,up,med,2026-04-20,2026-04-20,3m,XRP,False,16.02,-0.2022,0.0536,-0.2559,-0.2022,False,True,,,3m,https://www.youtube.com/watch?v=3zmAW3NPBzI,"I do expect this to be a temporary pullback...if they announce the Clarity Act vote, this thing should look like a V-shape recovery. This thing should just take off."
stock-moe,BTC,us,buy,up,med,2026-04-20,2026-04-20,3m,BTC,False,33.78,-0.1758,0.0536,-0.2295,-0.1758,False,True,,,3m,https://www.youtube.com/watch?v=3zmAW3NPBzI,"Pay attention to the big three, XRP, Bitcoin, and Ethereum...Bitcoin always having the lead when it comes to storage of value. This has not reversed officially...I'm expecting a very quick U-turn."
stock-moe,ETH,us,buy,up,low,2026-04-20,2026-04-20,3m,ETH,False,22.14,-0.2678,0.0536,-0.3215,-0.2678,False,True,,,3m,https://www.youtube.com/watch?v=3zmAW3NPBzI,"Pay attention to the big three, XRP, Bitcoin, and Ethereum...once the government codifies this, commodity, all that stuff that goes with it, it's big."
stock-moe,GOOGL,us,buy,up,med,2026-05-20,2026-05-20,1y,GOOGL,True,388.91,-0.0537,0.0074,-0.0611,-0.0537,False,True,,,1y,https://www.youtube.com/watch?v=4K-VvJPf9Ag,I consider Google to be one of the best stocks to buy now...I am about to make one of the biggest potential winners...a massive massive massive purchase that I'm going to be doing.
stock-moe,XRP,us,buy,up,high,2026-05-20,2026-05-20,1m,XRP,False,15.34,-0.1669,0.0074,-0.1743,-0.1669,False,True,,1.61,1m,https://www.youtube.com/watch?v=4TmAiOYl2-8,"Once you blow through [150-154 sell zone]...you end up going all the way up to about 160 to 161...Slowly but steadily. As long as we're bouncing between 143 and 154, I'm okay."
stock-moe,XRP,us,buy,up,high,2026-04-20,2026-04-20,1y,XRP,False,16.02,-0.2022,0.0536,-0.2559,-0.2022,False,True,,12.0,1y,https://www.youtube.com/watch?v=4hWpWwD5gjM,"If we pass everything, pass it, signed, the war ends, oil drops...above $12 a piece by year's end if these events happen. The announcement of the Clarity Act markup vote will push us up to $1.60 to $1.80 zone."
stock-moe,BTC,us,buy,up,med,2026-04-20,2026-04-20,6m,BTC,False,33.78,-0.1758,0.0536,-0.2295,-0.1758,False,True,,,6m,https://www.youtube.com/watch?v=4hWpWwD5gjM,"The big three of Bitcoin, Ethereum, and XRP be the saviors in the idea of storage of value...yes. Once it is codified by law, folks, open the floodgates."
stock-moe,XRP,us,buy,up,high,2026-05-20,2026-05-20,1y,XRP,False,15.34,-0.1669,0.0074,-0.1743,-0.1669,False,True,,12.0,1y,https://www.youtube.com/watch?v=4jqQgy0HW3I,"I'm going to give...a good solid bullish case...above $12 a piece by year's end if certain things happen. The markup vote will push you above 180...moving up to the twos. If we pass everything, up to $12."
stock-moe,BTC,us,buy,up,med,2026-04-20,2026-04-20,3m,BTC,False,33.78,-0.1758,0.0536,-0.2295,-0.1758,False,True,,,3m,https://www.youtube.com/watch?v=52gdEf-KlRI,"We have confirmed officially with yesterday's candle...five crossed the 13, and then it crossed the 50 strongly. I'm expecting a continuation of this bullish pressure...push us higher by the time we get to Monday."
stock-moe,XRP,us,buy,up,med,2026-04-20,2026-04-20,1m,XRP,False,16.02,-0.0424,0.0459,-0.0883,-0.0424,False,True,,,1m,https://www.youtube.com/watch?v=52gdEf-KlRI,"If that thing [Clarity Act] gets announced, my BTC call option goes to the moon...if it gets announced, we're okay. Following the candles now, they are moving in the right direction."
stock-moe,SATS,us,buy,up,high,2026-06-08,2026-06-08,1y,SATS,True,116.62,-0.0639,0.0102,-0.0741,-0.0639,False,True,,140,1y,https://www.youtube.com/watch?v=dR-VAgzg1XA,EchoStar is my backdoor to owning the SpaceX stock. I am buying every share I can right now. I think 140 is easily doable within 12 months.
stock-moe,ZM,us,buy,up,high,2026-06-08,2026-06-08,1y,ZM,False,101.15,-0.1462,0.0102,-0.1564,-0.1462,False,True,,140,1y,https://www.youtube.com/watch?v=dR-VAgzg1XA,"I like Zoom. My backdoor right now is Zoom. I'm buying all I can right now. Within the next 12 months, if we have a solid strong Anthropic, you got a chance at getting up to 140 a share in a very serious way."
stock-moe,SPACEX,us,buy,up,high,2026-06-08,,,,,,,,,,,False,no price data,,1y,https://www.youtube.com/watch?v=dR-VAgzg1XA,I am buying every share I can of these plays. SpaceX IPO is coming out at $135 a share. Tech stocks average between 20 and 30% up from IPO price. I'm expecting much the same.
stock-moe,XRP,us,hold-avoid,down,med,2026-06-19,,,,,,,,,,,False,no entry price,109,1m,https://www.youtube.com/watch?v=ezI_sbBO5WQ,"We just had the five cross the 13. We hit the 50, and after we hit the 50 here, it is just straight downward. I'm expecting a retest 109. 109 is going to become a critical price point. If you fail at 109, this thing's going lower."
stock-moe,ETH,us,hold-avoid,down,med,2026-06-19,,,,,,,,,,,False,no entry price,1570,1m,https://www.youtube.com/watch?v=ezI_sbBO5WQ,"Ethereum was the one that was getting hit the worst. That thing, man, look at that. All the way down to 1,500. We are at 1,682. I am expecting this to wind on down to under 1,600 before and most likely down there to that 1,570 mark."
stock-moe,BTC,us,hold-avoid,down,med,2026-06-19,,,,,,,,,,,False,no entry price,61000,1m,https://www.youtube.com/watch?v=ezI_sbBO5WQ,"Get into Bitcoin, you're saying what's going on. That top and they almost look like twins, and all of a sudden it starts collapsing. We're going to retest the low. The low was down here around 60 61,000, little under 61,000."
stock-moe,SPACEX,us,buy,up,high,2026-06-18,,,,,,,,,,,False,no price data,232,1m,https://www.youtube.com/watch?v=hAgrCXjoAJo,I am going to show you where I expect the price to be. I have a mean of 228 for July 1st. On July 2nd I have a mean of 235. So between these two days I'm expecting the price to be at around 231.50. I started buying today.
stock-moe,AAL,us,buy,up,med,2026-06-18,,,,,,,,,,,False,no exit price in any horizon,,3m,https://www.youtube.com/watch?v=hAgrCXjoAJo,"AAL. You guys know I like that one for because the jet fuel is going to go down. They do the spot market. So, look, if I'm saying things and you're like, 'How's he know all this?' This is what we do as a community."
stock-moe,SPACEX,us,buy,up,med,2026-06-18,,,,,,,,,,,False,no price data,,1m,https://www.youtube.com/watch?v=hG-1zCcSVI4,"If we break 224, it doesn't matter. The demand for shares is so big. I do believe we're going to see a run up in price. I already started adding on. I'm going to be one of the people selling into this event around July 2nd."
stock-moe,XRP,us,hold-avoid,down,high,2026-05-30,2026-06-01,1m,XRP,False,14.53,-0.1204,-0.0156,0.1049,0.1204,True,True,,1.25,1m,https://www.youtube.com/watch?v=iJPoUjJUUD4,"XRP price prediction I have is that we will hold at the 125. We're not going to sink below 125. I actually think that would be the ultimate low, and we would start to climb back out of there."
stock-moe,BTC,us,sell,down,high,2026-05-30,2026-06-01,1m,BTC,False,31.61,-0.1193,-0.0156,0.1037,0.1193,True,True,,73000,1m,https://www.youtube.com/watch?v=iJPoUjJUUD4,"I actually think we're coming back down to the 73,000 mark. Bitcoin absolutely went lower. Not only did it go lower, it's set up for a massive push down over the next few days."
stock-moe,ETH,us,sell,down,med,2026-05-30,2026-06-01,1m,ETH,False,19.01,-0.1473,-0.0156,0.1317,0.1473,True,True,,1985,1m,https://www.youtube.com/watch?v=iJPoUjJUUD4,I actually think we are going to come back down and retest uh 1985 on Ethereum. I'm telling you that up front.
stock-moe,XRP,us,buy,up,med,2026-05-20,2026-05-20,1m,XRP,False,15.34,-0.1669,0.0074,-0.1743,-0.1669,False,True,,1.8,1m,https://www.youtube.com/watch?v=j3JIk_bKW9M,If you get bipartisan support... I expect this to go through... I would expect that we would test a dollar eighty within the next week or two.
stock-moe,XLM,us,hold-avoid,down,med,2026-06-06,,,,,,,,,,,False,no price data,0.2044,1m,https://www.youtube.com/watch?v=jZ8KoWuBrD8,I believe we're going to need to come down and retest this 20.44 cents. I am looking to take a position once the initial all this initial FOMO dies down.
stock-moe,XLM,us,buy,up,med,2026-06-06,,,,,,,,,,,False,no price data,0.5,6m,https://www.youtube.com/watch?v=jZ8KoWuBrD8,"I believe by the end of this year, you're going to have a 25-cent to 50-cent finishing price. I am willing to allocate some of my funds to the crypto project."
stock-moe,XRP,us,buy,up,med,2026-06-06,2026-06-08,6m,XRP,False,13.2,-0.0318,0.0102,-0.042,-0.0318,False,True,,3.5,6m,https://www.youtube.com/watch?v=jZ8KoWuBrD8,"I told you this could be a generational low at $1.26. If the Clarity Act passes within 12 months, it should be roughly 350 a share."
stock-moe,SPCX,us,buy,up,high,2026-06-17,2026-06-17,1m,SPCX,False,191.82,-0.0356,0.0104,-0.046,-0.0356,False,True,,,1m,https://www.youtube.com/watch?v=l7hiMrZ6OQ4,"I told you in the last video, I'm buying as much as I possibly can. From here up to inclusion day, you're going to have a lot of upward pressure on the price. I am absolutely terrified at the lockup expiration point."
stock-moe,RKLB,us,buy,up,low,2026-06-17,2026-06-17,1m,RKLB,False,107.98,-0.0069,0.0104,-0.0173,-0.0069,False,True,,,1m,https://www.youtube.com/watch?v=l7hiMrZ6OQ4,"I actually think this thing's going to march higher all the way up through Thursday, and I might play this one as a swing trade in the Discord as one of my best stocks to buy now."
stock-moe,SATS,us,buy,up,med,2026-06-17,2026-06-17,3m,SATS,True,111.7,-0.0226,0.0104,-0.033,-0.0226,False,True,,150,3m,https://www.youtube.com/watch?v=l7hiMrZ6OQ4,"EchoStar back up to 120. Remember, I told you it should be trading 140, 150, 160 right now based on what SpaceX is worth. But it's only at 120. There's so much potential here."
stock-moe,XRP,us,sell,down,high,2026-05-30,2026-06-01,1m,XRP,False,14.53,-0.1204,-0.0156,0.1049,0.1204,True,True,,1.28,1m,https://www.youtube.com/watch?v=lgzlyBKHZy0,"I am expecting XRP to hit 128. We have teased this multiple times during selloffs. I think we go down another five cents here shortly. I figure in the next week or two, we will be down there."
stock-moe,BTC,us,sell,down,high,2026-05-30,2026-06-01,1m,BTC,False,31.61,-0.1193,-0.0156,0.1037,0.1193,True,True,,70000,1m,https://www.youtube.com/watch?v=lgzlyBKHZy0,"I think we're going down and retesting 70. Now, that's on Bitcoin. I believe the price to absolutely go down, which it finally did. And when it goes down, it gives me the ability to buy back in at a much cheaper price."
stock-moe,MSFT,us,buy,up,med,2026-05-23,2026-05-26,1y,MSFT,True,416.03,-0.088,-0.0051,-0.0829,-0.088,False,True,,,1y,https://www.youtube.com/watch?v=lpsvTYDNBfM,I agree that Microsoft is a powerhouse opportunity. I love the forward earnings. I love the PE he got into. This has made the short list. I am personally looking at this. I have not pulled the trigger yet in buying.
stock-moe,AMZN,us,buy,up,med,2026-05-23,2026-05-26,1y,AMZN,True,265.29,-0.0788,-0.0051,-0.0737,-0.0788,False,True,,,1y,https://www.youtube.com/watch?v=lpsvTYDNBfM,"Amazon is Amazon, man. It's setting up for a nice stock mode unicorn. I love it. I think this has a good setup. Amazon gives them the ability to save money. Amazon's not going anywhere."
stock-moe,GOOGL,us,buy,up,high,2026-05-23,2026-05-26,1y,GOOGL,True,388.88,-0.0536,-0.0051,-0.0485,-0.0536,False,True,,,1y,https://www.youtube.com/watch?v=lpsvTYDNBfM,Alphabet is one of the best stocks to buy now in my humble opinion. That's your number three best stock to buy now. Massive opportunity. I like that one. I have a ton of it now.
stock-moe,NVDA,us,buy,up,med,2026-05-23,2026-05-26,3m,NVDA,True,214.6099,-0.0183,-0.0051,-0.0131,-0.0183,False,True,,,3m,https://www.youtube.com/watch?v=lpsvTYDNBfM,"Nvidia. BlackRock, who controls 14 to 16 trillion dollars. They got Nvidia, their go-to. Do not be surprised over the next few weeks you see this bounce a little bit below the 13 and take off."
stock-moe,XRP,us,buy,up,high,2026-04-20,2026-04-20,6m,XRP,False,16.02,-0.2022,0.0536,-0.2559,-0.2022,False,True,,3.0,6m,https://www.youtube.com/watch?v=lrtmT16af_U,If the Clarity Act passes and signs before the end of June by the end of the year we will be over $3 a piece for my XRP price prediction. That's a massive massive gain for my portfolio if it happens.
stock-moe,XRP,us,buy,up,med,2026-04-20,2026-04-20,1m,XRP,False,16.02,-0.0424,0.0459,-0.0883,-0.0424,False,True,,1.37,1m,https://www.youtube.com/watch?v=lg_ussggwYQ,"Once you break 137, have a finishing candle, it's takeoff. We want to get back up there. This would be the stock boat trio. You have the flipening of the 513 finally for XRP using my indicator."
stock-moe,BTC,us,buy,up,med,2026-04-20,2026-04-20,3m,BTC,False,33.78,-0.1758,0.0536,-0.2295,-0.1758,False,True,,,3m,https://www.youtube.com/watch?v=lg_ussggwYQ,"Bitcoin on the daily is setting up for a massive, massive pump. The 5 EMA is coming up to the 50. When it crosses, look at this — a massive candle, going all the way up to 126."
stock-moe,XRP,us,buy,up,high,2026-04-20,2026-04-20,1m,XRP,False,16.02,-0.0424,0.0459,-0.0883,-0.0424,False,True,,144.79,1m,https://www.youtube.com/watch?v=lucOkqjGoIc,I am expecting within the next 7 days we will be at the 144.79 and I think that's going to happen. I'm just being blunt.
stock-moe,XRP,us,hold-avoid,down,med,2026-04-20,2026-04-20,1m,XRP,False,16.02,-0.0424,0.0459,0.0883,0.0424,True,True,,122.5,1m,https://www.youtube.com/watch?v=mGvOeJ5lNwg,if that mission is a go... you will see a whiplash. A whiplash being a massive sell-off that probably down to 125 to 120 range and then a V-shape kind of back up where people buy it.
stock-moe,XRP,us,buy,up,med,2026-05-20,2026-05-20,1m,XRP,False,15.34,-0.1669,0.0074,-0.1743,-0.1669,False,True,,151.0,1m,https://www.youtube.com/watch?v=m_HyWLLchY4,"Once we did, we got up to the next little zone, next resistance... I told you I did not want to get below the 50 EMA... I think we get above 150 with a positive announcement."
stock-moe,XRP,us,buy,up,high,2026-05-20,2026-05-20,1m,XRP,False,15.34,-0.1669,0.0074,-0.1743,-0.1669,False,True,,161.0,1m,https://www.youtube.com/watch?v=mjqM1AR_ZxY,you should be running all the way back up to 150 151... my price prediction is this... you're running up there 160 161.
stock-moe,BTC,us,buy,up,med,2026-05-20,2026-05-20,1m,BTC,False,34.33,-0.189,0.0074,-0.1965,-0.189,False,True,,86000.0,1m,https://www.youtube.com/watch?v=mjqM1AR_ZxY,"If you see Bitcoin going to its to new near-term highs, expect XRP to do much the same... We'll be back to 85, 86,000 on Bitcoin."
stock-moe,ETH,us,buy,up,med,2026-05-20,2026-05-20,1m,ETH,False,20.3,-0.2015,0.0074,-0.2089,-0.2015,False,True,,2421.0,1m,https://www.youtube.com/watch?v=mjqM1AR_ZxY,"I'm expecting it to cross up here soon, 2421, and then we have our chance to run more. So, I like what I'm seeing."
stock-moe,XRP,us,buy,up,med,2026-04-20,2026-04-20,1m,XRP,False,16.02,-0.0424,0.0459,-0.0883,-0.0424,False,True,,,1m,https://www.youtube.com/watch?v=nDOtGKUWvy8,I'm looking for over the next three candles is normally you're going to have a massive push up. And it's going to go above the 50 EMA and everything... within the next 72 hours.
stock-moe,BTC,us,buy,up,med,2026-04-20,2026-04-20,1m,BTC,False,33.78,0.0163,0.0459,-0.0296,0.0163,False,True,,86000.0,1m,https://www.youtube.com/watch?v=nDOtGKUWvy8,"Bitcoin obviously leads the way... We'll be back to 85, 86,000 on Bitcoin. Look at these split. But we need that to run, then the altcoins will follow."
stock-moe,OPENAI,us,buy,up,med,2026-06-19,,,,,,,,,,,False,no price data,,1y,https://www.youtube.com/watch?v=nJwIbAT0Pl8,"We have Open AI, we have uh Enthropic, they're both coming up... I'm going to play both. Don't worry about that. I believe they're going to be some of the best opportunities for us to take advantage."
stock-moe,ANTHROPIC,us,buy,up,med,2026-06-19,,,,,,,,,,,False,no price data,,1y,https://www.youtube.com/watch?v=nJwIbAT0Pl8,I personally between the two like Anthropic... the one that intrigues me is Anthropic. I like it. I use it... I believe it's going to continue to be one of the best out there.
stock-moe,SPCE,us,buy,up,med,2026-06-06,2026-06-08,1m,SPCE,False,4.12,-0.1359,0.0102,-0.1461,-0.1359,False,True,,175.5,1m,https://www.youtube.com/watch?v=nuwWS4hI2Co,I believe personally that you're going to see the SpaceX stock hit 17550. I believe you probably will get that five out of 10 days where it's there.
stock-moe,TSLA,us,buy,up,low,2026-06-06,2026-06-08,3m,TSLA,True,408.95,-0.0207,0.0102,-0.0309,-0.0207,False,True,,,3m,https://www.youtube.com/watch?v=nuwWS4hI2Co,I think it happens within the next 3 years. I don't think I think by then you will have a massive SpaceX company... bringing it into SpaceX... it can do whatever he wants with the overall company.
stock-moe,XRP,us,buy,up,med,2026-05-20,2026-05-20,3m,XRP,False,15.34,-0.1669,0.0074,-0.1743,-0.1669,False,True,,2.0,3m,https://www.youtube.com/watch?v=oB5RHkGGtj4,"If you get a nice 60 cent run from there, expect this to possibly push all the way up from one, you know, 150 to $2 range in there."
stock-moe,XRP,us,buy,up,med,2026-04-20,2026-04-20,1m,XRP,False,16.02,-0.0424,0.0459,-0.0883,-0.0424,False,True,,,1m,https://www.youtube.com/watch?v=oPJLmHAXB3U,"Once that passes, you free up institutional money and it's game over. It's a beautiful thing... The XRP price prediction, it's looking okay. We're in that zone still."
stock-moe,QQQ,us,buy,up,med,2026-04-20,2026-04-20,1m,QQQ,False,646.79,0.1026,0.0459,0.0567,0.1026,True,True,,597.9,1m,https://www.youtube.com/watch?v=oPJLmHAXB3U,I'm expecting to see 597.9 hit in the next few days and then bouncing back up if nothing bad happens over the weekend.
stock-moe,XRP,us,buy,up,high,2026-04-20,2026-04-20,1y,XRP,False,16.02,-0.2022,0.0536,-0.2559,-0.2022,False,True,,3.5,1y,https://www.youtube.com/watch?v=p1dYSzgT4Sw,"Once the Clarity Act itself passes, just the Clarity Act, my price prediction for XRP goes to $3.50 to $8 within 12 months. That is my price prediction. Now, I believe my base case is 350."
stock-moe,XRP,us,buy,up,med,2026-05-20,2026-05-20,1m,XRP,False,15.34,-0.1669,0.0074,-0.1743,-0.1669,False,True,,1.51,1m,https://www.youtube.com/watch?v=qoQVGcMLfrE,I told you we'd break this... we moved right up there to the 150 151... If it is a bipartisan compromise they agree on it... 175. Roughly up to this.
stock-moe,XRP,us,buy,up,med,2026-05-20,2026-05-20,1m,XRP,False,15.34,-0.1669,0.0074,-0.1743,-0.1669,False,True,,1.51,1m,https://www.youtube.com/watch?v=qxtdhuWG8A4,"once they announce a markup vote, we should get a very nice candle... I'm expecting us to break that and retest all the way up on that candle at 151."
stock-moe,SPACEX,us,buy,up,high,2026-06-12,,,,,,,,,,,False,no price data,170.0,1m,https://www.youtube.com/watch?v=qzVZYMsOBGg,I think it settles at roughly 170 165 to 172 for those who can sell or choose to sell. And but that pushes us up possibly 20 to 30% above the 135. I am fully expecting to see the stock pop.
stock-moe,SATS,us,buy,up,med,2026-06-12,2026-06-12,3m,SATS,True,114.08,-0.043,0.0093,-0.0524,-0.043,False,True,,180.0,3m,https://www.youtube.com/watch?v=qzVZYMsOBGg,I have Echoar really should be trading between 176 to 185. That's what it should be... It's the most heavily shorted company in the sector. I am watching for that short squeeze.
stock-moe,SPCX,us,buy,up,high,2026-06-14,2026-06-15,1m,SPCX,False,192.5,-0.039,-0.0082,-0.0308,-0.039,False,True,,,1m,https://www.youtube.com/watch?v=sWC6FmSyIxY,I am going to be playing this aggressively. I'm talking six figures...I am expecting upward pressure...I believe it gives me one of the biggest opportunities over the next four weeks to play the SpaceX inclusion into the Russell and the inclusion into the NASDAQ.
stock-moe,ECHOR,us,buy,up,med,2026-06-14,,,,,,,,,,,False,no price data,,1m,https://www.youtube.com/watch?v=sWC6FmSyIxY,"For the Echoar, it should help that as well...as you get SpaceX moving higher, I'm hopeful we will see Echoar moving up as well."
stock-moe,XRP,us,buy,up,med,2026-05-20,2026-05-20,1m,XRP,False,15.34,-0.1669,0.0074,-0.1743,-0.1669,False,True,,143.625,1m,https://www.youtube.com/watch?v=t34yC3mRIN8,"I expect this to run up and hit the green line again, which is roughly at 143 5/8...I think we're actually going to move higher...if they get the ethics done, folks, giddy up. If they agree on that, this thing goes through the roof."
stock-moe,SPCX,us,buy,up,med,2026-06-12,2026-06-12,1m,SPCX,False,160.95,0.1494,0.0093,0.1401,0.1494,True,True,,205,1m,https://www.youtube.com/watch?v=uiyMl_QiuQA,I believe the SpaceX IPO is going to top out roughly I would say 180 to 205 in that zone will be the top candle wick.
stock-moe,ECHOR,us,buy,up,high,2026-06-12,,,,,,,,,,,False,no price data,,1m,https://www.youtube.com/watch?v=uiyMl_QiuQA,"If you listen to me when I said this is the absolute zone of buying for the people who know...this is a buy zone. If you bought Echoar, Echoar is now in the post hours trading at 13550, 135, not 109. If you listen to me in the last four days, you just made 20%."
stock-moe,ANTH,us,buy,up,high,2026-06-12,2026-06-12,6m,ANTH,False,0.001,0.0,0.0093,-0.0093,0.0,False,True,,,6m,https://www.youtube.com/watch?v=uiyMl_QiuQA,"Do not sleep on the Anthropic, guys. I'm telling you, I got an inside track I'm going to be talking about...I got ways to get access...we're going to nail this thing, too. I believe between August and October is going to be big."
stock-moe,OPENAI,us,buy,up,med,2026-06-12,,,,,,,,,,,False,no price data,,6m,https://www.youtube.com/watch?v=uiyMl_QiuQA,"We have Anthropic coming up shortly, Open AI coming up shortly...I believe between August and October is going to be big...you're going to want to be on these platforms."
stock-moe,XRP,us,buy,up,high,2026-05-20,2026-05-20,1y,XRP,False,15.34,-0.1669,0.0074,-0.1743,-0.1669,False,True,,,1y,https://www.youtube.com/watch?v=wY0usruUHYw,"XRP will absolutely run if we get clarity. I don't think it's if, it's when...institutions can propel us to the moon...65% are waiting on clarity...once they get clarity, they're going to add. That's massive."
stock-moe,XRP,us,buy,up,high,2026-04-20,2026-04-20,3m,XRP,False,16.02,-0.2022,0.0536,-0.2559,-0.2022,False,True,,160,3m,https://www.youtube.com/watch?v=wvKQ4nYY_rA,"My XRP price prediction, 160 once we take out the 50 EMA. Once we break out above the 138 and can confirm, you're going to take out 140 easily...in discovery, in my opinion, we're moving back up to that 160 zone."
stock-moe,QQQ,us,buy,up,med,2026-04-20,2026-04-20,1m,QQQ,False,646.79,0.1026,0.0459,0.0567,0.1026,True,True,,,1m,https://www.youtube.com/watch?v=wvKQ4nYY_rA,"The 13 just crossed. Massive signal. And when you get this signal, more times than not, in the next three days, we are going to be higher by the end of the week...expect this to continue to go higher."
stock-moe,XRP,us,buy,up,med,2026-05-20,2026-05-20,3m,XRP,False,15.34,-0.1669,0.0074,-0.1743,-0.1669,False,True,,,3m,https://www.youtube.com/watch?v=xFYBeMVnilU,"As long as we hold 136.83, we're okay...if we get back above 139 and a half, I'll feel all warm and fuzzy...the algorithm instantly bought off that 61.8 and pushed it back up. That is the line."
stock-moe,XRP,us,buy,up,high,2026-05-20,2026-05-20,1m,XRP,False,15.34,-0.1669,0.0074,-0.1743,-0.1669,False,True,,151,1m,https://www.youtube.com/watch?v=5wGzj1IiWzo,"I think we're going to go right by 147. But that's where I think we're going to hit 151. Now, at that point you should see some really good sustained movement."
stock-moe,XRP,us,buy,up,med,2026-05-20,2026-05-20,1m,XRP,False,15.34,-0.1669,0.0074,-0.1743,-0.1669,False,True,,148,1m,https://www.youtube.com/watch?v=6JTpFrw2NKk,"I'm not going to be shocked within 24 to 48 hours that we are back up to 148. That's on XRP. So, we're at 140. That would be roughly a 5 to 6% gain."
stock-moe,XRP,us,hold-avoid,down,med,2026-05-30,2026-06-01,3m,XRP,False,14.53,-0.1204,-0.0156,0.1049,0.1204,True,True,,,3m,https://www.youtube.com/watch?v=5zVv4Qau40w,"you have downward pressure until the end of June, into July, and then they'll mash the Ag Committee and Banking Committee together...the longer it drags out, the more downward pressure this pushes."
stock-moe,QQQ,us,buy,up,med,2026-05-30,2026-06-01,1m,QQQ,False,742.74,-0.0029,-0.0156,0.0127,-0.0029,True,True,,,1m,https://www.youtube.com/watch?v=5zVv4Qau40w,"if we get peace in the Middle East with Iran and the US, you're going to see this go even higher. And I got plays I just bought that I believe are going to take fully advantage of this."
stock-moe,XRP,us,hold-avoid,down,med,2026-05-30,2026-06-01,3m,XRP,False,14.53,-0.1204,-0.0156,0.1049,0.1204,True,True,,,3m,https://www.youtube.com/watch?v=62wGM9kIAJA,"I see you're going to have downward pressure until the end of June, into July...drama all the way up to the end of June. So I figure you're going to have drama all the way up to the end of June."
stock-moe,QQQ,us,buy,up,med,2026-05-30,2026-06-01,1m,QQQ,False,742.74,-0.0029,-0.0156,0.0127,-0.0029,True,True,,,1m,https://www.youtube.com/watch?v=62wGM9kIAJA,"Look at the queues, they're at all-time highs, folks. Who said we can't go higher? All-time highs. We gapped up based on the possibility of peace. If we get peace in the Middle East with Iran and the US, you're going to see this go even higher."
stock-moe,SATS,us,buy,up,high,2026-06-06,2026-06-08,3m,SATS,True,116.62,-0.0639,0.0102,-0.0741,-0.0639,False,True,,155,3m,https://www.youtube.com/watch?v=6TasQMnnklw,"I am buying every share I can over the next 48 hours for this stock...between 116 and 104, this is my buy area. This is where I want to load up...institutional target price of roughly $155 a share."
stock-moe,SPACEX,us,buy,up,med,2026-06-06,,,,,,,,,,,False,no price data,172,1m,https://www.youtube.com/watch?v=6TasQMnnklw,I think it's going to go up 30%. I think it's going to get up to 2.2 something trillion-dollar company. They're going to get the average tech play like this does go up 30% on that IPO pop.
stock-moe,SPACEX,us,buy,up,med,2026-06-12,,,,,,,,,,,False,no price data,172,1m,https://www.youtube.com/watch?v=6OEmn6jrfHY,The stock will officially open for public trading midday...going 168 to 162 to 168 zone...push it up to about 180 to 185...they'll sell into it...go 165 back down to 172 zone. I think that's where we end up by end of day.
stock-moe,SATS,us,buy,up,med,2026-06-12,2026-06-12,1m,SATS,True,114.08,-0.043,0.0093,-0.0524,-0.043,False,True,,145,1m,https://www.youtube.com/watch?v=6OEmn6jrfHY,"EchoStar, you guys know I have this...I could see us getting up to 135-145 by the end of the day if we close between 165 to 172."
stock-moe,XRP,us,buy,up,high,2026-04-20,2026-04-20,1m,XRP,False,16.02,-0.0424,0.0459,-0.0883,-0.0424,False,True,,,1m,https://www.youtube.com/watch?v=78Ggvah9qTM,"If we break 137 and we confirm nicely, you are going to see a rocket...once they announce a markup vote that is when the game is over."
stock-moe,KR,us,sell,down,med,2026-04-20,2026-04-20,1m,KR,True,67.5342,0.017,0.0459,0.0289,-0.017,True,True,,,1m,https://www.youtube.com/watch?v=78Ggvah9qTM,"Kroger. I got the puts on it. It's one of my big plays for the day. Look at this. We hit it. We are coming down. The five has crossed...Normally on these setups, I see more times than not we will continue down."
stock-moe,CDW,us,buy,up,med,2026-04-20,2026-04-20,1m,CDW,True,136.85,-0.2239,0.0459,-0.2698,-0.2239,False,True,,,1m,https://www.youtube.com/watch?v=78Ggvah9qTM,"CDW uh the CDW. So, we come in the CDW, you're going to see the exact opposite...We will probably consolidate and then rip again. I've seen this a million times. That is my expectation."
stock-moe,XRP,us,buy,up,high,2026-05-20,2026-05-20,6m,XRP,False,15.34,-0.1669,0.0074,-0.1743,-0.1669,False,True,,,6m,https://www.youtube.com/watch?v=7Or_zNXB6v4,"Once it is done, buckle up, kids. It's going to get fun...institutional inflows...the billions and trillions of dollars waiting on the sideline will be allowed to legally come in once the Clarity Act is signed."
stock-moe,XRP,us,buy,up,high,2026-06-06,2026-06-08,1m,XRP,False,13.2,-0.0318,0.0102,-0.042,-0.0318,False,True,,,1m,https://www.youtube.com/watch?v=8H_S8h-Zo_U,I told you I believe that this day was going to be a generational low. Possibly possibly if we get the peace deal...I believe the generational low may be in at 126.
stock-moe,QQQ,us,sell,down,med,2026-06-11,2026-06-11,1m,QQQ,False,717.12,0.0328,0.0148,-0.018,-0.0328,False,True,,,1m,https://www.youtube.com/watch?v=8WdVrDGBPkc,"I think we're bearish for now. I think we have some issues profit taking there. If you have a candle finish in this zone or lower, I think we're going to dump nasty."
stock-moe,XRP,us,sell,down,med,2026-06-11,2026-06-11,1m,XRP,False,12.78,0.0,0.0148,0.0148,-0.0,True,True,,1.09,1m,https://www.youtube.com/watch?v=8WdVrDGBPkc,I'm expecting that within the next two days that we'll hit 109. Doesn't mean we're going to stay there. We could easily bounce back up and get a double bottom.
stock-moe,BTC,us,sell,down,high,2026-06-11,2026-06-11,1m,BTC,False,28.11,-0.0096,0.0148,0.0244,0.0096,True,True,,50000,1m,https://www.youtube.com/watch?v=8WdVrDGBPkc,"If we finish below this line, I actually think we're going to dip really hard. And if we hit below this line, I already told you I think we're going down to 50,000 on Bitcoin."
stock-moe,GOOGL,us,buy,up,high,2026-06-11,2026-06-11,1y,GOOGL,True,357.77,0.0287,0.0148,0.0139,0.0287,True,True,,,1y,https://www.youtube.com/watch?v=8WdVrDGBPkc,"To me, honestly, one of the best companies in the world to own is Alphabet, aka Google. Just absolute to me, it's a no-brainer. I don't talk a lot about the best stocks to buy now, but I can tell you one I'm comfortable with is Google. To me, it's my number one stock."
stock-moe,BTC,us,sell,down,med,2026-05-30,2026-06-01,1m,BTC,False,31.61,-0.1193,-0.0156,0.1037,0.1193,True,True,,70000,1m,https://www.youtube.com/watch?v=8bCIchrUXso,"I think we're going back down to 70. 70 to 71,000 is my honest opinion on this. The Bollinger bands opening up. This is coming down."
stock-moe,XRP,us,buy,up,high,2026-05-20,2026-05-20,1y,XRP,False,15.34,-0.1669,0.0074,-0.1743,-0.1669,False,True,,3.5,1y,https://www.youtube.com/watch?v=92q0wqas69A,"my XRP price prediction is we go up to 350 within 12 months. And we're at 131 right now. That's a big move. But, if it fails, I do think we go down to a buck."
stock-moe,SPCX,us,buy,up,high,2026-06-16,2026-06-16,1m,SPCX,False,211.39,-0.1248,-0.0022,-0.1226,-0.1248,False,True,,175,1m,https://www.youtube.com/watch?v=9fCaJJMwSqE,I am buying all the shares I can get going into the events I am talking about in this video for SpaceX. I believe we will get up 30% from the 135. My opinion is that you will see 175 or higher for those five out of 10 days.
stock-moe,XRP,us,buy,up,high,2026-05-30,2026-06-01,1y,XRP,False,14.53,-0.1204,-0.0156,-0.1049,-0.1204,False,True,,3.5,1y,https://www.youtube.com/watch?v=9wuXOk7_sTY,I'm on the side that they're going to get the Clarity Act over the finish line by August. My XRP price prediction is we go up to 350 within 12 months. And we're at 131 right now.
stock-moe,XRP,us,buy,up,med,2026-05-20,2026-05-20,1m,XRP,False,15.34,-0.1669,0.0074,-0.1743,-0.1669,False,True,,1.47,1m,https://www.youtube.com/watch?v=AijY9H1FKbM,"After that vote hits, it just should be takeoff. That vote hits, it's bipartisan. We break out of this kind of range you guys have seen me have here for months. The first big roadblock keeping this price down is the markup vote. Once done, we break out and target 147."
stock-moe,QQQ,us,sell,down,med,2026-04-20,2026-04-20,1m,QQQ,False,646.79,0.1026,0.0459,-0.0567,-0.1026,False,True,,635,1m,https://www.youtube.com/watch?v=D7XrV4eS78o,"I would guess that we would come back down, hit this which was resistance, should act as support at this point. The Q's down to roughly 635 and I would hope on any kind of news that we would bounce up."
stock-moe,SATS,us,buy,up,med,2026-06-13,2026-06-15,1m,SATS,True,117.87,-0.0738,-0.0082,-0.0656,-0.0738,False,True,,,1m,https://www.youtube.com/watch?v=ETuNWTl_eYQ,"If we cross this around 115, you're going to be okay. It should start to march higher. I have a feeling that you will see EchoStar rebound a little bit. So, I want the right to buy 100 shares."
stock-moe,SPCX,us,sell,down,med,2026-06-13,2026-06-15,3m,SPCX,False,192.5,-0.039,-0.0082,0.0308,0.039,True,True,,,3m,https://www.youtube.com/watch?v=ETuNWTl_eYQ,"In August you're going to have a massive lockup expiration. I would expect the price of the stock to go lower with this lockup period because they only released 4.2% today. At 70 days another 7%, 90 days another 7%. It's a lot of selling."
stock-moe,XRP,us,sell,down,high,2026-05-20,2026-05-20,1m,XRP,False,15.34,-0.1669,0.0074,0.1743,0.1669,True,True,,1.31,1m,https://www.youtube.com/watch?v=EaIn6yNZ7Xc,"If we fail here, I am 100% expecting us to go back down to 131. Terrible. Now, if it hits 138 or lower, you guys know the deal. That is what we get."
stock-moe,SATS,us,buy,up,high,2026-06-13,2026-06-15,1m,SATS,True,117.87,-0.0738,-0.0082,-0.0656,-0.0738,False,True,,185,1m,https://www.youtube.com/watch?v=ExyXorTeC0w,"if SpaceX goes to 180 and closes, I think this should be anywhere from 165 to 185 zone. You guys heard me right. That's a massive jump."
stock-moe,SATS,us,buy,up,high,2026-06-06,2026-06-08,1m,SATS,True,116.62,-0.0639,0.0102,-0.0741,-0.0639,False,True,,200,1m,https://www.youtube.com/watch?v=FuXOsd1nexQ,"I went big. I'm buying every share I possibly can before it... I have a price of 150 to 200 depending if we get that 30% pop. We get the 30% pop, I should be able to do very, very well on this."
stock-moe,TSLA,us,buy,up,med,2026-06-06,2026-06-08,1y,TSLA,True,408.95,-0.0207,0.0102,-0.0309,-0.0207,False,True,,,1y,https://www.youtube.com/watch?v=FuXOsd1nexQ,"I like Tesla. One, Optimus. You got the cabs... I'll be shocked if in the next 36 months Tesla is no more. I believe it'll happen within the next 36 months. If you own Tesla, you will eventually be SpaceX."
stock-moe,BTC,us,buy,up,med,2026-06-06,2026-06-08,1m,BTC,False,28.03,-0.0068,0.0102,-0.017,-0.0068,False,True,,,1m,https://www.youtube.com/watch?v=Gn_hQYwsn1Q,anywhere in here is a really good buy zone for the long term. We are there... RSI got all the way down to like 22. Way oversold. Way oversold.
stock-moe,XRP,us,buy,up,med,2026-06-06,2026-06-08,1m,XRP,False,13.2,-0.0318,0.0102,-0.042,-0.0318,False,True,,,1m,https://www.youtube.com/watch?v=Gn_hQYwsn1Q,we are at the zone... This is what I was telling you would be the ultimate zone to watch. We're at 121... we keep moving lower... do believe we're getting close to that low.
stock-moe,ETH,us,buy,up,med,2026-06-06,2026-06-08,1m,ETH,False,16.01,0.0125,0.0102,0.0023,0.0125,True,True,,1800,1m,https://www.youtube.com/watch?v=Gn_hQYwsn1Q,"Ethereum, absolutely down into the buy zone... I do expect to hit 1,800. And I do believe 1,800 should be your ultimate um low there."
stock-moe,XLM,us,buy,up,med,2026-06-06,,,,,,,,,,,False,no price data,,1m,https://www.youtube.com/watch?v=Gn_hQYwsn1Q,"I will look to take a small position and start to DCA in because the opportunity with that tokenization of real world assets... I like to buy between these two. I think the 50, if it hits the 50, I think that's a steal."
stock-moe,XRP,us,buy,up,med,2026-06-15,2026-06-15,1m,XRP,False,14.26,-0.1038,-0.0082,-0.0956,-0.1038,False,True,,1.17,1m,https://www.youtube.com/watch?v=H8-k5Fk1QsY,"by Tuesday, I expect this to be going above 117, I would say... within the next three candles, we normally will finish above the 116 to 117 area. This is a beautiful setup."
stock-moe,BTC,us,buy,up,med,2026-04-20,2026-04-20,3m,BTC,False,33.78,-0.1758,0.0536,-0.2295,-0.1758,False,True,,,3m,https://www.youtube.com/watch?v=HK3be1PGIT4,"Bitcoin stands to do very well with the Clarity Act passing... five crossing the 50, 13's about to [cross]. Massive bullish signal. How is all this happening with all the bad news out there?"
stock-moe,XRP,us,buy,up,med,2026-04-20,2026-04-20,3m,XRP,False,16.02,-0.2022,0.0536,-0.2559,-0.2022,False,True,,,3m,https://www.youtube.com/watch?v=HK3be1PGIT4,Ripple XRP is trading at $1.34... the next 3 weeks the most consequential legislative window XRP has faced this year. The technicals are screaming opportunity.
stock-moe,BTC,us,buy,up,high,2026-04-20,2026-04-20,1m,BTC,False,33.78,0.0163,0.0459,-0.0296,0.0163,False,True,,75000,1m,https://www.youtube.com/watch?v=HXxXpqSUzDA,"Bitcoin is steps away from breaking that $75,000 ceiling. It's going to crash through... We finish above 75,000. Confirm above 75,000. Buckle up, kids. Grab the rope."
stock-moe,XRP,us,buy,up,med,2026-04-20,2026-04-20,1m,XRP,False,16.02,-0.0424,0.0459,-0.0883,-0.0424,False,True,,1.47,1m,https://www.youtube.com/watch?v=HXxXpqSUzDA,"I expect this to go back up above 147. And that is uh big, but if the Clarity Act passes uh the committee vote with a bipartisan vote... we will blow right through 147. We will blow right through there."
stock-moe,ETH,us,buy,up,med,2026-04-20,2026-04-20,1m,ETH,False,22.14,-0.0831,0.0459,-0.129,-0.0831,False,True,,2441,1m,https://www.youtube.com/watch?v=HXxXpqSUzDA,"five crossing, 13s about to... if we confirm above that resistance... 2441? That's my next line if we confirm above that resistance. What about here? ... 2350. So, we'll say this zone's where I think we wick into."
stock-moe,XRP,us,buy,up,med,2026-05-20,2026-05-20,1m,XRP,False,15.34,-0.1669,0.0074,-0.1743,-0.1669,False,True,,1.41,1m,https://www.youtube.com/watch?v=FR8X05z9RJY,"The price I'm looking for, if we can close above a dollar 41, I will tell you I feel really good about this... May into June, July, August is going to be one of the best summers of your life if you're an XRP person."
stock-moe,XRP,us,buy,up,med,2026-05-20,2026-05-20,3m,XRP,False,15.34,-0.1669,0.0074,-0.1743,-0.1669,False,True,,1.85,3m,https://www.youtube.com/watch?v=IyhejLWdyyk,"if we get a confirmation tomorrow on this candle here, I am telling you I expect this to go back up above 147... 185 would be your resistance, but that's where we should move quickly to. Look for the god candles."
stock-moe,XRP,us,buy,up,med,2026-05-20,2026-05-20,1m,XRP,False,15.34,-0.1669,0.0074,-0.1743,-0.1669,False,True,,147,1m,https://www.youtube.com/watch?v=JURyOwjbd88,"We break 145 and confirm, you are going to have that sweet retesting of 147 to 148. You break that you're going above 151."
stock-moe,XRP,us,buy,up,med,2026-05-20,2026-05-20,1m,XRP,False,15.34,-0.1669,0.0074,-0.1743,-0.1669,False,True,,180,1m,https://www.youtube.com/watch?v=K5uyGTYOUzc,"If they vote with a bipartisan approval of the Clarity Act markup vote, I see us going from this roughly 150 up to about 180."
stock-moe,XRP,us,hold-avoid,down,med,2026-05-20,2026-05-20,3m,XRP,False,15.34,-0.1669,0.0074,0.1743,0.1669,True,True,,130,3m,https://www.youtube.com/watch?v=K5uyGTYOUzc,If we don't get a good markup vote...you might stick around that 125 the 135 zone again. If it doesn't get done...we are going to stay around the 125 135 for a long time.
stock-moe,SOL,us,buy,up,med,2026-05-20,,,,,,,,,,,False,no price data,,1m,https://www.youtube.com/watch?v=LKeRQVPTg8w,I actually want to get some Solana before Thursday. I actually think Solana will give you a little bit more bang for the buck if it hits.
stock-moe,XRP,us,buy,up,med,2026-05-20,2026-05-20,1m,XRP,False,15.34,-0.1669,0.0074,-0.1743,-0.1669,False,True,,,1m,https://www.youtube.com/watch?v=LKeRQVPTg8w,"I think XRP and Solana will both beat Ethereum and Bitcoin. Once that Clarity Act passes, I think we're on to something big."
stock-moe,SOL,us,hold-avoid,down,low,2026-05-20,,,,,,,,,,,False,no price data,,1m,https://www.youtube.com/watch?v=LKeRQVPTg8w,"On the downside, if this does not pass, I think Bitcoin drops the least, Ethereum second, XRP third, and Solana loses the most."
stock-moe,SPCX,us,buy,up,high,2026-06-17,2026-06-17,1y,SPCX,False,191.82,-0.0356,0.0104,-0.046,-0.0356,False,True,,,1y,https://www.youtube.com/watch?v=M1jPpHknrak,My goal is to get it up to seven digits worth of SpaceX stock...My long-term buying on this is going to be big. I'm going to DCA in over a long period of time.
stock-moe,TSLA,us,buy,up,med,2026-06-17,2026-06-17,1y,TSLA,True,396.38,0.0104,0.0104,-0.0,0.0104,False,True,,,1y,https://www.youtube.com/watch?v=M1jPpHknrak,"SpaceX and Tesla will eventually become one company. I think the announcement happens no later than next year...it's going to be a mega company, one of the biggest companies out there."
stock-moe,SPCX,us,buy,up,high,2026-06-19,,,,,,,,,,,False,no entry price,235,1m,https://www.youtube.com/watch?v=MQl80l_GJP8,On inclusion day I have the low is going to be 180 but the high could be all the way up to 290. I have it at 2.2 trillion roughly as a close for the day. Between 228 and 235 is the mean of where I think we end up July 2nd.
stock-moe,XRP,us,buy,up,med,2026-05-30,2026-06-01,1m,XRP,False,14.53,-0.1204,-0.0156,-0.1049,-0.1204,False,True,,141,1m,https://www.youtube.com/watch?v=Mei8AthmDG8,"I expect if we get that a ceasefire announcement, that we will tap the 50 EMA 140 141 zone very quickly. And at that point, if we can confirm above there, you're good."
stock-moe,SPCX,us,buy,up,med,2026-06-09,2026-06-12,1m,SPCX,False,160.95,0.1494,0.0093,0.1401,0.1494,True,True,,168,1m,https://www.youtube.com/watch?v=NVwMnRPlHW8,"I thought we would open around 162 to 168. The retail squeeze I thought would get us up to 185, 180 to 185 topping out. Then I thought we would get 165 to 172 as a final price for the day."
stock-moe,SATS,us,buy,up,med,2026-06-09,2026-06-09,1m,SATS,True,116.77,-0.0651,0.0,-0.0651,-0.0651,False,True,,145,1m,https://www.youtube.com/watch?v=NVwMnRPlHW8,"If we get that up between 165 to 172 with SpaceX, I actually expect it with that discounting in there...135 to 145. Now, that's where I expect it to go for EchoStar."
stock-moe,XRP,us,buy,up,med,2026-05-20,2026-05-20,1m,XRP,False,15.34,-0.1669,0.0074,-0.1743,-0.1669,False,True,,,1m,https://www.youtube.com/watch?v=OZIC2IprGlE,"If they pass it with bipartisan support out of committee, expect a good green candle. I mean a good green candle. If it fails on Thursday, man, just not good."
stock-moe,SATS,us,buy,up,high,2026-06-06,2026-06-08,3m,SATS,True,116.62,-0.0639,0.0102,-0.0741,-0.0639,False,True,,120,3m,https://www.youtube.com/watch?v=PLen1ili-0I,"I am buying Echoar. I have Echoar. That is a back door...I have a fair value with SpaceX at $120...I got a fair value at 120. If it goes off at 1.75 and it pushes up higher, I think we go anywhere from 150 to 200 a share for Echoar."
stock-moe,AVGO,us,buy,up,med,2026-06-06,2026-06-08,6m,AVGO,True,396.6,0.0372,0.0102,0.027,0.0372,True,True,,,,https://www.youtube.com/watch?v=PLen1ili-0I,which one do I like Broadcom I just bought more Broadcom I like Broadcom I bought more today got a big dip normally what happens after a big dip today I'll tell you right now...you normally get a deadcat bounce the next day
stock-moe,XRP,us,buy,up,med,2026-04-20,2026-04-20,1m,XRP,False,16.02,-0.0424,0.0459,-0.0883,-0.0424,False,True,,,1m,https://www.youtube.com/watch?v=QKrKMiMVgqE,"if we close at 138 or higher, we have a stock mode trio and I'm going to tell you right now, I expect it to absolutely explode higher over the next three candles."
stock-moe,XOP,us,sell,down,med,2026-04-20,2026-04-20,6m,XOP,False,161.11,-0.0481,0.0536,0.1017,0.0481,True,True,,,6m,https://www.youtube.com/watch?v=QKrKMiMVgqE,"I expect some of these these energy companies that ran up like crazy high will continue to bleed. And that's one of the things I'm going to watch for, the ones that don't make sense."
stock-moe,XRP,us,buy,up,med,2026-05-20,2026-05-20,3m,XRP,False,15.34,-0.1669,0.0074,-0.1743,-0.1669,False,True,,1.9,3m,https://www.youtube.com/watch?v=RNfl5ty57eE,"If we can push above there, we'll be above the 13 EMA...we'll be going up to hit that 150. 150 is a just a milestone...I think we'd probably have a chance getting up there to the 50 EMA, which is at 190."
stock-moe,BTC,us,sell,down,med,2026-05-30,2026-06-01,1m,BTC,False,31.61,-0.1193,-0.0156,0.1037,0.1193,True,True,,71800,1m,https://www.youtube.com/watch?v=RtyfdZ7CRa4,"I actually think Bitcoin's going to 718. That's where I think it's going to hit...that 13 crossing down, we usually get a little bit of weakness here over the next 3 days. We'll have a retest low."
stock-moe,XRP,us,sell,down,low,2026-05-30,2026-06-01,1m,XRP,False,14.53,-0.1204,-0.0156,0.1049,0.1204,True,True,,,1m,https://www.youtube.com/watch?v=RtyfdZ7CRa4,"if this candle today, by the end of today, for XRP, finishes below 130.55...it's over. That is the stock mode trio. It's one of the big moves I always expect it to go lower."
stock-moe,SPCX,us,buy,up,high,2026-06-06,2026-06-12,1m,SPCX,False,160.95,0.1494,0.0093,0.1401,0.1494,True,True,,,1m,https://www.youtube.com/watch?v=Rv1eb4tb-R4,I am expecting that you will see such a demand own SpaceX that the stock will go higher...I think you're going to see some upward push. They probably will get the normal 20 to 30% pop that we usually see.
stock-moe,TSLA,us,buy,up,med,2026-06-06,2026-06-08,1y,TSLA,True,408.95,-0.0207,0.0102,-0.0309,-0.0207,False,True,,,1y,https://www.youtube.com/watch?v=Rv1eb4tb-R4,"Are you buying Tesla hoping that you get shares of SpaceX if they combine down the road? I don't think it's if, I think it's when...I believe it's going to happen within the next year or two at most."
stock-moe,SATS,us,buy,up,high,2026-06-06,2026-06-08,3m,SATS,True,116.62,-0.0639,0.0102,-0.0741,-0.0639,False,True,,,3m,https://www.youtube.com/watch?v=Rv1eb4tb-R4,Are you buying EchoStar because they already got 2% of the company?...I bought companies that owned 8% between them. I got my I got some exposure. I'm going to swing trade this thing on day one.
stock-moe,GOOGL,us,buy,up,med,2026-06-06,2026-06-08,3m,GOOGL,True,363.31,0.013,0.0102,0.0028,0.013,True,True,,,3m,https://www.youtube.com/watch?v=Rv1eb4tb-R4,"I got Google. Google owns 5 to 6.11% of SpaceX...if we have the IPO go at 1.5 to 2 trillion, which I think it'll be between 1.75 and 2 trillion, that'll be worth anywhere around 100 billion to 122 billion for that 900 million dollar."
stock-moe,XRP,us,buy,up,high,2026-04-20,2026-04-20,1y,XRP,False,16.02,-0.2022,0.0536,-0.2559,-0.2022,False,True,,3.0,1y,https://www.youtube.com/watch?v=TU-0ommBbTY,"I loaded up. I have call options on some crypto, Bitcoin...The next line in the sand for me to get excited about is 150 151...you guys know I'm looking for $3 a piece. $3 a piece changes my life forever...If I can get that dollar 54 in the next 12 months, my life is perfect."
stock-moe,BTC,us,buy,up,med,2026-04-20,2026-04-20,3m,BTC,False,33.78,-0.1758,0.0536,-0.2295,-0.1758,False,True,,,3m,https://www.youtube.com/watch?v=TU-0ommBbTY,"I loaded up. I have call options on some crypto, Bitcoin, which, you know, I'm going to let that thing go."
stock-moe,XRP,us,sell,down,med,2026-06-06,2026-06-08,1m,XRP,False,13.2,-0.0318,0.0102,0.042,0.0318,True,True,,1.24,1m,https://www.youtube.com/watch?v=UBhGAN7Qj8w,"If it fails at support, we are going lower. We are going to go down and hit 125. If we hit 125 and confirm lower then again, it's getting ugly."
stock-moe,BTC,us,sell,down,med,2026-06-06,2026-06-08,1m,BTC,False,28.03,-0.0068,0.0102,0.017,0.0068,True,True,,65000,1m,https://www.youtube.com/watch?v=UBhGAN7Qj8w,"If we fail there, you will go down to this point. And don't think it's not possible. It is. 65k. So, here's the line. 65k, you can see 65k easily as one of those main lines."
stock-moe,BTC,us,sell,down,high,2026-06-07,2026-06-08,3m,BTC,False,28.03,-0.0068,0.0102,0.017,0.0068,True,True,,45000,3m,https://www.youtube.com/watch?v=Uk_kvpIg1U8,"I expect Bitcoin to go in between 40 to 50,000. Based on his words alone. And if that's the case, you were looking at uh just say 20% lower than where we are right now. It'd take us down to 48,000."
stock-moe,XRP,us,sell,down,med,2026-06-07,2026-06-08,3m,XRP,False,13.2,-0.0318,0.0102,0.042,0.0318,True,True,,0.88,3m,https://www.youtube.com/watch?v=Uk_kvpIg1U8,"If Michael Saylor is correct, if we see that drop, this is where I would expect us to go. So for everybody who asked me how low do you think it is, the ultimate low, I would have to say right here. The 88."
stock-moe,BTC,us,sell,down,high,2026-06-06,2026-06-08,3m,BTC,False,28.03,-0.0068,0.0102,0.017,0.0068,True,True,,45000,3m,https://www.youtube.com/watch?v=VvEqJqvUr0s,"Saylor has previously suggested that Bitcoin might trade in the 40 to 50,000 dollar range without strategies consistent weekly purchases. Those purchases have now turned into selling. $40 to $50,000 range. That is what I am now expecting to see Bitcoin go to."
stock-moe,XRP,us,sell,down,med,2026-05-23,2026-05-26,1m,XRP,False,14.87,-0.1406,-0.0051,0.1354,0.1406,True,True,,1.27,1m,https://www.youtube.com/watch?v=W6aKJPhYoSc,I think we're going to retest down there in the mid-120s up to 130. So right now we're at 135. I'm not going to be shocked to see us down around 127. And then bounce off of there.
stock-moe,XRP,us,buy,up,high,2026-05-23,2026-05-26,1y,XRP,False,14.87,-0.1406,-0.0051,-0.1354,-0.1406,False,True,,3.5,1y,https://www.youtube.com/watch?v=W6aKJPhYoSc,"After the Clarity Act passes within 12 months, I expect to see it 350 as a base price, with a possible short squeeze up to anywhere from eight to possibly 12 if we get the short squeeze and the institutions with the BlackRock come in with the ETF."
stock-moe,QQQ,us,sell,down,med,2026-05-23,2026-05-26,3m,QQQ,False,730.28,0.0142,-0.0051,-0.0193,-0.0142,False,True,,,3m,https://www.youtube.com/watch?v=W6aKJPhYoSc,I'm looking at a 10 to 20% pullback. I'm calling that now. Um and I am getting ready for that in the Discord. You can make money on the way up. You can make money on the way down.
stock-moe,SATS,us,buy,up,high,2026-06-06,2026-06-08,3m,SATS,True,116.62,-0.0639,0.0102,-0.0741,-0.0639,False,True,,182,3m,https://www.youtube.com/watch?v=WTpxGHpsrVk,"Here goes my EchoStar stock price prediction to 175 to 190. What are we at right now? 130? 130. I have been buying every single share of this company. I like the backdoor proxy play, personally, as an investor, by going into ticker symbol SATS, EchoStar."
stock-moe,CRCL,us,buy,up,med,2026-06-06,2026-06-08,6m,CRCL,False,82.53,-0.0279,0.0102,-0.038,-0.0279,False,True,,,6m,https://www.youtube.com/watch?v=WTpxGHpsrVk,"Is it one of the best stocks to buy now? In my opinion, I think yes. I like that stock long-term. Are the lows in for Circle? I believe the answer is yes. Now you have an opportunity to get back at that original price."
stock-moe,GOOGL,us,buy,up,high,2026-05-23,2026-05-26,1y,GOOGL,True,388.88,-0.0536,-0.0051,-0.0485,-0.0536,False,True,,,1y,https://www.youtube.com/watch?v=YesV2mq6p3E,"Google, Google, Google. Google has always been the one that is one of the best stocks to buy now. It is one of my biggest positions. Long term all three in my opinion are absolutely some of the best stocks to buy now. I love them."
stock-moe,NFLX,us,buy,up,med,2026-05-23,2026-05-26,6m,NFLX,True,87.68,-0.1175,-0.0051,-0.1123,-0.1175,False,True,,,6m,https://www.youtube.com/watch?v=YesV2mq6p3E,"From 88, I got to tell you, I think it's a decent buy at this point. So, I do like Netflix now. I don't think it's way overbought anymore. I don't think it's way oversold anymore. It's just right."
stock-moe,DIS,us,buy,up,med,2026-05-23,2026-05-26,1y,DIS,True,103.28,0.0059,-0.0051,0.011,0.0059,True,True,,,1y,https://www.youtube.com/watch?v=YesV2mq6p3E,"I do own this. I I like it. I think it's one that will continue to find ways to maximize the revenue in the parks, maximize the revenue. Long term all three in my opinion are absolutely some of the best stocks to buy now."
stock-moe,XRP,us,buy,up,med,2026-05-20,2026-05-20,1m,XRP,False,15.34,-0.1669,0.0074,-0.1743,-0.1669,False,True,,1.75,1m,https://www.youtube.com/watch?v=YkbpuaI4AgA,I'm going to say anywhere from 150 to two bucks. That's what I think. We'll see. And that could happen with 48 to 72 hours if they announce the Clarity Act.
stock-moe,XRP,us,buy,up,med,2026-05-20,2026-05-20,1m,XRP,False,15.34,-0.1669,0.0074,-0.1743,-0.1669,False,True,,,1m,https://www.youtube.com/watch?v=Wrv88zU5gZE,"Within three candles, I am expecting something... I expect one of those candles. The 13 crosses, which if we get a nice green candle to start tomorrow, I am expecting over the weekend we're going to have a nice little run."
stock-moe,XRP,us,buy,up,high,2026-05-20,2026-05-20,1y,XRP,False,15.34,-0.1669,0.0074,-0.1743,-0.1669,False,True,,,1y,https://www.youtube.com/watch?v=Yu1G6XrLv08,You want to see XRP hit that $10 price... The institutionals get involved... you can't do that without the Clarity Act. The Clarity Act opens everything... I am excited about it.
stock-moe,QQQ,us,hold-avoid,down,med,2026-05-20,2026-05-20,1m,QQQ,False,713.15,0.0385,0.0074,-0.0311,-0.0385,False,True,,635,1m,https://www.youtube.com/watch?v=Yu1G6XrLv08,We're near near-term highs. We broke it. We're 74.44 in the RSI. It means watch yourself. It's going to correct most likely back down to this line 635.
stock-moe,XRP,us,buy,up,high,2026-05-20,2026-05-20,1y,XRP,False,15.34,-0.1669,0.0074,-0.1743,-0.1669,False,True,,,1y,https://www.youtube.com/watch?v=ZKYShV2a_I4,"The future is so freaking bright for Ripple/XRP, it's disgusting... The G20 has a global mandate to make 75% of cross-border transfer settle within an hour by 2027. The XRP ledger is compliant, it has the infrastructure."
stock-moe,GOOGL,us,buy,up,high,2026-05-23,2026-05-26,1y,GOOGL,True,388.88,-0.0536,-0.0051,-0.0485,-0.0536,False,True,,,1y,https://www.youtube.com/watch?v=_1I7L9mi_n4,"For people asking me, what is the best stock to buy now? Alphabet. When you're wondering why everybody's buying it... it is exactly because of what I just showed you. Google has both Anthropic and SpaceX."
stock-moe,SATS,us,buy,up,med,2026-05-23,2026-05-26,3m,SATS,True,123.12,-0.1133,-0.0051,-0.1082,-0.1133,False,True,,,3m,https://www.youtube.com/watch?v=_1I7L9mi_n4,"EchoStar Corp... owns the equity stake of approximately 2 to 2.8% of SpaceX... if you believe that valuation over 30 billion for EchoStar, this is a slam dunk in terms of opportunity."
stock-moe,XRP,us,buy,up,med,2026-06-06,2026-06-08,1m,XRP,False,13.2,-0.0318,0.0102,-0.042,-0.0318,False,True,,1.5,1m,https://www.youtube.com/watch?v=__3tkb4rb2Y,"I want to see this dollar 50 broke. Once you get that dollar 50 broken the candle and we confirm above it, it's takeoff. That's what I'm expecting. It's forming perfectly — an inverse head and shoulders, which is extremely bullish."
stock-moe,XLM,us,buy,up,med,2026-06-06,,,,,,,,,,,False,no price data,0.5,1y,https://www.youtube.com/watch?v=__3tkb4rb2Y,"Long-term, by the end of this year I see it at 25 to 50 cents a piece. By the end of next year, if the testing goes well and we have adoption of the tokenization of real world assets on the DTCC, I would expect testing of the buck."
stock-moe,XRP,us,buy,up,med,2026-05-20,2026-05-20,1m,XRP,False,15.34,-0.1669,0.0074,-0.1743,-0.1669,False,True,,1.45,1m,https://www.youtube.com/watch?v=aIBDMEhBYEY,"I expect us to get up and retest 145 this week. Hopefully the candle finishes above there by next weekend. If you have a good report from Iran-US negotiations, you're going to see this thing take off. You're going to be over a dollar 50 a piece."
stock-moe,SPCX,us,buy,up,high,2026-06-14,2026-06-15,1m,SPCX,False,192.5,-0.039,-0.0082,-0.0308,-0.039,False,True,,176,1m,https://www.youtube.com/watch?v=aRGFFNsJ6is,"On Monday, I am expecting another pop, another additional pop to retest these highs. I believe we'll get that. Told you it would top out up in the 170s... right around 180. Where did we go? We got all the way up to 176."
stock-moe,GOOGL,us,buy,up,high,2026-06-14,2026-06-15,1y,GOOGL,True,369.35,-0.0036,-0.0082,0.0046,-0.0036,True,True,,,1y,https://www.youtube.com/watch?v=aRGFFNsJ6is,I will own those shares forever. It's one of the best stocks to buy now in my humble opinion. Has exposure to both Anthropic and SpaceX. Alphabet... is clearly just looking to be one of the best stocks to buy now.
stock-moe,TSLA,us,buy,up,med,2026-06-09,2026-06-09,1y,TSLA,True,396.68,0.0096,0.0,0.0096,0.0096,True,True,,,1y,https://www.youtube.com/watch?v=aX5rj8aBo7Q,"I think he'll announce it in 2027 and it'll be done by 2028... anybody who owns Tesla stock or owns SpaceX, you're going to have the same company soon. I think SpaceX combine with Tesla — I'm putting it out there, I'm saying it happens."
stock-moe,SATS,us,buy,up,med,2026-06-09,2026-06-09,3m,SATS,True,116.77,-0.0651,0.0,-0.0651,-0.0651,False,True,,,3m,https://www.youtube.com/watch?v=aX5rj8aBo7Q,I have Echostar personally... I put over six figures into that and that was one of the plays I liked. It's doing very very well so far. If SpaceX gets some love... Echostar should should do very well.
stock-moe,GOOGL,us,buy,up,high,2026-06-09,2026-06-09,1y,GOOGL,True,364.26,0.0103,0.0,0.0103,0.0103,True,True,,,1y,https://www.youtube.com/watch?v=aX5rj8aBo7Q,"The backdoor method, one of the easiest ways is you can buy Google stock, Alphabet. They own 5% of SpaceX... if you want an ETF that really is powerful... Alphabet itself, they invest in some big time companies."
stock-moe,XRP,us,buy,up,med,2026-05-20,2026-05-20,1m,XRP,False,15.34,-0.1669,0.0074,-0.1743,-0.1669,False,True,,,1m,https://www.youtube.com/watch?v=bHuxQedr6F8,"I am bullish. My XRP price prediction is if the 13 is closing on a 50, once that crosses, we normally have a big run."
stock-moe,GOOGL,us,buy,up,med,2026-05-20,2026-05-20,6m,GOOGL,True,388.91,-0.0537,0.0074,-0.0611,-0.0537,False,True,,,,https://www.youtube.com/watch?v=bHuxQedr6F8,I think Google stock's one of the best stocks to buy now... I continue to add on to my Google stock holdings. I'm probably going to do another big purchase here shortly.
stock-moe,XRP,us,buy,up,med,2026-05-20,2026-05-20,1m,XRP,False,15.34,-0.1669,0.0074,-0.1743,-0.1669,False,True,,146,1m,https://www.youtube.com/watch?v=bUB1oeDIk3U,"I am expecting us to get up to 146 sometime this week. So, I do want to make sure you guys are all aware of that."
stock-moe,QQQ,us,hold-avoid,down,med,2026-05-20,2026-05-20,1m,QQQ,False,713.15,0.0385,0.0074,-0.0311,-0.0385,False,True,,,1m,https://www.youtube.com/watch?v=bUB1oeDIk3U,"I would expect us to come down to the 50 to 61.8 retracement right in here... roughly 619 up to that 637 zone. And then from there, as long as the news is okay, I would expect a bounce."
stock-moe,XRP,us,hold-avoid,down,med,2026-05-20,2026-05-20,1m,XRP,False,15.34,-0.1669,0.0074,0.1743,0.1669,True,True,,139,1m,https://www.youtube.com/watch?v=bsaf1ESIIkE,"I'm expecting 139 to get hit and then for us to bounce up off of there. Tomorrow's going to break this thing. One way or the other, it's going to break it."
stock-moe,SPCX,us,buy,up,high,2026-06-11,2026-06-12,1m,SPCX,False,160.95,0.1494,0.0093,0.1401,0.1494,True,True,,,1m,https://www.youtube.com/watch?v=cqb68WHToSw,I don't think we settle below 135. I also think we're going to have some upward pushing price movement from the 135. Once the IPO starts this will match up to the IPO.
stock-moe,SATS,us,buy,up,med,2026-06-11,2026-06-11,1m,SATS,True,128.13,-0.148,0.0148,-0.1628,-0.148,False,True,,,1m,https://www.youtube.com/watch?v=cqb68WHToSw,Echoar still has the opportunity... there is a chance that you can get in right here... Google or Echoar right now gives you that exposure before day one.
stock-moe,XRP,us,hold-avoid,down,med,2026-05-30,2026-06-01,1m,XRP,False,14.53,-0.1204,-0.0156,0.1049,0.1204,True,True,,128,1m,https://www.youtube.com/watch?v=d58G4pSmO4A,I do expect a little bit more downturn unless they come up with that deal... I told you we are going to go down and retest the 130 to 125 mark.
stock-moe,ETH,us,buy,up,med,2026-05-30,2026-06-01,3m,ETH,False,19.01,-0.1473,-0.0156,-0.1317,-0.1473,False,True,,,3m,https://www.youtube.com/watch?v=d58G4pSmO4A,"I believe between there and if I had to use my best guess, you're going to have two little zones... Anywhere in here is a fantastic acquisition zone that I would personally love."
stock-moe,SPCX,us,buy,up,high,2026-06-08,2026-06-12,1m,SPCX,False,160.95,0.1494,0.0093,0.1401,0.1494,True,True,,172,1m,https://www.youtube.com/watch?v=d8HHU683LWQ,"Day one stock mode summary: FOMO retail squeeze intraday momentum peak 180 to 185... institutional reset pushing it back down 165 to 172. Realistically, this is how I think it goes."
stock-moe,SATS,us,buy,up,med,2026-06-08,2026-06-08,1m,SATS,True,116.62,-0.0639,0.0102,-0.0741,-0.0639,False,True,,145,1m,https://www.youtube.com/watch?v=d8HHU683LWQ,"The realistic close. This is me personally. 135 to 145 because of the interest default going into a 30-day grace period. I'm being conservative. So, I believe you get that 135 to 145 on day one for SATs."
stock-moe,TSLA,us,buy,up,med,2026-06-08,2026-06-08,1y,TSLA,True,408.95,-0.0207,0.0102,-0.0309,-0.0207,False,True,,,1y,https://www.youtube.com/watch?v=d8HHU683LWQ,I think Elon Musk is going to have the ability to go ahead and do that... merge SpaceX with Tesla. If he merges SpaceX with Tesla... I think it is announced in 2027.
stock-moe,XRP,us,buy,up,high,2026-05-30,2026-06-01,3m,XRP,False,14.53,-0.1204,-0.0156,-0.1049,-0.1204,False,True,,,3m,https://www.youtube.com/watch?v=dAkru5DLagg,"As soon as we BREAK THAT NECKLINE, OH goodness gracious, it is going to be a marvelous day... Inverse head and shoulders, folks. That's what that's called. Once we break that 150 neckline... it's rocket after that."
stock-moe,XRP,us,hold-avoid,down,med,2026-05-20,2026-05-20,1m,XRP,False,15.34,-0.1669,0.0074,0.1743,0.1669,True,True,,134,1m,https://www.youtube.com/watch?v=dJfm9p3FGDE,The line I am watching personally is 136. Between 136 and 134 that's kind of the uh-oh zone. And if you finish below 134 that's a major uh-oh zone. Because now we're starting to move back down to that 120s.
tom-lee,SHOP,us,buy,up,high,2025-11-20,2025-11-20,6m,SHOP,False,144.56,-0.2746,0.1447,-0.4193,-0.2746,False,True,,210,,https://www.youtube.com/watch?v=0m6FduI0dng,"know why? Because it literally just broke out to all-time highs as of last week. So, it's above 170. I think it gets up to 210. I really like Shopify a lot."
tom-lee,BTC,us,buy,up,high,2025-11-20,2025-11-20,3m,BTC,False,38.21,-0.223,0.0521,-0.275,-0.223,False,True,,160000,3m,https://www.youtube.com/watch?v=4mqUr9fy0ew,"if we assume that say spot gold decreases 5% through year end and we are able to regain that bitcoin to gold all-time high ratio... looking at upside of over 40% from spot 115490. And that's uh that would put us just north of 160,000."
tom-lee,NVDA,us,buy,up,med,2025-11-20,2025-11-20,6m,NVDA,True,180.4099,0.2153,0.1447,0.0706,0.2153,True,True,,,,https://www.youtube.com/watch?v=2F16Y2xMKeY,"Nvidia, you know, getting back up above 195 is a very big positive. So, you know, I think that the US is going to be able to continue."
tom-lee,SPY,us,buy,up,high,2025-11-20,2025-11-20,3m,SPY,False,648.8356,0.0521,0.0521,0.0,0.0521,False,True,,,3m,https://www.youtube.com/watch?v=5c59pQWviSk,"we still think November is going to be an up month... at least 7,000 by year end, maybe 7,300. We think it's a choppy first two weeks, but then we ultimately end up over 200 points on the S&P that would take us past 7,000."
tom-lee,ILF,us,buy,up,med,2026-02-20,2026-02-20,1y,ILF,False,36.6129,-0.0741,0.0861,-0.1602,-0.0741,False,True,,,1y,https://www.youtube.com/watch?v=6W3cxo39wSE,"I would look at the LatAm space. You look at ILF, the Latin American 40. It's been a phenomenal outperformer breaking 15-year downtrends. Uh not only is it Brazil, but you look at Mexico, you look at Argentina."
tom-lee,EWY,us,buy,up,med,2026-02-20,2026-02-20,1y,EWY,False,141.88,0.545,0.0861,0.4589,0.545,True,True,,,1y,https://www.youtube.com/watch?v=6W3cxo39wSE,"I would look at South Korea. It's got one of the best earnings pictures of any of the emerging markets this year for 2026 and yes, that is technology."
tom-lee,SPY,us,buy,up,high,2025-12-20,2025-12-22,1y,SPY,False,682.9648,0.0934,0.0934,0.0,0.0934,False,True,,,1y,https://www.youtube.com/watch?v=6rQBzHJld-8,"we're going to 7,700. That's the headline. So, that's pretty decent year in in the year ahead. Not quite as robust as we had this year."
tom-lee,IWM,us,buy,up,med,2025-12-20,2025-12-22,1y,IWM,False,252.5292,0.1705,0.0934,0.0771,0.1705,True,True,,,1y,https://www.youtube.com/watch?v=6rQBzHJld-8,small caps should outperform because the Fed's dovish and the ISM which has been below 50 is finally going to break out and small caps valuations relative to large caps have never been cheaper.
tom-lee,SPY,us,buy,up,high,2026-02-20,2026-02-20,1m,SPY,False,687.5523,-0.0567,-0.0567,0.0,-0.0567,False,True,,7300,1m,https://www.youtube.com/watch?v=82UvWq4t6Oc,"I think positioning has gotten risk off enough that we can sort of climb maybe in a labored way towards 7,300."
tom-lee,NVDA,us,buy,up,med,2026-02-20,2026-02-20,1m,NVDA,True,189.5888,-0.0901,-0.0567,-0.0334,-0.0901,False,True,,,1m,https://www.youtube.com/watch?v=82UvWq4t6Oc,Nvidia next week is huge. The reaction to that will be huge because semiconductors are the largest industry group in the S&P 500 at 15%. That could mark the bottom for software.
tom-lee,DAL,us,buy,up,med,2026-02-20,2026-02-20,3m,DAL,True,69.2518,0.0995,0.0845,0.015,0.0995,True,True,,,3m,https://www.youtube.com/watch?v=82UvWq4t6Oc,Airlines as a whole and the two majors Delta and United are above their pre-COVID resistance highs. So there's just a lot of good things working under the surface.
tom-lee,UAL,us,buy,up,med,2026-02-20,2026-02-20,3m,UAL,True,113.03,-0.1156,0.0845,-0.2001,-0.1156,False,True,,,3m,https://www.youtube.com/watch?v=82UvWq4t6Oc,Airlines as a whole and the two majors Delta and United are above their pre-COVID resistance highs. So there's just a lot of good things working under the surface.
tom-lee,SBUX,us,buy,up,med,2026-02-20,2026-02-20,3m,SBUX,True,97.49,0.0576,0.0845,-0.0268,0.0576,False,True,,,3m,https://www.youtube.com/watch?v=82UvWq4t6Oc,"Jonathan mentioned restaurants. I like Starbucks, McDonald's acts really well."
tom-lee,MCD,us,buy,up,med,2026-02-20,2026-02-20,3m,MCD,True,327.4011,-0.1378,0.0845,-0.2223,-0.1378,False,True,,,3m,https://www.youtube.com/watch?v=82UvWq4t6Oc,"I like Starbucks, McDonald's acts really well."
tom-lee,SPY,us,buy,up,high,2025-11-20,2025-11-20,1m,SPY,False,648.8356,0.0461,0.0461,0.0,0.0461,False,True,,7500,1m,https://www.youtube.com/watch?v=8SROu_1yWQQ,"Maybe 7,300, 7,500. Yeah, so we still in December, we would build on those November gains."
tom-lee,BTC,us,buy,up,high,2025-11-20,2025-11-20,1m,BTC,False,38.21,0.0199,0.0461,-0.0262,0.0199,False,True,,150000,1m,https://www.youtube.com/watch?v=8SROu_1yWQQ,"I think we could still get to 150, 200 for Bitcoin, and then something like 7,000 for Ethereum."
tom-lee,ETH,us,buy,up,high,2025-11-20,2025-11-20,1m,ETH,False,26.68,0.0603,0.0461,0.0143,0.0603,True,True,,7000,1m,https://www.youtube.com/watch?v=8SROu_1yWQQ,"I think we could still get to 150, 200 for Bitcoin, and then something like 7,000 for Ethereum."
tom-lee,ETH,us,buy,up,high,2026-02-20,2026-02-20,6m,ETH,False,18.64,-0.1304,0.0861,-0.2164,-0.1304,False,True,,,6m,https://www.youtube.com/watch?v=8b0uzWGtFcQ,We think Ethereum is really tracking past decline. So we think it's going to recover strongly.
tom-lee,NVDA,us,buy,up,high,2026-03-20,2026-03-20,6m,NVDA,True,172.4989,0.2214,0.1514,0.07,0.2214,True,True,,,6m,https://www.youtube.com/watch?v=AN9Pw4zz90E,I think this harkens back to many times where Nvidia's price consolidated for periods of time and then it re-rated. I think this is what it's going to prove to be. The PE of Nvidia now is at 19 times forward.
tom-lee,IGV,us,buy,up,high,2026-04-20,2026-04-20,6m,IGV,False,86.2838,0.0325,0.0536,-0.0211,0.0325,False,True,,,6m,https://www.youtube.com/watch?v=BtMuXkrXafg,I think software has bottomed. So like IGV we think actually has made a major low. We're recommending it to our clients.
tom-lee,ETH,us,buy,up,high,2026-04-20,2026-04-20,1y,ETH,False,22.14,-0.2678,0.0536,-0.3215,-0.2678,False,True,,,1y,https://www.youtube.com/watch?v=BtMuXkrXafg,"I would be overweight any of the blockchain stories out there today which includes Ethereum, Salana and others."
tom-lee,SOL,us,buy,up,high,2026-04-20,,,,,,,,,,,False,no price data,,1y,https://www.youtube.com/watch?v=BtMuXkrXafg,"I would be overweight any of the blockchain stories out there today which includes Ethereum, Salana and others."
tom-lee,GS,us,buy,up,med,2026-04-20,2026-04-20,6m,GS,True,937.6078,0.1695,0.0536,0.1159,0.1695,True,True,,,6m,https://www.youtube.com/watch?v=BtMuXkrXafg,Would this cause me to sell Goldman or JP Morgan? Like those companies can easily survive and even prosper if private credit has a downturn.
tom-lee,JPM,us,buy,up,med,2026-04-20,2026-04-20,6m,JPM,True,316.99,0.026,0.0536,-0.0277,0.026,False,True,,,6m,https://www.youtube.com/watch?v=BtMuXkrXafg,JP Morgan has basically become a technology stock. They make money through every cycle. AI is really one of their allies. This is a good opportunity for the big financial players.
tom-lee,SPY,us,buy,up,high,2026-04-20,2026-04-20,3m,SPY,False,708.72,0.0536,0.0536,0.0,0.0536,False,True,,7300,3m,https://www.youtube.com/watch?v=BtMuXkrXafg,"I'm kind of in the camp that we're going to be resilient through this war headlines and make our way to 7,300."
tom-lee,XLE,us,buy,up,med,2026-01-20,2026-01-20,1y,XLE,False,47.291,0.137,0.1051,0.0319,0.137,True,True,,,1y,https://www.youtube.com/watch?v=CgXQbgxtV2Y,"I do think groups like Energy and Basic Materials, which have been really terrible for the last 5 years, can actually outperform tech."
tom-lee,XLB,us,buy,up,med,2026-01-20,2026-01-20,1y,XLB,False,47.9766,0.0799,0.1051,-0.0252,0.0799,False,True,,,1y,https://www.youtube.com/watch?v=CgXQbgxtV2Y,"I do think groups like Energy and Basic Materials, which have been really terrible for the last 5 years, can actually outperform tech."
tom-lee,XLF,us,buy,up,med,2026-01-20,2026-01-20,1y,XLF,False,52.9279,0.0121,0.1051,-0.0929,0.0121,False,True,,,1y,https://www.youtube.com/watch?v=CgXQbgxtV2Y,One of our themes is that we think financials are being going to be rerated more like tech stocks over the next few years because they've proven that they earn money through the cycle.
tom-lee,SOL,us,buy,up,high,2025-12-20,,,,,,,,,,,False,no price data,,1y,https://www.youtube.com/watch?v=w5sRc09OYFE,"Salana is one of the projects really at the center of that trend...we are at the very very early stages of that process, really at the foothills of the tokenization revolution...I personally expect about a 1000x growth in the next 5 years in tokenized assets."
tom-lee,TSLA,us,buy,up,med,2026-03-20,2026-03-20,1m,TSLA,True,367.96,0.0888,0.0949,-0.0062,0.0888,False,True,,380,1m,https://www.youtube.com/watch?v=wr78BSzrtDs,Ideally under 387 I'm a buyer at 380 and I would buy more at 350. It's right to be short covered calls until the stock really starts to move.
tom-lee,BTC,us,buy,up,high,2026-02-20,2026-02-20,1y,BTC,False,29.97,-0.0711,0.0861,-0.1572,-0.0711,False,True,,,1y,https://www.youtube.com/watch?v=wzkU5pELBTM,I think there will be a global arms race for Bitcoin within the next two or three years...countries each trying to buy a million bitcoins and you just want to be long before that happens.
tom-lee,NVDA,us,buy,up,high,2025-12-20,2025-12-22,1y,NVDA,True,183.4662,0.1484,0.0934,0.055,0.1484,True,True,,,1y,https://www.youtube.com/watch?v=zNxXALcPrkw,"I believe that AI stocks, especially stocks like Nvidia, are going to actually rerate higher because if Walmart and Costco trade at 37 to 45 times earnings because they're predictable, then Nvidia shouldn't be 27 times."
tom-lee,JPM,us,buy,up,high,2025-12-20,2025-12-22,1y,JPM,True,320.0015,0.0163,0.0934,-0.0771,0.0163,False,True,,,1y,https://www.youtube.com/watch?v=zNxXALcPrkw,"The banks are really criminally undervalued right now, like a JP Morgan, because that's becoming a technology company. In the past people are stuck in the head that they should trade at one time book or 10 times earnings. I mean they should trade more like a tech stock."
tom-lee,GS,us,buy,up,low,2025-12-20,2025-12-22,1y,GS,True,890.3696,0.2316,0.0934,0.1382,0.2316,True,True,,,1y,https://www.youtube.com/watch?v=zNxXALcPrkw,"possibly Goldman certainly is and I think Morgan Stanley has shown a lot of evidence. So, I think banks are sort of getting it, but they are really becoming technology companies."
tom-lee,MS,us,buy,up,low,2025-12-20,2025-12-22,1y,MS,True,177.8189,0.255,0.0934,0.1617,0.255,True,True,,,1y,https://www.youtube.com/watch?v=zNxXALcPrkw,"possibly Goldman certainly is and I think Morgan Stanley has shown a lot of evidence. So, I think banks are sort of getting it, but they are really becoming technology companies."
tom-lee,BTC,us,buy,up,med,2025-12-20,2025-12-22,1y,BTC,False,39.08,-0.2876,0.0934,-0.381,-0.2876,False,True,,,1y,https://www.youtube.com/watch?v=zNxXALcPrkw,"In crypto, the best years are definitely ahead because today there's only four million Bitcoin wallets with $10,000 in it. There's 900 million IRA and brokerage accounts globally that have $10,000. So that's 200 times larger market."
tom-lee,NVDA,us,buy,up,med,2026-03-20,2026-03-20,3m,NVDA,True,172.4989,0.2214,0.1514,0.07,0.2214,True,True,,,3m,https://www.youtube.com/watch?v=xE9W7Y0ArtQ,Nvidia that selling in the low 20s some even say lower in terms of price earnings ratio uh that is an awful lot of discounting...for a company that has been growing 30 40% a year.
tom-lee,NVDA,us,buy,up,med,2026-05-20,2026-05-20,3m,NVDA,True,223.2099,-0.0561,0.0074,-0.0635,-0.0561,False,True,,,3m,https://www.youtube.com/watch?v=wcz76UP7IRU,"Nvidia is barely trading above a market multiple and still trades at a discount to what investors pay for quote safe stocks like Staples, Costco, and Walmart, which traded almost 50 times earnings. I think that estimates are still too low in AI."
tom-lee,XLE,us,buy,up,high,2026-02-20,2026-02-20,1y,XLE,False,54.5238,-0.0138,0.0861,-0.0999,-0.0138,False,True,,,1y,https://www.youtube.com/watch?v=DgNhcEREGRE,Energy and basic materials were our top sector picks this year. Energy has like done nothing for 5 years. So it was energy and basic materials and that's why we made it our top sector pick this year.
tom-lee,XLB,us,buy,up,high,2026-02-20,2026-02-20,1y,XLB,False,52.7255,-0.0174,0.0861,-0.1034,-0.0174,False,True,,,1y,https://www.youtube.com/watch?v=DgNhcEREGRE,Energy and basic materials were our top sector picks this year. The level of underperformance the last three years was something you only seen one other time in the last 75 years.
tom-lee,GLD,us,buy,up,med,2026-02-20,2026-02-20,6m,GLD,False,468.62,-0.1739,0.0861,-0.26,-0.1739,False,True,,8900,,https://www.youtube.com/watch?v=DgNhcEREGRE,"Tom Demar... he doesn't think it's exhausted yet. No, he thinks gold can get to 8,900. Nobody's ready for that."
tom-lee,ETH,us,buy,up,high,2026-02-20,2026-02-20,1y,ETH,False,18.64,-0.1304,0.0861,-0.2164,-0.1304,False,True,,,1y,https://www.youtube.com/watch?v=DgNhcEREGRE,Wall Street is building their entire system on contracts like Ethereum which is really bullish for Ethereum. It's a 100% uptime. This is where stable coins have been built... that's really bullish for Ethereum.
tom-lee,MSFT,us,buy,up,med,2026-02-20,2026-02-20,1y,MSFT,True,396.3715,-0.0428,0.0861,-0.1289,-0.0428,False,True,,,1y,https://www.youtube.com/watch?v=DgNhcEREGRE,"If I'm an investor, I mean, and I didn't own Microsoft, I mean, they can buy it 22% cheaper. You could buy it at a lower valuation than at any time over the last two years."
tom-lee,IWM,us,buy,up,med,2026-02-20,2026-02-20,1y,IWM,False,263.5135,0.1217,0.0861,0.0356,0.1217,True,True,,,1y,https://www.youtube.com/watch?v=FAWn8kWlvws,"I still like tech structurally because of AI spending, but there's still plenty of room for the small caps to work, which have really taken it in the gut as the Fed's sounded hawkish, and the banks."
tom-lee,NVDA,us,buy,up,med,2025-11-20,2025-11-20,6m,NVDA,True,180.4099,0.2153,0.1447,0.0706,0.2153,True,True,,,6m,https://www.youtube.com/watch?v=FAWn8kWlvws,Names like Nvidia are still reasonably priced. Nvidia's at 28 times forward earnings is still less expensive than buying Walmart or Costco. The AI trade comes under question every few months but investors have had to buy that pullback.
tom-lee,QQQ,us,buy,up,med,2025-11-20,2025-11-20,3m,QQQ,False,584.1797,0.0317,0.0521,-0.0203,0.0317,False,True,,,3m,https://www.youtube.com/watch?v=FAWn8kWlvws,"I think the underlying story driving technology, which is the productivity miracle coming from AI, is still intact. As long as the technicals in the underlying trend isn't too damaged, I think it is a dip you can buy."
tom-lee,XLE,us,buy,up,med,2026-02-20,2026-02-20,6m,XLE,False,54.5238,-0.0138,0.0861,-0.0999,-0.0138,False,True,,,6m,https://www.youtube.com/watch?v=GoxJ6fFNIAE,"When you look at energy and materials, there's a lot of areas to make money in this market. It's just not necessarily technology and specifically software this year. I would sell into [tech] in about a month."
tom-lee,IGV,us,sell,down,med,2026-02-20,2026-02-20,3m,IGV,False,80.7649,0.1638,0.0845,-0.0793,-0.1638,False,True,,,3m,https://www.youtube.com/watch?v=GoxJ6fFNIAE,"I would sell into it in about a month. I think it's still a little early, but I sense that we're on borrowed time. You don't want to be the last one left of the punch bowl."
tom-lee,QQQ,us,buy,up,med,2026-06-13,2026-06-15,6m,QQQ,False,744.0,-0.0045,-0.0082,0.0036,-0.0045,True,True,,,6m,https://www.youtube.com/watch?v=IOdsljnPXUA,I do think it's tracking the way we thought. I don't think it's actually going to derail the tech trade either. This is a dip that's going to be bought. I do think there's a pullback later this year closer to lockup expiry.
tom-lee,AAPL,us,buy,up,med,2026-01-20,2026-01-20,1y,AAPL,True,246.2425,0.2102,0.1051,0.1052,0.2102,True,True,,,1y,https://www.youtube.com/watch?v=IeoP5ZtqBQk,"I'm bullish on Apple. If you're lucky enough to get it during a period where the PE is compressing, consider yourself lucky because you dollar cost averaged into a company that's fundamentally growing."
tom-lee,BTC,us,buy,up,med,2025-12-20,2025-12-22,3m,BTC,False,39.08,-0.2055,-0.0504,-0.1551,-0.2055,False,True,,,3m,https://www.youtube.com/watch?v=JpQ2LE1lJOY,"If you have a two-month window, I think crypto is a great risk reward here. I think we are going to be higher between now and the middle part of January even into the early part of February."
tom-lee,BTC,us,buy,up,med,2026-02-20,2026-02-20,1m,BTC,False,29.97,0.036,-0.0567,0.0927,0.036,True,True,,,1m,https://www.youtube.com/watch?v=DgNhcEREGRE,"This is more akin to the end of the selling not the beginning. Ethereum might go to 2400, but it's a touch and then that's the bottom. Precious metals has sucked all the risk appetite out of crypto."
tom-lee,META,us,buy,up,high,2026-01-20,2026-01-20,1y,META,True,603.6032,-0.0437,0.1051,-0.1488,-0.0437,False,True,,37,1y,https://www.youtube.com/watch?v=MNIPm5E4BC4,I still like it very much... I think this company can actually deliver 36 to $38 a share by 2027. That puts this thing at 18 times earnings and it's growing earnings at 20% and revenues at 26%.
tom-lee,COF,us,buy,up,med,2026-01-20,2026-01-20,1y,COF,True,226.8743,-0.1117,0.1051,-0.2168,-0.1117,False,True,,,1y,https://www.youtube.com/watch?v=MNIPm5E4BC4,Capital One is at a 12 times multiple... I think banks are going to look more like tech stocks in the future where they use AI to reduce employee dependency and earn the same money and their multiples go up.
tom-lee,BAC,us,buy,up,med,2026-01-20,2026-01-20,1y,BAC,True,51.5393,0.0904,0.1051,-0.0146,0.0904,False,True,,,1y,https://www.youtube.com/watch?v=MNIPm5E4BC4,"Bank of America, 1.4 times book. I think that there's a lot of runway left to the financials and that's the sector that I've been overweight for a long time and I continue to be."
tom-lee,DELL,us,buy,up,med,2026-05-20,2026-05-20,3m,DELL,True,242.93,0.6857,0.0074,0.6783,0.6857,True,True,,,3m,https://www.youtube.com/watch?v=MdFFI53NrBc,"Dell has made the so-called reverse head and shoulder pattern. This is a really really bullish pattern... So, I like Dell. This is a classic pattern."
tom-lee,PLTR,us,hold-avoid,down,med,2026-05-20,2026-05-20,3m,PLTR,True,137.15,-0.0633,0.0074,0.0707,0.0633,True,True,,,3m,https://www.youtube.com/watch?v=MdFFI53NrBc,Palantir... broke down from so-called head and shoulders patterns... I think there are a lot better names. I'm still a little early as to when I would buy it or want to buy it.
tom-lee,TSLA,us,hold-avoid,down,med,2026-05-20,2026-05-20,3m,TSLA,True,417.26,-0.0402,0.0074,0.0476,0.0402,True,True,,,3m,https://www.youtube.com/watch?v=MdFFI53NrBc,MACD on Tesla is now crossing to negative territory for the first time in about 2 years.
tom-lee,BABA,us,buy,up,med,2026-05-20,2026-05-20,3m,BABA,False,133.2463,-0.1962,0.0074,-0.2036,-0.1962,False,True,,,3m,https://www.youtube.com/watch?v=MdFFI53NrBc,"Like Alibaba, I think that is really an interesting name here. Seeing some decent pop, and ideally for this, we want to get back over prior lows that started near 145. That could cause a move back to new highs."
tom-lee,BTC,us,buy,up,high,2025-12-20,2025-12-22,1m,BTC,False,39.08,0.0819,0.01,0.0719,0.0819,True,True,,,1m,https://www.youtube.com/watch?v=MqUubfrbglA,"I do think Bitcoin can make an all-time high by the end of January. So, I don't think we should think the highs are in place for Bitcoin or Ethereum or crypto."
tom-lee,ETH,us,buy,up,med,2025-12-20,2025-12-22,1m,ETH,False,28.08,0.1083,0.01,0.0983,0.1083,True,True,,,1m,https://www.youtube.com/watch?v=MqUubfrbglA,I don't think the four-year cycle... I don't think the Bitcoin high is in place... I do think Bitcoin can make an all-time high by the end of January... I don't think we should think the highs are in place for Bitcoin or Ethereum or crypto.
tom-lee,NVDA,us,buy,up,med,2025-12-20,2025-12-22,1m,NVDA,True,183.4662,0.0138,0.01,0.0039,0.0138,True,True,,,1m,https://www.youtube.com/watch?v=PEWsiNfZ3HY,I don't see Nvidia slipping too much better too much more... I still think that it likely is going to have a pretty sharp rally between now and the middle part of January.
tom-lee,GOOGL,us,buy,up,med,2025-12-20,2025-12-22,1m,GOOGL,True,309.5621,0.0653,0.01,0.0553,0.0653,True,True,,,1m,https://www.youtube.com/watch?v=PEWsiNfZ3HY,We've seen very good gains out of Alphabet. Stocks like Apple that are breaking out to new highs... it's tough for the market to go down if you have these two key stocks moving higher.
tom-lee,AAPL,us,buy,up,med,2025-12-20,2025-12-22,1m,AAPL,True,270.4675,-0.057,0.01,-0.067,-0.057,False,True,,,1m,https://www.youtube.com/watch?v=PEWsiNfZ3HY,Stocks like Apple that are breaking out to new highs. That's over 10% of the S&P. So it is very important tough for the market to go down if you have these two key stocks moving higher.
tom-lee,BTC,us,buy,up,high,2026-06-06,2026-06-08,1y,BTC,False,28.03,-0.0068,0.0102,-0.017,-0.0068,False,True,,,1y,https://www.youtube.com/watch?v=NQuKKchNTu4,"Is the thesis for Bitcoin or Ethereum broken? It's absolutely not... Bitcoin and Ethereum are really the future of money... the spotlight today is on semis, memory, software, but as people focus downstream, that's really when the bid comes for Bitcoin and Ethereum."
tom-lee,ETH,us,buy,up,med,2026-06-06,2026-06-08,1y,ETH,False,16.01,0.0125,0.0102,0.0023,0.0125,True,True,,,1y,https://www.youtube.com/watch?v=NQuKKchNTu4,"If you believe Wall Street's going to tokenize, Ethereum's price should go up a lot. For every dollar of tokenized assets, it's created $1 value for ETH, the coin."
tom-lee,MSTR,us,buy,up,med,2025-12-20,2025-12-22,1m,MSTR,False,164.32,0.0571,0.01,0.0472,0.0571,True,True,,,1m,https://www.youtube.com/watch?v=QCS1-UpUTtM,micro strategy at this level here probably is when you want to ratchet into the longs. Um and Bitcoin maybe just a few thousand lower.
tom-lee,BTC,us,buy,up,med,2025-12-20,2025-12-22,3m,BTC,False,39.08,-0.2055,-0.0504,-0.1551,-0.2055,False,True,,,3m,https://www.youtube.com/watch?v=QCS1-UpUTtM,"maybe it goes to 77, right? Maybe that's the low... The recovery from there to all-time highs will be faster than the decline."
tom-lee,ETH,us,buy,up,med,2025-12-20,2025-12-22,3m,ETH,False,28.08,-0.2806,-0.0504,-0.2303,-0.2806,False,True,,,3m,https://www.youtube.com/watch?v=QCS1-UpUTtM,maybe Ethereum bottoms at 2500. The recovery from there to all-time highs will be faster than the decline.
tom-lee,XLI,us,buy,up,med,2026-01-20,2026-01-20,1y,XLI,False,163.0718,0.1094,0.1051,0.0043,0.1094,True,True,,,1y,https://www.youtube.com/watch?v=QDv2pFNcERE,"a more dovish Fed will allow business confidence to recover so the ISM recovers back above 50. And that's going to be a tailwind for traditional sectors like industrials, energy and basic materials."
tom-lee,XLE,us,buy,up,med,2026-01-20,2026-01-20,1y,XLE,False,47.291,0.137,0.1051,0.0319,0.137,True,True,,,1y,https://www.youtube.com/watch?v=QDv2pFNcERE,"a more dovish Fed will allow business confidence to recover so the ISM recovers back above 50. And that's going to be a tailwind for traditional sectors like industrials, energy and basic materials."
tom-lee,XLB,us,buy,up,med,2026-01-20,2026-01-20,1y,XLB,False,47.9766,0.0799,0.1051,-0.0252,0.0799,False,True,,,1y,https://www.youtube.com/watch?v=QDv2pFNcERE,"a more dovish Fed will allow business confidence to recover so the ISM recovers back above 50. And that's going to be a tailwind for traditional sectors like industrials, energy and basic materials."
tom-lee,JPM,us,buy,up,med,2026-01-20,2026-01-20,1y,JPM,True,301.1985,0.0798,0.1051,-0.0253,0.0798,False,True,,,1y,https://www.youtube.com/watch?v=QDv2pFNcERE,the large tech forward banks are going to start to see margin expansion and trade more like tech stocks in the future. That's why the JP Morgans and the Goldmans could actually be the next mag seven.
tom-lee,GS,us,buy,up,med,2026-01-20,2026-01-20,1y,GS,True,934.3136,0.1737,0.1051,0.0686,0.1737,True,True,,,1y,https://www.youtube.com/watch?v=QDv2pFNcERE,the large tech forward banks are going to start to see margin expansion and trade more like tech stocks in the future. That's why the JP Morgans and the Goldmans could actually be the next mag seven.
tom-lee,ETH,us,buy,up,med,2026-02-20,2026-02-20,3m,ETH,False,18.64,0.0515,0.0845,-0.033,0.0515,False,True,,,3m,https://www.youtube.com/watch?v=W4NffmzcvUY,"I think the industry really delevered on October 10th... I think we're close [to a bottom], Frank... on-chain activity is arguing against the 4-year cycle because usually on-chain activity starts to fall."
tom-lee,BTC,us,buy,up,high,2026-02-20,2026-02-20,1y,BTC,False,29.97,-0.0711,0.0861,-0.1572,-0.0711,False,True,,250000,1y,https://www.youtube.com/watch?v=WIRx04v9HqM,"And your price target for Bitcoin this year is 250,000. Yeah. So we think uh Bitcoin will make a new high this year. 2026 will be a really important test because if Bitcoin makes a new all-time high, we know that that deleveraging event is behind us."
tom-lee,ETH,us,buy,up,high,2026-02-20,2026-02-20,1y,ETH,False,18.64,-0.1304,0.0861,-0.2164,-0.1304,False,True,,12000,1y,https://www.youtube.com/watch?v=WIRx04v9HqM,"If Ethereum's price ratio recovers to the 2021 highs and Bitcoin goes to 250, Ethereum would be around 12,000. Um, and Ethereum is around 3,000 today."
tom-lee,GLD,us,buy,up,high,2026-02-20,2026-02-20,1y,GLD,False,468.62,-0.1739,0.0861,-0.26,-0.1739,False,True,,,1y,https://www.youtube.com/watch?v=WIRx04v9HqM,I think it means gold should be sitting in a portfolio. I've seen folks like Ray Dalia recommend up to 10%. you said 15% on this podcast. Most people are at zero for gold. So that means gold is still underowned today.
tom-lee,XLE,us,buy,up,high,2026-02-20,2026-02-20,1y,XLE,False,54.5238,-0.0138,0.0861,-0.0999,-0.0138,False,True,,,1y,https://www.youtube.com/watch?v=WIRx04v9HqM,"this year our top sector pick is energy and basic materials. energy and basic materials have underperformed so badly over the last five years... it's usually marked a turning point, the level of underperformance."
tom-lee,XLB,us,buy,up,high,2026-02-20,2026-02-20,1y,XLB,False,52.7255,-0.0174,0.0861,-0.1034,-0.0174,False,True,,,1y,https://www.youtube.com/watch?v=WIRx04v9HqM,"this year our top sector pick is energy and basic materials. energy and basic materials have underperformed so badly over the last five years... it's usually marked a turning point, the level of underperformance."
tom-lee,IWM,us,buy,up,med,2026-02-20,2026-02-20,1y,IWM,False,263.5135,0.1217,0.0861,0.0356,0.1217,True,True,,,1y,https://www.youtube.com/watch?v=WIRx04v9HqM,"the ISM is likely to break back above 50 and along with Fed cuts that means industrials, financials, and small caps. So, I like Mag 7, but I think cyclicals could be the more interesting trade this year."
tom-lee,BTC,us,buy,up,med,2025-11-20,2025-11-20,3m,BTC,False,38.21,-0.223,0.0521,-0.275,-0.223,False,True,,200000,3m,https://www.youtube.com/watch?v=XqijYQppg20,"I think Bitcoin actually potentially can get to the high 100,000s, you know, maybe even 200,000 by the end of the year."
tom-lee,ETH,us,buy,up,high,2025-11-20,2025-11-20,3m,ETH,False,26.68,-0.3085,0.0521,-0.3605,-0.3085,False,True,,9000,3m,https://www.youtube.com/watch?v=XqijYQppg20,"Mark Newton, our head of technical strategy, thinks we're going to be like 9 to 12,000 by January. I think that's about right. I think Ethereum just 3,600 more than doubles between now and year end or between now and January."
tom-lee,XLF,us,buy,up,med,2025-11-20,2025-11-20,3m,XLF,False,50.6715,0.0239,0.0521,-0.0281,0.0239,False,True,,,3m,https://www.youtube.com/watch?v=XqijYQppg20,"if they cut in December, they're confirming they're on an easing cycle. That would be really bullish for financials and small caps. And by the way, what's correlated to tech and financials and small caps? It's crypto."
tom-lee,IGV,us,buy,up,med,2026-05-23,2026-05-26,1y,IGV,False,94.0324,-0.0526,-0.0051,-0.0474,-0.0526,False,True,,,1y,https://www.youtube.com/watch?v=WTnFttmwWk4,"on a relative price basis, you're back to 15-year lows. So, the entire software is eating the world thesis has been unwritten in just the last 6 months. So, I think a lot of positive risk reward now exists in software stocks."
tom-lee,XLE,us,buy,up,med,2026-05-23,2026-05-26,1y,XLE,False,57.85,-0.0705,-0.0051,-0.0654,-0.0705,False,True,,,1y,https://www.youtube.com/watch?v=WTnFttmwWk4,"energy stocks can outperform. I'm not constructive on the oil price in the short term, but you're bullish on the energy stocks... everything from data centers and this shift away from alternatives is going to be putting upside into the future prices of oil."
tom-lee,TSLA,us,buy,up,high,2025-11-20,2025-11-20,3m,TSLA,True,395.23,0.0417,0.0521,-0.0104,0.0417,False,True,,,3m,https://www.youtube.com/watch?v=YAJL0f3Qufg,I like Tesla as a long position between now and probably January. Technically you look at the chart on a weekly or monthly basis going back and you have the making of a very nice longer term cup and handle pattern extending back since 2021.
tom-lee,IWM,us,buy,up,high,2025-11-20,2025-11-20,3m,IWM,False,227.398,0.1588,0.0521,0.1067,0.1588,True,True,,,3m,https://www.youtube.com/watch?v=YAJL0f3Qufg,I fully support buying into the Russell. I think it's going to have a very big move and that probably happens between November into January.
tom-lee,IBB,us,buy,up,med,2025-11-20,2025-11-20,3m,IBB,False,163.9198,0.0668,0.0521,0.0148,0.0668,True,True,,,3m,https://www.youtube.com/watch?v=YAJL0f3Qufg,Biotech right now for me makes a lot more sense. We haven't really seen the kind of market volatility that really warrants getting too long the defenses.
tom-lee,VST,us,buy,up,med,2025-11-20,2025-11-20,3m,VST,True,173.3116,-0.006,0.0521,-0.0581,-0.006,False,True,,,3m,https://www.youtube.com/watch?v=YAJL0f3Qufg,"I do like the utilities more so for the power center areas within that group. I think it's very powerful. The Vistras of the world, VST or CEG, I think they're really really strong."
tom-lee,CEG,us,buy,up,med,2025-11-20,2025-11-20,3m,CEG,True,344.7816,-0.1565,0.0521,-0.2086,-0.1565,False,True,,,3m,https://www.youtube.com/watch?v=YAJL0f3Qufg,"I do like the utilities more so for the power center areas within that group. I think it's very powerful. The Vistras of the world, VST or CEG, I think they're really really strong."
tom-lee,SLV,us,buy,up,high,2025-11-20,2025-11-20,6m,SLV,False,45.78,0.517,0.1447,0.3723,0.517,True,True,,,6m,https://www.youtube.com/watch?v=YAJL0f3Qufg,I actually like silver and long more silver than gold personally. It's been outperforming since April. I would look to buy pullbacks into next year into the metals.
tom-lee,BTC,us,buy,up,med,2025-11-20,2025-11-20,3m,BTC,False,38.21,-0.223,0.0521,-0.275,-0.223,False,True,,132500,3m,https://www.youtube.com/watch?v=YAJL0f3Qufg,"Bitcoin probably gets to 130 135, but I don't see a lot more. And I would favor Ethereum, Salana, and Ripple personally."
tom-lee,XRP,us,buy,up,high,2025-11-20,2025-11-20,3m,XRP,False,22.46,-0.2961,0.0521,-0.3481,-0.2961,False,True,,4.25,3m,https://www.youtube.com/watch?v=YAJL0f3Qufg,I like it. I think it's actually better than Bitcoin between now and year end. I think it probably gets to 4 to 450.
tom-lee,ETH,us,buy,up,med,2025-11-20,2025-11-20,3m,ETH,False,26.68,-0.3085,0.0521,-0.3605,-0.3085,False,True,,,3m,https://www.youtube.com/watch?v=YAJL0f3Qufg,"I love buying Ethereum ETHA. I would favor Ethereum, Salana, and Ripple personally."
tom-lee,SOL,us,buy,up,med,2025-11-20,,,,,,,,,,,False,no price data,,3m,https://www.youtube.com/watch?v=YAJL0f3Qufg,"I would favor Ethereum, Salana, and Ripple personally over Bitcoin between now and year end."
tom-lee,AMZN,us,buy,up,med,2025-11-20,2025-11-20,3m,AMZN,True,217.14,-0.0566,0.0521,-0.1086,-0.0566,False,True,,,3m,https://www.youtube.com/watch?v=YAJL0f3Qufg,Amazon like Google similar chart pattern similar trajectory that this dip should be bought. I personally did buy a little bit more on this dip.
tom-lee,GOOGL,us,buy,up,high,2025-11-20,2025-11-20,1y,GOOGL,True,289.0573,0.2732,0.1509,0.1223,0.2732,True,True,,,1y,https://www.youtube.com/watch?v=YAJL0f3Qufg,Long-term I like Google. I would look to buy this on any pullback. The fundamental story is there. That is probably my favorite stock of the mega cap stocks.
tom-lee,NKE,us,buy,up,med,2025-11-20,2025-11-20,1y,NKE,True,60.1,-0.2479,0.1509,-0.3988,-0.2479,False,True,,120,1y,https://www.youtube.com/watch?v=YAJL0f3Qufg,Nike has got my interest from a long-term turnaround story. This is a stock if I'm looking for a turnaround name that has upside to say $120 from this current level around 70. I've nibbled that myself.
tom-lee,AVGO,us,buy,up,high,2025-11-20,2025-11-20,1y,AVGO,True,345.4331,0.1908,0.1509,0.0399,0.1908,True,True,,,1y,https://www.youtube.com/watch?v=YAJL0f3Qufg,"The Broadcoms of the world, Nvidia's little brother. That stock has been a juggernaut. It continues to impress. Every dip looks like an opportunity."
tom-lee,NVDA,us,buy,up,high,2025-11-20,2025-11-20,1y,NVDA,True,180.4099,0.1678,0.1509,0.0169,0.1678,True,True,,,1y,https://www.youtube.com/watch?v=YAJL0f3Qufg,I love buying Nvidia here. Nvidia Broadcom still lead that way. Those are the stocks you want to be in.
tom-lee,LW,us,buy,up,low,2025-11-20,2025-11-20,1y,LW,False,54.6435,-0.1754,0.1509,-0.3263,-0.1754,False,True,,,1y,https://www.youtube.com/watch?v=YAJL0f3Qufg,Lamb Weston LW the symbol there. Look at the chart. It's like looking at Nike all over again. Riskreward setups for a turnaround are there.
tom-lee,XLE,us,buy,up,med,2025-11-20,2025-11-20,3m,XLE,False,43.7685,0.2525,0.0521,0.2005,0.2525,True,True,,,3m,https://www.youtube.com/watch?v=YAJL0f3Qufg,"Just as of this morning we just announced sort of a breakout in the XLE ETF. It is a new breakout. As a turnaround play, one that has been out of favor, but was the best performer by far last week, I think we should start paying attention."
tom-lee,EWZ,us,buy,up,med,2025-11-20,2025-11-20,1y,EWZ,False,30.5294,0.1048,0.1509,-0.0461,0.1048,False,True,,,1y,https://www.youtube.com/watch?v=YAJL0f3Qufg,"We also like Brazil. EWZ, the ETF, is a great way to express a view in Brazil. It's a long-term turnaround. Much different chart, but notice there that you could kind of envision the downtrend line that it's breached."
tom-lee,GDX,us,buy,up,med,2025-11-20,2025-11-20,6m,GDX,False,72.4439,0.187,0.1447,0.0423,0.187,True,True,,,6m,https://www.youtube.com/watch?v=YAJL0f3Qufg,Gold miners. I love the miners. I love gold and silver. I would look to buy pullbacks into next year into the metals.
tom-lee,BTC,us,buy,up,med,2026-02-20,2026-02-20,6m,BTC,False,29.97,-0.0711,0.0861,-0.1572,-0.0711,False,True,,,6m,https://www.youtube.com/watch?v=YERE-6CVWXY,"In the past, these large moves in gold have actually been a precursor to a subsequent move in crypto. I think part of this is we're seeing a big move in non-US dollar assets and that follows with crypto."
tom-lee,TSLA,us,buy,up,high,2026-02-20,2026-02-20,3m,TSLA,True,411.82,0.0345,0.0845,-0.05,0.0345,False,True,,650,3m,https://www.youtube.com/watch?v=YsWVZyR5z2Q,"A move above 500, which I do anticipate can happen into February, I think should lift the stock. I think probably up to 650, maybe even $700 might be a stretch on this runup, but I think that's certainly doable."
tom-lee,USO,us,sell,down,high,2026-06-06,2026-06-08,3m,USO,False,135.15,-0.1501,0.0102,0.1602,0.1501,True,True,,60,3m,https://www.youtube.com/watch?v=Z5VoarFBVj8,I sense that crude is going to fall to $60 or below. Being under $89 for me is very bearish for crude and should kick off a period of acceleration.
tom-lee,JETS,us,buy,up,med,2026-06-06,2026-06-08,3m,JETS,False,27.7,0.1191,0.0102,0.109,0.1191,True,True,,,3m,https://www.youtube.com/watch?v=Z5VoarFBVj8,"That's good for airlines, it's great for chemical stocks, certainly transportation and airlines fueling industrial. We're seeing better strength out of the airlines, which is the biggest beneficiary of a drop in crude, hitting the highest level in months."
tom-lee,QQQ,us,sell,down,med,2026-06-06,2026-06-08,1m,QQQ,False,716.07,0.0343,0.0102,-0.0241,-0.0343,False,True,,,1m,https://www.youtube.com/watch?v=Z5VoarFBVj8,"Semiconductors being up over 40% in the last month, it's really unsustainable. They've gotten overbought. PMs are really reticent to chase strength when it gets so overdone. I think tech falls specifically because the other sectors are starting to strengthen."
tom-lee,BTC,us,buy,up,med,2026-06-06,2026-06-08,3m,BTC,False,28.03,-0.0068,0.0102,-0.017,-0.0068,False,True,,,3m,https://www.youtube.com/watch?v=Z5VoarFBVj8,"Cryptocurrencies likely should be bottoming, even though it's tough to argue, if you look at charts of many of the cryptocurrencies outside of Bitcoin, that they've really been strengthening."
tom-lee,SPY,us,buy,up,high,2025-11-20,2025-11-20,1m,SPY,False,648.8356,0.0461,0.0461,0.0,0.0461,False,True,,7000,1m,https://www.youtube.com/watch?v=_uK7qrxjvnc,"7,000, yes, makes sense. And it's just going to be bumpy in the next couple weeks."
tom-lee,XLE,us,buy,up,high,2026-03-20,2026-03-20,1y,XLE,False,58.925,-0.0875,0.1514,-0.2388,-0.0875,False,True,,,1y,https://www.youtube.com/watch?v=bh34Wnd5U8s,"Energy and basic materials have been our top sector pick for this year, and we like industrials. There is still a lot of legs to that because we know that there is an investment spending cycle coming."
tom-lee,XLB,us,buy,up,high,2026-03-20,2026-03-20,1y,XLB,False,46.772,0.1077,0.1514,-0.0436,0.1077,False,True,,,1y,https://www.youtube.com/watch?v=bh34Wnd5U8s,"Energy and basic materials have been our top sector pick for this year, and we like industrials. There is still a lot of legs to that because we know that there is an investment spending cycle coming."
tom-lee,XLI,us,buy,up,med,2026-03-20,2026-03-20,1y,XLI,False,161.217,0.1222,0.1514,-0.0292,0.1222,False,True,,,1y,https://www.youtube.com/watch?v=bh34Wnd5U8s,We like industrials. There is still a lot of legs to that because we know that there is an investment spending cycle coming.
tom-lee,IGV,us,buy,up,med,2026-03-20,2026-03-20,3m,IGV,False,82.9744,0.0737,0.1514,-0.0777,0.0737,False,True,,,3m,https://www.youtube.com/watch?v=bh34Wnd5U8s,"I think crypto, technology, and software revived because those groups have been largely shielded from the original tariff impacts. We're in the later stages of that decline for software which has really had a waterfall decline."
tom-lee,SPX,us,buy,up,high,2026-02-20,,,,,,,,,,,False,no price data,8000,1y,https://www.youtube.com/watch?v=byuFwPDtyCA,"I actually think our 7700's probably low. I think the S&P could maybe even do 8,000."
tom-lee,ETH,us,buy,up,high,2026-01-20,2026-01-20,1y,ETH,False,28.35,-0.4282,0.1051,-0.5333,-0.4282,False,True,,9000,1y,https://www.youtube.com/watch?v=e25brnKdSvk,"I think Ethereum, which is around 3,000, can easily get to 9,000, 7,000 uh in early 2026, and then over time uh as it starts to be competitive with uh payment rails, you know, could get to the 20,000 level."
tom-lee,BTC,us,buy,up,high,2026-01-20,2026-01-20,1y,BTC,False,39.62,-0.2973,0.1051,-0.4024,-0.2973,False,True,,200000,1y,https://www.youtube.com/watch?v=e25brnKdSvk,"I think in in next year is really when Bitcoin can sort of begin to recover in you know, the 200,000 level makes a lot of sense to me."
tom-lee,NVDA,us,buy,up,high,2026-01-20,2026-01-20,6m,NVDA,True,177.8531,0.1846,0.1051,0.0796,0.1846,True,True,,,,https://www.youtube.com/watch?v=e25brnKdSvk,"Nvidia, top five idea. AMD, Meta, Goldman, Arista Networks. I still like tech uh for next year."
tom-lee,AMD,us,buy,up,med,2026-01-20,2026-01-20,6m,AMD,True,231.92,1.317,0.1051,1.212,1.317,True,True,,,,https://www.youtube.com/watch?v=e25brnKdSvk,"Nvidia, top five idea. AMD, Meta, Goldman, Arista Networks."
tom-lee,META,us,buy,up,med,2026-01-20,2026-01-20,6m,META,True,603.6032,-0.0437,0.1051,-0.1488,-0.0437,False,True,,,,https://www.youtube.com/watch?v=e25brnKdSvk,"Nvidia, top five idea. AMD, Meta, Goldman, Arista Networks."
tom-lee,GS,us,buy,up,med,2026-01-20,2026-01-20,6m,GS,True,934.3136,0.1737,0.1051,0.0686,0.1737,True,True,,,,https://www.youtube.com/watch?v=e25brnKdSvk,"Nvidia, top five idea. AMD, Meta, Goldman, Arista Networks."
tom-lee,ANET,us,buy,up,med,2026-01-20,2026-01-20,6m,ANET,True,127.52,0.3305,0.1051,0.2255,0.3305,True,True,,,,https://www.youtube.com/watch?v=e25brnKdSvk,"Nvidia, top five idea. AMD, Meta, Goldman, Arista Networks."
tom-lee,TSLA,us,hold-avoid,neutral,low,2026-01-20,2026-01-20,6m,TSLA,True,419.25,-0.0447,0.1051,0.1498,0.0447,True,True,,,,https://www.youtube.com/watch?v=e25brnKdSvk,"Tesla is on that list... in the near term, uh you know, Tesla's had a huge mo[mentum]... the bottom five are the ones that maybe uh myself or our technician, Mark Newton, don't think are as timely."
tom-lee,CRWD,us,hold-avoid,neutral,low,2026-01-20,2026-01-20,6m,CRWD,True,442.73,0.5469,0.1051,-0.4418,-0.5469,False,True,,,,https://www.youtube.com/watch?v=e25brnKdSvk,"the bottom five are the ones that maybe uh myself or our technician, Mark Newton, don't think are as timely. So, they're CrowdStrike... quality, but not like sales."
tom-lee,PANW,us,hold-avoid,neutral,low,2026-01-20,2026-01-20,6m,PANW,True,184.06,0.5635,0.1051,-0.4584,-0.5635,False,True,,,,https://www.youtube.com/watch?v=e25brnKdSvk,"the bottom five are the ones that maybe uh myself or our technician, Mark Newton, don't think are as timely. So, they're CrowdStrike, Costco, Palo Alto..."
tom-lee,NVDA,us,buy,up,high,2026-05-23,2026-05-26,6m,NVDA,True,214.6099,-0.0183,-0.0051,-0.0131,-0.0183,False,True,,,,https://www.youtube.com/watch?v=ePqeTu0lTxQ,"we've been staunch staunch advocates to continue to buy Nvidia. And 19.2 times forward earnings, I just don't think it's that expensive right now, especially considering Costco and Walmart trade at basically twice the multiple."
tom-lee,GLD,us,sell,down,med,2026-04-20,2026-04-20,1y,GLD,False,442.09,-0.1243,0.0536,0.178,0.1243,True,True,,,1y,https://www.youtube.com/watch?v=deu8hPlttcQ,"Go short gold and long crypto. You like that trade? For the next year, I think that's a a money trade."
tom-lee,BTC,us,buy,up,med,2026-04-20,2026-04-20,1y,BTC,False,33.78,-0.1758,0.0536,-0.2295,-0.1758,False,True,,,1y,https://www.youtube.com/watch?v=deu8hPlttcQ,"Go short gold and long crypto. You like that trade? For the next year, I think that's a a money trade."
tom-lee,MSFT,us,buy,up,med,2026-05-20,2026-05-20,3m,MSFT,True,420.15,-0.097,0.0074,-0.1044,-0.097,False,True,,,3m,https://www.youtube.com/watch?v=cloZxBmEa-E,Bill Ackman's buy of Microsoft really reinforces it. That's why software is actually still among our top picks right now.
tom-lee,BTC,us,buy,up,med,2025-12-20,2025-12-22,1y,BTC,False,39.08,-0.2876,0.0934,-0.381,-0.2876,False,True,,,1y,https://www.youtube.com/watch?v=cpL5z4WwAeM,ISM moving back above 50 has historically been associated with actually super cycle moves in Bitcoin and Ethereum... new highs come early.
tom-lee,ETH,us,buy,up,med,2025-12-20,2025-12-22,1y,ETH,False,28.08,-0.4227,0.0934,-0.5161,-0.4227,False,True,,,1y,https://www.youtube.com/watch?v=cpL5z4WwAeM,ISM moving back above 50 has historically been associated with actually super cycle moves in Bitcoin and Ethereum. And both are about to turn up.
tom-lee,IWM,us,buy,up,med,2025-12-20,2025-12-22,1y,IWM,False,252.5292,0.1705,0.0934,0.0771,0.1705,True,True,,,1y,https://www.youtube.com/watch?v=cpL5z4WwAeM,"2026 is a year like there's a new Fed, right? And but a dovish tilt... that's really good for small caps. And as Barry says, if they deregulate banking... that's really good for small caps."
tom-lee,USO,us,sell,down,med,2026-04-20,2026-04-20,6m,USO,False,121.32,-0.0532,0.0536,0.1068,0.0532,True,True,,,6m,https://www.youtube.com/watch?v=eqUPmD-FmQQ,"we probably initially are going to have a final spike, which means we probably get up to 110, 115 and then that's going to fail and we actually start to move right back down and it could get down to potentially the 60s or so... it should lead crude pretty meaningfully lower, I think. Uh specifically in the back half of the year."
tom-lee,ETH,us,buy,up,high,2025-11-20,2025-11-20,3m,ETH,False,26.68,-0.3085,0.0521,-0.3605,-0.3085,False,True,,12000,3m,https://www.youtube.com/watch?v=hTjHZy4Qk7w,"I think Ethereum probably is bottoming this week... the 8-year average would put Ethereum at around 12,000. So I think Ethereum is undervalued."
tom-lee,BTC,us,buy,up,med,2025-11-20,2025-11-20,3m,BTC,False,38.21,-0.223,0.0521,-0.275,-0.223,False,True,,,3m,https://www.youtube.com/watch?v=hTjHZy4Qk7w,"crypto discounts the future, that's why it's volatile, but uh it still looks pretty attractive here."
tom-lee,USO,us,sell,down,high,2025-11-20,2025-11-20,3m,USO,False,70.15,0.1574,0.0521,-0.1053,-0.1574,False,True,,,3m,https://www.youtube.com/watch?v=hvvc-cDaVCw,"I think crude gets into the 40s, honestly. And it's going to be negative for crude, I think, in the next couple months."
tom-lee,XLE,us,buy,up,med,2025-11-20,2025-11-20,6m,XLE,False,43.7685,0.351,0.1447,0.2063,0.351,True,True,,,6m,https://www.youtube.com/watch?v=hvvc-cDaVCw,"If crude gets down to the 40s, it is going to be time to look at energy into 2026... I want to be a buyer in energy in the first half of next year."
tom-lee,XLF,us,buy,up,med,2025-11-20,2025-11-20,6m,XLF,False,50.6715,0.0209,0.1447,-0.1238,0.0209,False,True,,,6m,https://www.youtube.com/watch?v=hvvc-cDaVCw,"I love financials, I like tech, but tech's a bit overdone... financials are going to be just fine. They're actually coming down to levels that make a lot of sense in the next year."
tom-lee,BTC,us,buy,up,high,2026-06-18,,,,,,,,,,,False,no exit price in any horizon,,6m,https://www.youtube.com/watch?v=hyvx___QrLw,I do deploy risk here... the major question is are you know Bitcoin sold either broader crypto market? Have we bottomed then? I do think the best days for crypto are ahead.
tom-lee,SPY,us,buy,up,high,2026-01-20,2026-01-20,1y,SPY,False,675.7346,0.1051,0.1051,0.0,0.1051,False,True,,,1y,https://www.youtube.com/watch?v=iN0C8iwIqKA,"I think it's still possible to have a double digit year... I think GDP growth stronger. We have a dovish Fed. Valuations are reasonable. So, I think we end up exiting very strong."
tom-lee,BTC,us,buy,up,high,2025-12-20,2025-12-22,1y,BTC,False,39.08,-0.2876,0.0934,-0.381,-0.2876,False,True,,,1y,https://www.youtube.com/watch?v=ieCsmFY65FA,I do think the best days for crypto are ahead. I think the industry is maturing at a rapid pace and there's going to be a lot of opportunity to outperform uh you know broader indices.
tom-lee,BTC,us,buy,up,med,2026-03-20,2026-03-20,3m,BTC,False,31.05,-0.1034,0.1514,-0.2547,-0.1034,False,True,,,3m,https://www.youtube.com/watch?v=jz7kr49Bjyw,"We have seen fear start to get priced into markets... for the first time in a while, we've actually seen some actual fear get priced into uh broader risk markets."
tom-lee,NVDA,us,buy,up,high,2026-05-23,2026-05-26,6m,NVDA,True,214.6099,-0.0183,-0.0051,-0.0131,-0.0183,False,True,,,6m,https://www.youtube.com/watch?v=jyFGPSSQgSk,A company with the size of revenues of Nvidia growing at 100% I think shows that there is still unrelenting demand for the product Nvidia sells... there's still a shortage of those who are supplying the equipment.
tom-lee,SPY,us,buy,up,med,2026-05-23,2026-05-26,6m,SPY,False,750.59,-0.0051,-0.0051,0.0,-0.0051,False,True,,,6m,https://www.youtube.com/watch?v=jyFGPSSQgSk,"I think the market is pretty healthy. It showed resilience in the face of higher oil, higher yields... I think there is a pretty good runway. Stocks compared to the start of this year have more upside into year end."
tom-lee,AMD,us,buy,up,med,2026-05-20,2026-05-20,6m,AMD,True,447.58,0.2006,0.0074,0.1932,0.2006,True,True,,,6m,https://www.youtube.com/watch?v=kH0MB6OzZ30,stocks are rising uh for the right reasons... AMD's the latest example. But the market hasn't made these stocks expensive yet. The forward PE of the semi index is still only 22 times... there's still pretty good risk reward even in the stocks that are leading this rally.
tom-lee,SOXX,us,buy,up,med,2026-05-20,2026-05-20,6m,SOXX,False,520.063,0.2296,0.0074,0.2222,0.2296,True,True,,,6m,https://www.youtube.com/watch?v=kH0MB6OzZ30,"The forward PE of the semi index is still only 22 times, and while that might sound high... they'd gotten as high as 35 times over last 20 years. So, to me, there's still pretty good risk reward even in the stocks that are leading this rally."
tom-lee,FDXF,us,buy,up,med,2026-06-06,2026-06-08,3m,FDXF,True,178.77,-0.0891,0.0102,-0.0992,-0.0891,False,True,,,3m,https://www.youtube.com/watch?v=kNiwMsDVby8,"spin-offs have tended to do quite well. Studies have shown that spin-offs, at least in a brief period of time after they start, tend to outperform. So, I'm optimistic... I think that's actually a good thing for FedEx Freight because index managers are going to be forced to buy into this."
tom-lee,XLF,us,buy,up,med,2025-12-20,2025-12-22,6m,XLF,False,55.0371,-0.0267,0.0934,-0.12,-0.0267,False,True,,,6m,https://www.youtube.com/watch?v=kTxkmXPHfJA,"I love financials, I like tech... financials are going to be just fine. They're actually coming down to levels that make a lot of sense in the next year."
tom-lee,XLK,us,buy,up,med,2025-12-20,2025-12-22,1m,XLK,False,144.9797,0.0032,0.01,-0.0068,0.0032,False,True,,,1m,https://www.youtube.com/watch?v=kTxkmXPHfJA,I think tech is going to bounce after what we've seen in the last few weeks.
tom-lee,SPY,us,buy,up,high,2025-11-20,2025-11-20,3m,SPY,False,648.8356,0.0521,0.0521,0.0,0.0521,False,True,,7000,3m,https://www.youtube.com/watch?v=kxy8dN_Hzro,"S&P's at 6,800. I think it's still a base case... the S&P should gain another 4%. That would put us over 7,000 into the end of the year... maybe even 10% into year-end."
tom-lee,BTC,us,buy,up,high,2025-11-20,2025-11-20,3m,BTC,False,38.21,-0.223,0.0521,-0.275,-0.223,False,True,,,3m,https://www.youtube.com/watch?v=kxy8dN_Hzro,I think you're going to see a crypto rally into the end of the year... open interest for both Ethereum and Bitcoin are at record lows at a time when the technicals for both Bitcoin and Ethereum are flipping positive.
tom-lee,ETH,us,buy,up,high,2025-11-20,2025-11-20,3m,ETH,False,26.68,-0.3085,0.0521,-0.3605,-0.3085,False,True,,,3m,https://www.youtube.com/watch?v=kxy8dN_Hzro,"I think you're going to see a crypto rally into the end of the year... because the fundamental activity on Ethereum is really picking up, it argues for a pretty big move into end of the year."
tom-lee,GLD,us,hold-avoid,down,med,2025-11-20,2025-11-20,1m,GLD,False,374.85,0.0645,0.0461,-0.0184,-0.0645,False,True,,,1m,https://www.youtube.com/watch?v=kxy8dN_Hzro,"Mark Newton... thinks that there was a cup and handle pattern earlier this year... the targeted move was right around where gold is peaking now. So, he does think we might be seeing a short-term peak in gold."
tom-lee,SPX,us,buy,up,high,2026-02-20,,,,,,,,,,,False,no price data,7700,1y,https://www.youtube.com/watch?v=lO_DrBCFyFE,"between now and the end of the year, I think there can be a lot of reasons for speed bumps, but I think as we exit the year, the earning story is anchoring a I'd say upside to our 7,700 target."
tom-lee,XLF,us,buy,up,high,2026-02-20,2026-02-20,1y,XLF,False,52.2216,0.0258,0.0861,-0.0603,0.0258,False,True,,,1y,https://www.youtube.com/watch?v=lO_DrBCFyFE,the bank fundamentals are so good and I think tokenization and sort of blockchain are really big productivity drivers and AI is a huge tailwind that I think banks are in the process of re-rating more like tech stocks over time. So I mean I would use any of the weakness to buy them.
tom-lee,XLE,us,buy,up,med,2026-02-20,2026-02-20,1y,XLE,False,54.5238,-0.0138,0.0861,-0.0999,-0.0138,False,True,,,1y,https://www.youtube.com/watch?v=lO_DrBCFyFE,"from Fundstrat's perspective, when we did our outlook, our top sector picks this year would be energy and basic materials and that was from early December. Uh we still like the mag seven and financials and industrials and small caps."
tom-lee,BTC,us,buy,up,med,2026-02-20,2026-02-20,3m,BTC,False,29.97,0.1188,0.0845,0.0343,0.1188,True,True,,,3m,https://www.youtube.com/watch?v=lO_DrBCFyFE,"when gold and silver take a break, then and in the past that would lead to a Bitcoin and Ethereum surge afterwards."
tom-lee,ETH,us,buy,up,med,2026-02-20,2026-02-20,3m,ETH,False,18.64,0.0515,0.0845,-0.033,0.0515,False,True,,,3m,https://www.youtube.com/watch?v=lO_DrBCFyFE,"when gold and silver take a break, then and in the past that would lead to a Bitcoin and Ethereum surge afterwards."
tom-lee,SPX,us,buy,up,med,2026-05-20,,,,,,,,,,,False,no price data,7300,1y,https://www.youtube.com/watch?v=lt6oXVjrY7A,our base case is for markets to make it to the S&P to 7300.
tom-lee,SPX,us,buy,up,high,2025-12-20,,,,,,,,,,,False,no price data,7000,1m,https://www.youtube.com/watch?v=mZw9WF8YIfk,"I think we're set up for a really strong rallying year end... I think the S&P will be over 7,000 by the end of the year. You know, in fact, maybe over 7,000 by the end of the month."
tom-lee,BTC,us,buy,up,high,2025-12-20,2025-12-22,1m,BTC,False,39.08,0.0819,0.01,0.0719,0.0819,True,True,,100000,1m,https://www.youtube.com/watch?v=mZw9WF8YIfk,"I think it's still very likely that Bitcoin is going to be above a 100,000 before your end and maybe even above one to a new high. So, Bitcoin makes its moves in 10 days and every year."
tom-lee,SPX,us,buy,up,high,2026-04-20,,,,,,,,,,,False,no price data,7700,1y,https://www.youtube.com/watch?v=nJYjz76yfMo,"So, 7700 is still your call uh by the end of the year... Yes. And I think people are kind of torn cuz if someone sold in March... the risk reward is quite good for stocks."
tom-lee,ETH,us,buy,up,med,2026-04-20,2026-04-20,3m,ETH,False,22.14,-0.2678,0.0536,-0.3215,-0.2678,False,True,,,3m,https://www.youtube.com/watch?v=nJYjz76yfMo,"after energy stocks, which have done well since the war started, the second best performing asset is Ethereum. And the third best is Bitcoin. They've both been up on an absolute basis and beating the equity market."
tom-lee,SPX,us,buy,up,high,2026-01-20,,,,,,,,,,,False,no price data,7700,1y,https://www.youtube.com/watch?v=pkM3flau_t8,"you think 7,700 by the end of 2026 with a 15 to 20% correction at some point in in uh the second half of the year. >> Yeah."
tom-lee,BTC,us,buy,up,high,2026-01-20,2026-01-20,1y,BTC,False,39.62,-0.2973,0.1051,-0.4024,-0.2973,False,True,,250000,1y,https://www.youtube.com/watch?v=pkM3flau_t8,"in 2026, if Bitcoin gets to 200 or 250,000, it would be breaking the fouryear cycle... I think there are tailwinds that are building... institutional adoption... US government support. So I think these are tailwinds that help Bitcoin recover this year."
tom-lee,XLE,us,buy,up,high,2026-01-20,2026-01-20,1y,XLE,False,47.291,0.137,0.1051,0.0319,0.137,True,True,,,1y,https://www.youtube.com/watch?v=pkM3flau_t8,energy is our one of our top sector picks this year... and the mag seven should still keep producing good earnings growth and then the financials and small cap.
tom-lee,XOP,us,buy,up,med,2026-01-20,2026-01-20,6m,XOP,False,129.2406,0.1866,0.1051,0.0815,0.1866,True,True,,,6m,https://www.youtube.com/watch?v=pkM3flau_t8,"I know our technician, Mark Newton, thinks oil could actually see something like 40 uh early this year, but that won't necessarily hurt the stocks because I think the equities have been lagging for so long... So the majors should do well. So I think energy stocks are going to start discounting higher oil even as oil gets to 40."
tom-lee,IWM,us,buy,up,med,2026-01-20,2026-01-20,1y,IWM,False,261.4919,0.1304,0.1051,0.0253,0.1304,True,True,,,1y,https://www.youtube.com/watch?v=pkM3flau_t8,"The small caps made an all-time high last year, which is great because that's been a long time coming. And lower interest rates helps them. Monetary easing, earnings growth is starting to look better. And if we have mergers, I think all of these are tailwinds for small caps."
tom-lee,SPX,us,buy,up,high,2026-05-20,,,,,,,,,,,False,no price data,7700,1y,https://www.youtube.com/watch?v=qZohcKCMAl8,"I think S&P above 7,700 is very probable."
tom-lee,IGV,us,buy,up,med,2026-05-20,2026-05-20,3m,IGV,False,93.3025,-0.0451,0.0074,-0.0526,-0.0451,False,True,,,3m,https://www.youtube.com/watch?v=qZohcKCMAl8,"I think the underwriting for the private credit uh looks better than expected. I think that's why IGV is rebounding. And so, I think the upside case is strengthening."
tom-lee,SPX,us,buy,up,high,2025-11-20,,,,,,,,,,,False,no price data,7000,1m,https://www.youtube.com/watch?v=qik6bPtSqEo,"I think the S&P will be over 7,000 by the end of the year. You know, in fact, maybe over 7,000 by the end of the month."
tom-lee,QQQ,us,buy,up,med,2026-04-20,2026-04-20,3m,QQQ,False,646.79,0.1451,0.0536,0.0914,0.1451,True,True,,,3m,https://www.youtube.com/watch?v=qjmlzhM85Xw,"tech is cheap. Eventually, it's going to be a great place to be... I'm thinking that leadership in this next wave is coming from tech."
tom-lee,BTC,us,buy,up,med,2026-04-20,2026-04-20,3m,BTC,False,33.78,-0.1758,0.0536,-0.2295,-0.1758,False,True,,,3m,https://www.youtube.com/watch?v=qjmlzhM85Xw,I do think crypto is showing strength... crypto actually has done well and gold has actually weakened... it looks more like a shock that's rippling through... ultimately doesn't mean that a bear market is underway.
tom-lee,SPX,us,buy,up,high,2026-05-20,,,,,,,,,,,False,no price data,7300,3m,https://www.youtube.com/watch?v=pO8CSUnEfb0,we still think we're going to reach in the near term 7300.
tom-lee,BTC,us,buy,up,high,2025-12-20,2025-12-22,1m,BTC,False,39.08,0.0819,0.01,0.0719,0.0819,True,True,,200000,1m,https://www.youtube.com/watch?v=rN-6aGIWqss,"I think Bitcoin can can double from here by the end of January. Now, many people don't expect it because of the 4-year cycle. If Bitcoin breaks 125 in January, there is no four-year cycle."
tom-lee,IWM,us,buy,up,high,2025-12-20,2025-12-22,1y,IWM,False,252.5292,0.1705,0.0934,0.0771,0.1705,True,True,,,1y,https://www.youtube.com/watch?v=rN-6aGIWqss,Undervalued uh I think is small caps because there is real earnings growth now coming but there is no money flows. So small caps are a whole group that inst professional investors can afford to ignore.
tom-lee,XLF,us,buy,up,high,2025-12-20,2025-12-22,1y,XLF,False,55.0371,-0.0267,0.0934,-0.12,-0.0267,False,True,,,1y,https://www.youtube.com/watch?v=rN-6aGIWqss,I think financials are also dramatically undervalued Scott because...financial sector is actually becoming a tech sector...going to make companies who issue capital and in companies like JP Morgan probably dramatically reduce their dependence on humans.
tom-lee,SPY,us,buy,up,high,2025-12-20,2025-12-22,1y,SPY,False,682.9648,0.0934,0.0934,0.0,0.0934,False,True,,7700,1y,https://www.youtube.com/watch?v=rN-6aGIWqss,"You've got S&P price target of 7,700. We're at 6850. So that would imply, you know, a little over 10% um rise next year."
tom-lee,SPY,us,buy,up,high,2026-01-20,2026-01-20,1y,SPY,False,675.7346,0.1051,0.1051,0.0,0.1051,False,True,,7700,1y,https://www.youtube.com/watch?v=vzrDKh4F8iI,"I do believe there's upside to uh our S&P target of 7,700. This is roughly tracking our view for the year."
tom-lee,SPY,us,buy,up,high,2026-01-20,2026-01-20,1y,SPY,False,675.7346,0.1051,0.1051,0.0,0.1051,False,True,,7700,1y,https://www.youtube.com/watch?v=vkHTvOVF-kc,S&P as of today is set to make a new all-time high...I maintain an overweight in industrials...Love financials. Energy is going to be work in progress but I do suspect that energy can be an overweight for the year.
tom-lee,XLI,us,buy,up,high,2026-01-20,2026-01-20,1y,XLI,False,163.0718,0.1094,0.1051,0.0043,0.1094,True,True,,,1y,https://www.youtube.com/watch?v=vkHTvOVF-kc,I do still maintain an overweight in industrials really as my favorite sector right now.
tom-lee,XLF,us,buy,up,high,2026-01-20,2026-01-20,1y,XLF,False,52.9279,0.0121,0.1051,-0.0929,0.0121,False,True,,,1y,https://www.youtube.com/watch?v=vkHTvOVF-kc,Love financials.
tom-lee,XLE,us,buy,up,med,2026-01-20,2026-01-20,1y,XLE,False,47.291,0.137,0.1051,0.0319,0.137,True,True,,,1y,https://www.youtube.com/watch?v=vkHTvOVF-kc,Energy is going to be work in progress but I do suspect that energy can be an overweight for the year. Uh I think that likely starts between mid and late February where energy officially bottomed.
tom-lee,BTC,us,sell,down,med,2026-01-20,2026-01-20,3m,BTC,False,39.62,-0.1625,0.0419,0.2045,0.1625,True,True,,60000,3m,https://www.youtube.com/watch?v=vkHTvOVF-kc,"I think that it's going to be wise to sell into strength in my view into mid to late January...we probably sell off initially down to an area right near the low 70s...that could get us down to even like 60,000 or so."
tom-lee,XLE,us,buy,up,high,2026-02-20,2026-02-20,1y,XLE,False,54.5238,-0.0138,0.0861,-0.0999,-0.0138,False,True,,,1y,https://www.youtube.com/watch?v=uW3_xb9sZos,our top picks this year in terms of sector is energy and basic materials...we were betting a bit of mean reversion taking place in 2026...the stocks could do really well.
tom-lee,XLB,us,buy,up,high,2026-02-20,2026-02-20,1y,XLB,False,52.7255,-0.0174,0.0861,-0.1034,-0.0174,False,True,,,1y,https://www.youtube.com/watch?v=uW3_xb9sZos,"our top picks this year in terms of sector is energy and basic materials...energy and materials underperformed over the last five years...So, we were betting that so much of the bad news was baked in that they could have okay fundamental years, but the stocks could do really well."
tom-lee,IWM,us,buy,up,high,2026-02-20,2026-02-20,1y,IWM,False,263.5135,0.1217,0.0861,0.0356,0.1217,True,True,,,1y,https://www.youtube.com/watch?v=uW3_xb9sZos,"when small caps turn, it tends to be a multi-year, in fact, it could be up to a 12-year period...I think small caps benefit from a Fed turning dovish, possible M&A wave coming, an ISM turning back above 50...That going to continue? Yeah."
tom-lee,BTC,us,buy,up,med,2026-02-20,2026-02-20,1y,BTC,False,29.97,-0.0711,0.0861,-0.1572,-0.0711,False,True,,200000,1y,https://www.youtube.com/watch?v=uW3_xb9sZos,"I still don't think $200,000 Bitcoin is that crazy. It is just a doubling in price...those big parabolic moves in crypto follow parabolic moves in precious metals...I don't think this is a broken story unless it doesn't happen in the next couple years."
tom-lee,ETH,us,buy,up,med,2026-02-20,2026-02-20,1y,ETH,False,18.64,-0.1304,0.0861,-0.2164,-0.1304,False,True,,,1y,https://www.youtube.com/watch?v=uW3_xb9sZos,"it is more a story of smart blockchains, which is more of an Ethereum story over Bitcoin."
tom-lee,BTC,us,buy,up,med,2026-02-20,2026-02-20,1m,BTC,False,29.97,0.036,-0.0567,0.0927,0.036,True,True,,,1m,https://www.youtube.com/watch?v=vnmnOA8ntjg,"Tom DeMark is our advisor mine in terms of crypto...This weekend, he believes we reach that alignment. So he all the pieces are in place for crypto to be bottoming right now because we're getting the level and enough time has passed."
tom-lee,ETH,us,buy,up,med,2026-02-20,2026-02-20,1m,ETH,False,18.64,0.0837,-0.0567,0.1404,0.0837,True,True,,2400,1m,https://www.youtube.com/watch?v=vnmnOA8ntjg,"Tom DeMark...has been since mid mid November saying Bitcoin would go to 77 and Ethereum 2400. So he's been waiting for what he calls time and price to align. This weekend, he believes we reach that alignment."
tom-lee,SPY,us,buy,up,med,2026-02-20,2026-02-20,6m,SPY,False,687.5523,0.0861,0.0861,0.0,0.0861,False,True,,,6m,https://www.youtube.com/watch?v=upcGcCO_VD0,I think it's wise to buy that dip...there is going to be a midyear hiccup...but that's coming from us markets being at a higher level...we are expecting a really strong finish for the year.
tom-lee,SPY,us,hold-avoid,down,med,2026-06-19,,,,,,,,,,,False,no entry price,,6m,https://www.youtube.com/watch?v=uLP6RHaaHDQ,"we still believe uh later this year there is going to be an abrupt change of market conditions, one that feels very much like a bear market. Um but, we don't want to stand and uh call a top. I think conditions are still favorable for stocks."
tom-lee,SPY,us,sell,down,med,2026-05-20,2026-05-20,6m,SPY,False,741.25,0.0074,0.0074,-0.0,-0.0074,False,True,,7300,6m,https://www.youtube.com/watch?v=sfm4HalPDO4,"If the market view is 7,300, followed by a 20% drop, and then a rise into year-end, how should we position our portfolio now?...if if we still see a drawdown into the end of the year, or before the end of the year, I think the groups that have already experienced a bear market would have already bottomed."
tom-nash,ORCL,us,buy,up,high,2025-09-20,2025-09-22,6m,ORCL,True,325.5807,-0.5419,-0.0219,-0.52,-0.5419,False,True,,,,https://www.youtube.com/watch?v=1xpfsFsvYuE,"I think Oracle has a position here which is very very hard to ignore... I think it's absolutely mispriced... bare case is 240, medium case is 455, top case is 669 [in 5 years]."
tom-nash,NVDA,us,buy,up,high,2025-09-20,2025-09-22,6m,NVDA,True,183.3761,-0.0593,-0.0219,-0.0375,-0.0593,False,True,,1278,,https://www.youtube.com/watch?v=3ACGE4_3vBU,"My current DCF shows a 301 basically a 67% undervaluation today for the stock five years today... I believe Nvidia for the next five years has a 609% upside on the bull case, bare case 400%."
tom-nash,PLTR,us,buy,up,high,2025-07-20,2025-07-21,6m,PLTR,True,151.79,0.1263,0.1063,0.02,0.1263,True,True,,,,https://www.youtube.com/watch?v=3DEAP6gBlVU,"My list obviously starts with Palunteer, right? The best stock in my opinion. The market right now, this is the operating system of AI for the next 10-15 years."
tom-nash,TSLA,us,buy,up,med,2025-07-20,2025-07-21,6m,TSLA,True,328.49,0.3319,0.1063,0.2255,0.3319,True,True,,,,https://www.youtube.com/watch?v=3DEAP6gBlVU,"Tesla is a close second. Even though it has not been performing great the past few years... none of this matters if Tesla leads in autonomous driving, robotics, and energy."
tom-nash,NVDA,us,buy,up,med,2025-07-20,2025-07-21,6m,NVDA,True,171.1521,0.0868,0.1063,-0.0196,0.0868,False,True,,,,https://www.youtube.com/watch?v=3DEAP6gBlVU,Nvidia is the building blocks of data centers with GPUs... 1 through 7 are monopolies or about to become monopolies in industries which are going to dominate for the next 10 years.
tom-nash,MSFT,us,buy,up,med,2025-07-20,2025-07-21,6m,MSFT,True,506.0181,-0.0952,0.1063,-0.2016,-0.0952,False,True,,,,https://www.youtube.com/watch?v=3DEAP6gBlVU,Microsoft basically is the fastest growing cloud provider and they have open AI... 1 through 7 are monopolies or about to become monopolies in industries which are going to dominate for the next 10 years.
tom-nash,CRWD,us,buy,up,med,2025-07-20,2025-07-21,6m,CRWD,True,481.58,-0.0575,0.1063,-0.1638,-0.0575,False,True,,,,https://www.youtube.com/watch?v=3DEAP6gBlVU,Crowd Shrike is the most important cyber security company in the world and growing and growing and they're about to pretty much monopolize it.
tom-nash,TSM,us,buy,up,med,2025-07-20,2025-07-21,6m,TSM,False,236.7906,0.4419,0.1063,0.3356,0.4419,True,True,,,,https://www.youtube.com/watch?v=3DEAP6gBlVU,TSMC has already monopolized the manufacturing process of semiconductors... 1 through 7 are monopolies or about to become monopolies in industries which are going to dominate for the next 10 years.
tom-nash,ASML,us,buy,up,med,2025-07-20,2025-07-21,6m,ASML,False,714.0841,0.8959,0.1063,0.7896,0.8959,True,True,,,,https://www.youtube.com/watch?v=3DEAP6gBlVU,ASML have already monopolized the manufacturing process of the machines that TSMC buys to build the semiconductors... 1 through 7 are monopolies or about to become monopolies.
tom-nash,TSLA,us,buy,up,high,2025-09-20,2025-09-22,6m,TSLA,True,434.21,-0.1526,-0.0219,-0.1307,-0.1526,False,True,,,,https://www.youtube.com/watch?v=3kJg6qMFV9A,"In tier one we have Tesla, Nvidia and Palunteer. Those are the staples I think that should be in any portfolio. Definitely you know Tesla and Palanteer are in mine. Those stocks are great at any weather especially now."
tom-nash,NVDA,us,buy,up,high,2025-09-20,2025-09-22,6m,NVDA,True,183.3761,-0.0593,-0.0219,-0.0375,-0.0593,False,True,,,,https://www.youtube.com/watch?v=3kJg6qMFV9A,"In tier one we have Tesla, Nvidia and Palunteer. Those are the staples I think that should be in any portfolio. Those stocks are great at any weather especially now."
tom-nash,PLTR,us,buy,up,high,2025-09-20,2025-09-22,6m,PLTR,True,179.33,-0.1598,-0.0219,-0.1379,-0.1598,False,True,,,,https://www.youtube.com/watch?v=3kJg6qMFV9A,"In tier one we have Tesla, Nvidia and Palunteer. Those are the staples I think that should be in any portfolio. Definitely you know Tesla and Palanteer are in mine. Those stocks are great at any weather especially now."
tom-nash,NKE,us,buy,up,med,2025-09-20,2025-09-22,6m,NKE,True,69.7368,-0.2557,-0.0219,-0.2338,-0.2557,False,True,,,,https://www.youtube.com/watch?v=3kJg6qMFV9A,"Tier two, you have all the consumer stuff where I think they're going to do phenomenal. Nike, Amazon, Apple... I like these three because a lot more consumer spending is coming. Nike has been beaten down and I think there's a lot of stuff there that people are not counting on."
tom-nash,AMZN,us,buy,up,med,2025-09-20,2025-09-22,6m,AMZN,True,227.63,-0.0978,-0.0219,-0.0759,-0.0978,False,True,,,,https://www.youtube.com/watch?v=3kJg6qMFV9A,"Tier two, you have all the consumer stuff where I think they're going to do phenomenal. Nike, Amazon, Apple... I like these three because a lot more consumer spending is coming."
tom-nash,AAPL,us,buy,up,med,2025-09-20,2025-09-22,6m,AAPL,True,255.3576,-0.0297,-0.0219,-0.0079,-0.0297,False,True,,,,https://www.youtube.com/watch?v=3kJg6qMFV9A,"Tier two, you have all the consumer stuff where I think they're going to do phenomenal. Nike, Amazon, Apple... I like these three because a lot more consumer spending is coming."
tom-nash,TSM,us,buy,up,med,2025-09-20,2025-09-22,6m,TSM,False,271.132,0.2143,-0.0219,0.2362,0.2143,True,True,,,,https://www.youtube.com/watch?v=3kJg6qMFV9A,"Number three, we have the foundations. Okay, TSM, the world's monopoly. ASML... Oracle is coming up as a massive provider of cloud services. I think this is a good start to tailoring your portfolio for the next few years in a rate cutting cycle."
tom-nash,ASML,us,buy,up,med,2025-09-20,2025-09-22,6m,ASML,False,952.7632,0.3795,-0.0219,0.4014,0.3795,True,True,,,,https://www.youtube.com/watch?v=3kJg6qMFV9A,"Number three, we have the foundations. Okay, TSM, the world's monopoly. ASML... I think this is a good start to tailoring your portfolio for the next few years in a rate cutting cycle."
tom-nash,ORCL,us,buy,up,med,2025-09-20,2025-09-22,6m,ORCL,True,325.5807,-0.5419,-0.0219,-0.52,-0.5419,False,True,,,,https://www.youtube.com/watch?v=3kJg6qMFV9A,Oracle is coming up as a massive provider of cloud services... I think this is a good start to tailoring your portfolio for the next few years in a rate cutting cycle.
tom-nash,CRWD,us,buy,up,med,2025-09-20,2025-09-22,6m,CRWD,True,493.14,-0.1706,-0.0219,-0.1488,-0.1706,False,True,,,,https://www.youtube.com/watch?v=3kJg6qMFV9A,Crowd striking cyber security... I think this is a good start to tailoring your portfolio for the next few years in a rate cutting cycle.
tom-nash,NVDA,us,buy,up,high,2025-06-20,2025-06-20,6m,NVDA,True,143.6587,0.2583,0.1518,0.1065,0.2583,True,True,,170,,https://www.youtube.com/watch?v=3w8eiQdImO8,My end-of-year Target for NVIDIA is actually between $150 and $170 per share so that's still very very bullish in my opinion. I have a lot of faith in Jensen. I think the capex story is far from over.
tom-nash,PLTR,us,buy,up,high,2025-06-20,2025-06-20,1y,PLTR,True,137.3,-0.0643,0.2672,-0.3315,-0.0643,False,True,,140,1y,https://www.youtube.com/watch?v=3w8eiQdImO8,My price target for paler for the end of the year is 130 to 140 per share. I think they still have a lot of Runway but it's going to take time it's going to take eight nine months to get there.
tom-nash,TSLA,us,buy,up,high,2025-06-20,2025-06-20,1y,TSLA,True,322.16,0.2431,0.2672,-0.0241,0.2431,False,True,,550,1y,https://www.youtube.com/watch?v=3w8eiQdImO8,"Tesla right now to me looks like a $500 to $550 stock by the end of the year which is a very lucrative investment opportunity not even talking about longterm this is a $1,400 $1,500 stock over the next three years so I'm very very bullish on Tesla."
tom-nash,GOOGL,us,hold-avoid,neutral,med,2025-06-20,2025-06-20,1y,GOOGL,True,166.2652,1.2135,0.2672,-0.9463,-1.2135,False,True,,200,1y,https://www.youtube.com/watch?v=3w8eiQdImO8,I have chosen to drop Google from my top 25 stocks list... I think they'll finish about 200 by the end of the year and that's my official price Target but still not at top 25 stock.
tom-nash,PLTR,us,buy,up,high,2025-08-20,2025-08-20,6m,PLTR,True,156.01,-0.1322,0.0817,-0.2139,-0.1322,False,True,,,,https://www.youtube.com/watch?v=4_rBJjgbw0s,I wholeheartedly believe that this is inning one or two for Palanteer and I think we're going to see multi-trillion dollar valuations for this company... if there's blood on the street I'll be ready to start deploying double down DCA strategy.
tom-nash,TSLA,us,buy,up,high,2025-07-20,2025-07-21,1y,TSLA,True,328.49,0.2192,0.1977,0.0215,0.2192,True,True,,550,1y,https://www.youtube.com/watch?v=4yZo_4p6tvo,"I have never in my life been more bullish about this stock. Never. This is one of the greatest buy the dip moments in history... Tesla might be one of the best stocks to invest in right now. Tesla $500 to $550 stock by end of year, $1,400-$1,500 over next 3 years."
tom-nash,TSLA,us,buy,up,high,2025-06-20,2025-06-20,6m,TSLA,True,322.16,0.4937,0.1518,0.3419,0.4937,True,True,,,,https://www.youtube.com/watch?v=7n3whksfcXQ,"I'll show you how Tesla is going to make me another 10x from here... my bull case for Tesla has never been stronger, has never been clearer."
tom-nash,TSLA,us,buy,up,med,2025-06-20,2025-06-20,6m,TSLA,True,322.16,0.4937,0.1518,0.3419,0.4937,True,True,,,,https://www.youtube.com/watch?v=791MzAMNV60,he's basically saying look folks Tesla is going to do 300% over the next 10 years... if you give me 30% for the next 10 years I'm going to take it right now without even questioning without saying a word.
tom-nash,ANET,us,buy,up,high,2025-06-20,2025-06-20,6m,ANET,True,86.25,0.5202,0.1518,0.3684,0.5202,True,True,,234,,https://www.youtube.com/watch?v=8IINb0z0OP0,"My bare case is $191, 102% upside. Medium case, $234, 147% upside. And my bull case is $277, $193% upside. Currently trading at $95 per share."
tom-nash,MU,us,buy,up,high,2026-03-20,2026-03-20,6m,MU,True,422.7224,1.6826,0.1514,1.5312,1.6826,True,True,,,,https://www.youtube.com/watch?v=A-UimFiyHTU,"Micron, the new addition I'm going to add to my top stocks list. This is one of the best picks and shovels plays in history... for the next 5 10 years, there's very little chance to zero chance of any new competitors entering this market while demand is going to do this."
tom-nash,PLTR,us,buy,up,high,2026-05-30,2026-06-01,1y,PLTR,True,160.65,-0.2003,-0.0156,-0.1848,-0.2003,False,True,,,1y,https://www.youtube.com/watch?v=h94xqVRSHkA,"If the market is giving you this 10% discount while revenue is growing at 70%, free cash flow growing at 84%, operating income growing at 350%, this is a massive bargain."
tom-nash,ZT,us,buy,up,med,2026-05-30,,,,,,,,,,,False,no price data,,1y,https://www.youtube.com/watch?v=h94xqVRSHkA,"Zeta Global is down 6% year to date and is down 50% since late 2024 highs...price to sales of 3.27 for a company with more cash than debt, increasing cash flow, increasing EBITDA. What more could you ask?"
tom-nash,NOW,us,buy,up,med,2026-05-30,2026-06-01,6m,NOW,True,135.86,-0.3005,-0.0156,-0.2849,-0.3005,False,True,,,5y,https://www.youtube.com/watch?v=h94xqVRSHkA,"Service Now is a gold mine. Long-term, this is a gold mine. This is a company that's built to thrive in the AI world. Once they start utilizing AI to provide the same service, their costs are going to go down dramatically."
tom-nash,CRM,us,buy,up,med,2026-05-30,2026-06-01,6m,CRM,True,209.6,-0.2759,-0.0156,-0.2603,-0.2759,False,True,,,5y,https://www.youtube.com/watch?v=h94xqVRSHkA,"Salesforce CRM it's the beating heart of corporate America. The AI is the best thing that happened to Salesforce and Service Now. And because of this misunderstanding, the stock is getting absolutely annihilated."
tom-nash,SNOW,us,buy,up,med,2026-05-30,2026-06-01,6m,SNOW,False,280.16,-0.1709,-0.0156,-0.1553,-0.1709,False,True,,,5y,https://www.youtube.com/watch?v=h94xqVRSHkA,"Snowflake is the S tier, A+ tier. They are the goat and their price as if they're finished. This is the operational backbone of AI. AI needs a way to deliver data into these models to actually be efficient."
tom-nash,TSLA,us,buy,up,med,2026-05-30,2026-06-01,6m,TSLA,True,415.88,-0.037,-0.0156,-0.0214,-0.037,False,True,,,5y,https://www.youtube.com/watch?v=h94xqVRSHkA,"Tesla is an energy company. It's an AI company, self-driving company, robotics company. None of this is priced into the stock price right now because people are overfocused on the automotive business."
tom-nash,ZS,us,buy,up,med,2026-05-30,2026-06-01,1y,ZS,False,155.71,-0.1982,-0.0156,-0.1826,-0.1982,False,True,,,1y,https://www.youtube.com/watch?v=h94xqVRSHkA,"Zscaler, they're being absolutely hammered right now. Down 41% year to date. This secure access that Zscaler provides is just as important. Zscaler is now at half the price for no reason whatsoever."
tom-nash,CDNS,us,buy,up,high,2025-07-20,2025-07-21,6m,CDNS,True,316.32,0.0036,0.1063,-0.1028,0.0036,False,True,,1200,5y,https://www.youtube.com/watch?v=hP5MGeRSoME,"Our bull case for the next 5 years is 306%, $1,200 per share. 125 out of 125 scorecard. Revenue is up 100% in the past 5 years. They're quite literally indispensable in the AI value chain. Not really hyped."
tom-nash,PLTR,us,buy,up,high,2025-11-20,2025-11-20,6m,PLTR,True,155.745,-0.1177,0.1447,-0.2624,-0.1177,False,True,,,5y,https://www.youtube.com/watch?v=iKF2v_G5P8w,A parabolic spike in the business that I've been talking about is about to happen. Palanteer at 500 billion is still a far cry from the real valuation it should have. The only logical solution is to continue to buy Palanteer stock at a normal pace by dollar cost averaging.
tom-nash,GOOGL,us,buy,up,high,2026-02-20,2026-02-20,6m,GOOGL,True,314.7584,0.1692,0.0861,0.0832,0.1692,True,True,,1400,5y,https://www.youtube.com/watch?v=jH_Luon63Nw,"I'm becoming a massive massive Google bull. I think it's going to change portfolios. Bull case: $1,400 stock with a 360% increase over the next 5 years. Google down 12% from its peak. At 23 forward PE, fundamentally one of the best companies in existence."
tom-nash,NVDA,us,buy,up,high,2026-05-20,2026-05-20,6m,NVDA,True,223.2099,-0.0561,0.0074,-0.0635,-0.0561,False,True,,,5y,https://www.youtube.com/watch?v=kYMsO1UahAI,"Nvidia is currently trading at sub-24 PE. Nobody's replacing Nvidia. If compute is expanding and we need more GPUs, these companies will print money over the next 5 years. It's silly not to have them in your portfolio."
tom-nash,AMD,us,buy,up,med,2026-05-20,2026-05-20,6m,AMD,True,447.58,0.2006,0.0074,0.1932,0.2006,True,True,,,5y,https://www.youtube.com/watch?v=kYMsO1UahAI,"AMD and Nvidia, they build the best GPUs. They absolutely dominate this specific market. AMD is no slouch. AMD is currently trading at forward PE of 29. If compute is expanding, these companies will print money over the next 5 years."
tom-nash,MU,us,buy,up,med,2026-05-20,2026-05-20,6m,MU,True,731.99,0.5492,0.0074,0.5418,0.5492,True,True,,,5y,https://www.youtube.com/watch?v=kYMsO1UahAI,"Micron is trading at five forward PE. Micron has at least 5 years of total market dominance because there's simply nobody else. If compute is expanding, these companies will print money over the next 5 years."
tom-nash,ASML,us,buy,up,med,2026-05-20,2026-05-20,6m,ASML,False,1550.13,0.2449,0.0074,0.2374,0.2449,True,True,,,5y,https://www.youtube.com/watch?v=kYMsO1UahAI,ASML is a company that builds the machine that builds semiconductors. There's nobody else. It's a monopoly. ASML is going to be monopoly for many years. These companies will print money over the next 5 years.
tom-nash,TSM,us,buy,up,med,2026-05-20,2026-05-20,6m,TSM,False,400.6817,0.1533,0.0074,0.1459,0.1533,True,True,,,5y,https://www.youtube.com/watch?v=kYMsO1UahAI,"TSMC builds semiconductors. Again, pretty much a monopoly. TSMC is trading at 24 PE. TSMC very, very much in the same position. These companies will print money over the next 5 years. It's silly not to have them in your portfolio."
tom-nash,ANET,us,buy,up,med,2026-05-20,2026-05-20,6m,ANET,True,140.49,0.2077,0.0074,0.2003,0.2077,True,True,,,5y,https://www.youtube.com/watch?v=kYMsO1UahAI,"ANET is slowly taking over the data center business as far as switches and networking. 43% operating margin, zero debt, $11 billion of cash, 30% growth. Don't look at what the stock did, look at the intrinsic value. It's not too late despite the spike."
tom-nash,CEG,us,buy,up,med,2026-05-20,2026-05-20,6m,CEG,True,281.26,-0.0256,0.0074,-0.033,-0.0256,False,True,,,5y,https://www.youtube.com/watch?v=kYMsO1UahAI,"CEG, Constellation Energy, a company that does nuclear energy, which is 24/7, which is scalable, and which is not expensive. That is the solution for powering AI data centers."
tom-nash,BE,us,buy,up,med,2026-05-20,2026-05-20,6m,BE,False,282.31,0.1651,0.0074,0.1577,0.1651,True,True,,,5y,https://www.youtube.com/watch?v=kYMsO1UahAI,"Bloom Energy provides on-site fuel cells, which solve the problem of being relied on this old grid. VRT, CEG, and Bloom Energy were featured in standalone videos on this channel because they're that good."
tom-nash,VRT,us,buy,up,med,2026-05-20,2026-05-20,6m,VRT,True,315.67,0.0551,0.0074,0.0477,0.0551,True,True,,,5y,https://www.youtube.com/watch?v=kYMsO1UahAI,"VRT is a stock that's up 200% since we added it just a year ago, a stock that builds these liquid cooling systems for data centers. CEG, VRT, and Bloom Energy were featured in standalone videos because they're that good."
tom-nash,PLTR,us,buy,up,high,2026-05-20,2026-05-20,6m,PLTR,True,137.15,-0.0633,0.0074,-0.0707,-0.0633,False,True,,,5y,https://www.youtube.com/watch?v=kYMsO1UahAI,"Palantir is the operating system that runs AI for large businesses. The stock is up 1,300% since we added it, and it's actually not even close to being done yet. Yes the stock is down all the way to $140. It's not our first rodeo. Every time people bet against this company, they've paid dearly."
tom-nash,MDB,us,buy,up,med,2026-05-20,2026-05-20,6m,MDB,False,329.14,0.011,0.0074,0.0036,0.011,True,True,,,5y,https://www.youtube.com/watch?v=kYMsO1UahAI,"MongoDB and Oracle, the biggest database monsters that you cannot leave out of your portfolio because they're so critical for the AI mission."
tom-nash,ORCL,us,buy,up,med,2026-05-20,2026-05-20,6m,ORCL,True,188.16,-0.0206,0.0074,-0.028,-0.0206,False,True,,,5y,https://www.youtube.com/watch?v=kYMsO1UahAI,"Oracle has massive clients. Their clientele list is the largest of its kind. MongoDB and Oracle, the biggest database monsters that you cannot leave out of your portfolio because they're so critical for the AI mission."
tom-nash,DDOG,us,buy,up,med,2026-05-20,2026-05-20,6m,DDOG,True,212.24,0.0507,0.0074,0.0433,0.0507,True,True,,,5y,https://www.youtube.com/watch?v=kYMsO1UahAI,"DataDog, DDOG. They're the monitoring gold standard of this business. There's literally nobody else worth even mentioning in this video."
tom-nash,CRWD,us,buy,up,med,2026-05-20,2026-05-20,6m,CRWD,True,650.11,0.0535,0.0074,0.046,0.0535,True,True,,,5y,https://www.youtube.com/watch?v=kYMsO1UahAI,I believe Zscaler and CrowdStrike will be the two best companies to own in cybersecurity for the next 5-10 years.
tom-nash,ZS,us,buy,up,med,2026-05-20,2026-05-20,6m,ZS,False,174.45,-0.2843,0.0074,-0.2917,-0.2843,False,True,,,5y,https://www.youtube.com/watch?v=kYMsO1UahAI,I believe Zscaler and CrowdStrike will be the two best companies to own in cybersecurity for the next 5-10 years.
tom-nash,PLTR,us,buy,up,high,2025-06-20,2025-06-20,6m,PLTR,True,137.3,0.4084,0.1518,0.2566,0.4084,True,True,,,5y,https://www.youtube.com/watch?v=l-o6dKKbu_g,"Palanteer right now is the best company to buy in this particular juncture. This company is probably the best, if not the only one in the world that can do that. Palanteer is going to be a trillion dollar company."
tom-nash,TSLA,us,buy,up,med,2025-06-20,2025-06-20,6m,TSLA,True,322.16,0.4937,0.1518,0.3419,0.4937,True,True,,1400,5y,https://www.youtube.com/watch?v=l-o6dKKbu_g,"I thought Tesla was a $1,400 company before robotics before I even talked about FSD. Same thing with Tesla — the same list applies today. Tesla is still a great company, hemorrhaging because of Elon Musk's politics which has nothing to do with robotics, FSD, and energy."
tom-nash,BRK.B,us,buy,up,med,2025-06-20,,,,,,,,,,,False,no price data,,,https://www.youtube.com/watch?v=lG-3uv3LMuI,"Berkshire Hathaway is an absolute fortress. It's a mini ETF with everything starting from utilities, infrastructure, even tech. In bad times they perform a lot better and have a much higher floor than all of the other tech stocks."
tom-nash,JNJ,us,buy,up,med,2025-06-20,2025-06-20,6m,JNJ,True,146.1385,0.3967,0.1518,0.2449,0.3967,True,True,,,,https://www.youtube.com/watch?v=lG-3uv3LMuI,"Stock number two is Johnson and Johnson. Healthcare tends to be one of the best defensive categories to be in in uncertain times. People cannot cut back on health care. In 2000 and 2008, when the S&P 500 dropped almost 50%, healthcare sector only dropped 27%."
tom-nash,PG,us,buy,up,med,2025-06-20,2025-06-20,6m,PG,True,154.6317,-0.0793,0.1518,-0.2311,-0.0793,False,True,,,,https://www.youtube.com/watch?v=lG-3uv3LMuI,"PNG, Proctor and Gamble. Consumer staples are toothpaste, shaving cream, all the things people must have in the recession. In 2000 and 2008, while the S&P dropped almost 50%, dropped only 21.8%. It's actually even better than healthcare as a class."
tom-nash,COST,us,buy,up,med,2025-06-20,2025-06-20,6m,COST,True,974.8027,-0.1247,0.1518,-0.2765,-0.1247,False,True,,,,https://www.youtube.com/watch?v=lG-3uv3LMuI,"We got Costco. They're actually one of the best recession suited businesses out there. They have almost steady demand, recurring revenue because of the memberships and lots and loyalty. These guys are going nowhere, especially in the recession."
tom-nash,WMT,us,buy,up,med,2025-06-20,2025-06-20,6m,WMT,True,95.323,0.195,0.1518,0.0432,0.195,True,True,,,,https://www.youtube.com/watch?v=lG-3uv3LMuI,"We got Walmart, WMT. They are recession proof, but they also have a lot of e-commerce presence. If we're going for bad times, these guys are actually going to do better than most of the other stocks in your portfolio if your focus so far was tech."
tom-nash,PEP,us,buy,up,med,2025-06-20,2025-06-20,6m,PEP,True,125.4607,0.1705,0.1518,0.0187,0.1705,True,True,,,,https://www.youtube.com/watch?v=lG-3uv3LMuI,"We got PepsiCo, PEP. They're very resilient. The brand mode is almost absolute here. They're probably one of the best investments to hold during an uncertain time because people are still going to buy soda and snacks."
tom-nash,NVDA,us,buy,up,med,2025-06-20,2025-06-20,6m,NVDA,True,143.6587,0.2583,0.1518,0.1065,0.2583,True,True,,,,https://www.youtube.com/watch?v=lG-3uv3LMuI,"Nvidia is almost the monopoly in AI infrastructure. Nvidia, given the current setup and their history, tend to recover absolutely insanely fast. That's why Nvidia is on that list. I think it's going to perform very well longer term in a really bad time."
tom-nash,PLTR,us,hold-avoid,up,med,2025-06-20,2025-06-20,6m,PLTR,True,137.3,0.4084,0.1518,-0.2566,-0.4084,False,True,,,,https://www.youtube.com/watch?v=lG-3uv3LMuI,"You still want to hold on to the stocks that got you so far. Palanteer and Tesla for me, ETF, S&P 500 for me. Generational stocks, Palanteer and Tesla are going to do incredible things over the next 5 to 10 years."
tom-nash,TSLA,us,hold-avoid,up,med,2025-06-20,2025-06-20,6m,TSLA,True,322.16,0.4937,0.1518,-0.3419,-0.4937,False,True,,,,https://www.youtube.com/watch?v=lG-3uv3LMuI,"You still want to hold on to the stocks that got you so far. Palanteer and Tesla for me. Generational stocks, Palanteer and Tesla are going to do incredible things over the next 5 to 10 years."
tom-nash,NVDA,us,buy,up,high,2025-11-20,2025-11-20,1y,NVDA,True,180.4099,0.1678,0.1509,0.0169,0.1678,True,True,,,1y,https://www.youtube.com/watch?v=lYxhEB2RfOU,A slow calculated dollar cost averaging approach which basically allows you to buy at all times slowly but to increase your buys when the stock price actually drops over short-term panic is going to get you to the promised land.
tom-nash,CEG,us,buy,up,high,2025-12-20,2025-12-22,1y,CEG,True,356.7768,-0.2318,0.0934,-0.3252,-0.2318,False,True,,,1y,https://www.youtube.com/watch?v=lwOYvvr5pxY,"The company is called Constellation Energy. The ticker is CEG. This is only the start. If this company actually powers data centers for the next decade, it ain't nothing yet. The stock was trading at $210. Now 9 months later, it's up 70% trading at a whopping 350."
tom-nash,VRT,us,buy,up,high,2025-12-20,2025-12-22,1y,VRT,True,166.2104,1.0038,0.0934,0.9104,1.0038,True,True,,,1y,https://www.youtube.com/watch?v=lwOYvvr5pxY,"The company is called Vertive. The ticker is VRT. This is the Nvidia of the cooling industry. They already own 25% of the entire cooling market of data centers. If the AI story continues to grow, VRT is going to keep being one of the best infrastructure plays for AI."
tom-nash,NVDA,us,buy,up,high,2025-12-20,2025-12-22,1y,NVDA,True,183.4662,0.1484,0.0934,0.055,0.1484,True,True,,,1y,https://www.youtube.com/watch?v=lwOYvvr5pxY,"We are heading into what seems to be a multi-trillion dollar spending cycle on AI compute. As long as AI keeps scaling, Nvidia keeps winning no matter who wins the LLM wars. This is the toll road. This is the classic pick and shovel plays in every single AI-driven portfolio."
tom-nash,PLTR,us,buy,up,high,2025-12-20,2025-12-22,1y,PLTR,True,193.98,-0.3377,0.0934,-0.4311,-0.3377,False,True,,,1y,https://www.youtube.com/watch?v=lwOYvvr5pxY,"If you guess Palanteer, ticker PLTR, you win... Revenue grew by 90% here over the past three years. Free cash flow is up 500%. As long as AI keeps growing, Palanteer is going to keep winning no matter who the LLM that takes over the world is."
tom-nash,TSLA,us,buy,up,high,2025-12-20,2025-12-22,1y,TSLA,True,488.73,-0.1805,0.0934,-0.2739,-0.1805,False,True,,,1y,https://www.youtube.com/watch?v=lwOYvvr5pxY,Tesla is currently positioning itself to be the world's best at human robotics. Tesla is building the physical layer of AI and Tesla is putting itself again in the pole position for that new industry. That's why Tesla is on that list.
tom-nash,CRWD,us,buy,up,high,2025-12-20,2025-12-22,1y,CRWD,True,483.14,0.4175,0.0934,0.3241,0.4175,True,True,,,1y,https://www.youtube.com/watch?v=lwOYvvr5pxY,"Every part of AI development makes security harder. That is exactly where CrowdStrike comes in. Just like Nvidia, Palanteer, CG, and all these other companies, they are the top dog in their industry and there's not even close number two here."
tom-nash,MSFT,us,buy,up,high,2025-12-20,2025-12-22,1y,MSFT,True,482.7701,-0.2141,0.0934,-0.3075,-0.2141,False,True,,,1y,https://www.youtube.com/watch?v=lwOYvvr5pxY,Microsoft is the fastest growing cloud provider in the world. They will be number one. Every major AI workload right now needs cloud to operate on. Microsoft Azure is already a $75 billion business growing at 40% per year. That's exactly why you want to own it for the next decade.
tom-nash,PLTR,us,buy,up,high,2026-03-20,2026-03-20,1y,PLTR,True,150.68,-0.1474,0.1514,-0.2988,-0.1474,False,True,,,1y,https://www.youtube.com/watch?v=nroqJtJrDKg,"I'm going to talk about stocks like Palantir, for example. Everybody knows I've been buying Palantir since $6 per share... It has both the exposure on the tech and the long-term growth, and it spikes in geopolitical crisis and in wars because of its government business."
tom-nash,MSFT,us,buy,up,med,2026-04-20,2026-04-20,1y,MSFT,True,417.1665,-0.0905,0.0536,-0.1442,-0.0905,False,True,,,1y,https://www.youtube.com/watch?v=o5y1uUW6YIg,Microsoft is down 26%. That's double-down DCA territory... oversold elite companies at a discount.
tom-nash,AMZN,us,buy,up,med,2026-04-20,2026-04-20,1y,AMZN,True,248.28,-0.0157,0.0536,-0.0693,-0.0157,False,True,,,1y,https://www.youtube.com/watch?v=o5y1uUW6YIg,"Amazon is down 13%. In fact, hasn't done nothing for the past 5 years. One of the best companies as far as cloud services... oversold elite companies at a discount."
tom-nash,GOOGL,us,buy,up,med,2026-04-20,2026-04-20,1y,GOOGL,True,337.42,0.0907,0.0536,0.0371,0.0907,True,True,,,1y,https://www.youtube.com/watch?v=o5y1uUW6YIg,Google is becoming vertically integrated in cloud. They're down 13%... oversold elite companies at a discount.
tom-nash,NVDA,us,buy,up,med,2026-04-20,2026-04-20,1y,NVDA,True,201.8248,0.0439,0.0536,-0.0097,0.0439,False,True,,,1y,https://www.youtube.com/watch?v=o5y1uUW6YIg,"Nvidia is literally the only game in town, down almost 12%... oversold elite companies at a discount."
tom-nash,TSLA,us,buy,up,med,2026-04-20,2026-04-20,1y,TSLA,True,392.5,0.0204,0.0536,-0.0333,0.0204,False,True,,,1y,https://www.youtube.com/watch?v=o5y1uUW6YIg,"Tesla, the leader in robotics and AI, is down 21%... oversold elite companies at a discount."
tom-nash,PLTR,us,buy,up,med,2026-04-20,2026-04-20,1y,PLTR,True,145.89,-0.1194,0.0536,-0.1731,-0.1194,False,True,,,1y,https://www.youtube.com/watch?v=o5y1uUW6YIg,"Palantir is down 18%, which is a huge beneficiary of both the war and the AI revolution... oversold elite companies at a discount."
tom-nash,CRWD,us,buy,up,med,2026-04-20,2026-04-20,1y,CRWD,True,433.15,0.5811,0.0536,0.5275,0.5811,True,True,,,1y,https://www.youtube.com/watch?v=o5y1uUW6YIg,"CrowdStrike, which is the Nvidia of cybersecurity, is down 15.2%, which makes these companies some of the best opportunities in the market right now."
tom-nash,PLTR,us,hold-avoid,up,med,2025-06-20,2025-06-20,1y,PLTR,True,137.3,-0.0643,0.2672,0.3315,0.0643,True,True,,,1y,https://www.youtube.com/watch?v=oAClySrkXVo,"if you're sitting on big profits, trim 10 to 30% of your position. That's the responsible thing to do... continue to deploy via dollar cost averaging... if the stock drops 20% below the 52-week high, you double down on your DCA."
tom-nash,NVDA,us,buy,up,high,2025-06-20,2025-06-20,1y,NVDA,True,143.6587,0.4666,0.2672,0.1994,0.4666,True,True,,210.82,1y,https://www.youtube.com/watch?v=oCx68-Gw9XU,"for long-term patient investors Nvidia remains a very compelling investment in my opinion... Nvidia's DCF valuation is $210.82, which means it's 56% and 57% almost undervalued."
tom-nash,META,us,buy,up,med,2025-06-20,2025-06-20,1y,META,True,680.7512,-0.1521,0.2672,-0.4193,-0.1521,False,True,,,1y,https://www.youtube.com/watch?v=oSL7QqvqjIA,"Meta is a company that's reporting in a few days... it's definitely a cheap cheap valuation right now. The PE is in the low 20s, massive revenues, massive growth, lots of cash flow, a phenomenal business... I am bullish on Meta, I think it's one of the best companies to invest long-term."
tom-nash,NVDA,us,buy,up,high,2025-06-20,2025-06-20,1y,NVDA,True,143.6587,0.4666,0.2672,0.1994,0.4666,True,True,,440,1y,https://www.youtube.com/watch?v=rTzQ0b9vcAQ,Nvidia is attractive at these prices... my bare case for Nvidia for the next 5 years is 294... My middle case is $440 per share. That's a 316% upside. And my bullcase for Nvidia is almost $600... $593 for the next 5 years. That's a 455% upside.
tom-nash,TSLA,us,buy,up,med,2025-06-20,2025-06-20,1y,TSLA,True,322.16,0.2431,0.2672,-0.0241,0.2431,False,True,,,1y,https://www.youtube.com/watch?v=rTzQ0b9vcAQ,"corrections usually when they happen, they open up a lot of opportunities. And I want to remind people that back in 2022... a lot of different opportunities out there... like Tesla like Palanteer."
tom-nash,PLTR,us,buy,up,med,2025-06-20,2025-06-20,1y,PLTR,True,137.3,-0.0643,0.2672,-0.3315,-0.0643,False,True,,,1y,https://www.youtube.com/watch?v=rTzQ0b9vcAQ,"corrections usually when they happen, they open up a lot of opportunities... like Tesla like Palanteer a lot of different opportunities out there. Don't just buy stocks because I said so. Research for yourself."
tom-nash,ORCL,us,buy,up,high,2025-07-20,2025-07-21,1y,ORCL,True,241.6332,-0.2373,0.1977,-0.435,-0.2373,False,True,,,1y,https://www.youtube.com/watch?v=tUPxWwWLodM,If somebody would have came up to me and said this is a company that's already at $600 billion valuation... yet they're on the brink of another 5x from here by 2030. And they're going to do that with AI.
tom-nash,PLTR,us,buy,up,high,2026-02-20,2026-02-20,6m,PLTR,True,135.24,-0.0501,0.0861,-0.1361,-0.0501,False,True,,,,https://www.youtube.com/watch?v=ss2o-grr4qs,"I want a piece of the operating system monopoly of AI. if I get a discount and I get palent $50, by all means, sell it to me. No problem... if that happens, I'll just buy more because I'm in it for the long haul."
tom-nash,NVDA,us,buy,up,med,2026-02-20,2026-02-20,6m,NVDA,True,189.5888,0.1113,0.0861,0.0252,0.1113,True,True,,,,https://www.youtube.com/watch?v=ss2o-grr4qs,This is just the start. This is just the start for Nvidia. This is just the start for AI really if you think about it.
tom-nash,PLTR,us,buy,up,high,2026-05-20,2026-05-20,1y,PLTR,True,137.15,-0.0633,0.0074,-0.0707,-0.0633,False,True,,,1y,https://www.youtube.com/watch?v=sDeiZTZNtVY,"I think that Palanteer and Tesla are two of the highest as far as potential going forward to the next 5 years. So, I'm going to hold them 40% Palanteer, 20% Tesla."
tom-nash,TSLA,us,buy,up,med,2026-05-20,2026-05-20,1y,TSLA,True,417.26,-0.0402,0.0074,-0.0476,-0.0402,False,True,,,1y,https://www.youtube.com/watch?v=sDeiZTZNtVY,"I think that Palanteer and Tesla are two of the highest as far as potential going forward to the next 5 years. So, I'm going to hold them 40% Palanteer, 20% Tesla."
tom-nash,PLTR,us,buy,up,high,2025-08-20,2025-08-20,1y,PLTR,True,156.01,-0.1765,0.1802,-0.3567,-0.1765,False,True,,500,1y,https://www.youtube.com/watch?v=tlogQIhTX_U,"My price target for the next five years of Palunteer are here on the screen on the bare case. I think Pantheon at minimum is a $500 stock. Um I think on bullish it's probably a lot higher, but conservative bullish it's about $1,000 per share in 5 years."
tom-nash,PLTR,us,buy,up,high,2025-06-20,2025-06-20,6m,PLTR,True,137.3,0.4084,0.1518,0.2566,0.4084,True,True,,,,https://www.youtube.com/watch?v=uaqizVc4PHQ,"A company I invest in, Palanteer, will actually benefit from these. Palanteer was built to thrive in chaos. Whether you like it or not, this presidency in the next three and a half years are going to be riddled with chaos. And a company like Palanteer is going to use this to generate more and more business."
tom-nash,NVDA,us,buy,up,high,2025-06-20,2025-06-20,6m,NVDA,True,143.6587,0.2583,0.1518,0.1065,0.2583,True,True,,,,https://www.youtube.com/watch?v=uvkPsCsvk-E,"Obviously, we have to start with Nvidia. Naturally, they're the best in the business as far as GPUs, CPUs. They are the data center king of GPUs. $70 billion in free cash flow at 35 forward PE. This is the gold standard of AI infrastructure at 354p. That is to me absolute insanity how this company is still at 354p."
tom-nash,TSM,us,buy,up,high,2025-06-20,2025-06-20,6m,TSM,False,207.7036,0.3873,0.1518,0.2355,0.3873,True,True,,,,https://www.youtube.com/watch?v=uvkPsCsvk-E,"TSMC, ticker TSM. They basically build the actual hardware, the actual semiconductors, and they are pretty much a monopoly. Almost 40% revenue growth per year, 22 forward PE, which is joke. 42% net margin. They are monopolizing the semiconductor market."
tom-nash,AVGO,us,buy,up,med,2025-06-20,2025-06-20,6m,AVGO,True,248.5644,0.3638,0.1518,0.212,0.3638,True,True,,,,https://www.youtube.com/watch?v=uvkPsCsvk-E,"AVGO Broadcom. Now, this company basically builds boring networking chips and bandwidth solutions. AI will require massive amounts of data movement. Their numbers are off the charts. 40% growth, 33% operating margin and only 404P for this type of company."
tom-nash,PLTR,us,buy,up,high,2025-06-20,2025-06-20,6m,PLTR,True,137.3,0.4084,0.1518,0.2566,0.4084,True,True,,,,https://www.youtube.com/watch?v=uvkPsCsvk-E,"They are monopolizing this whole thing. Within a few years, these numbers are going to look like a joke because they're going to have exponential growth. You want to get the premium, you want to get the best, you're always going to pay extra."
tom-nash,TSLA,us,buy,up,med,2025-06-20,2025-06-20,6m,TSLA,True,322.16,0.4937,0.1518,0.3419,0.4937,True,True,,,,https://www.youtube.com/watch?v=uvkPsCsvk-E,"Tesla's robotics is going to revolutionize, is going to build the entire AI infrastructure we're talking about. Just this alone is a multi-trillion dollar business which nobody is paying attention to right now. Short-term, massive, massive potential pain for Tesla ahead for sure. Long-term doesn't really matter."
tom-nash,CRWD,us,buy,up,high,2025-06-20,2025-06-20,6m,CRWD,True,476.3,0.0105,0.1518,-0.1413,0.0105,False,True,,,,https://www.youtube.com/watch?v=uvkPsCsvk-E,"Crowdstrike is a company that deals with cyber security. These guys are the gold standard when it comes to endpoint security. 120 network retention, 30% growth, four times more cash than that. They are the most robust, scalable, and market leading solution in endpoint security."
tom-nash,CEG,us,buy,up,high,2025-06-20,2025-06-20,6m,CEG,True,303.3254,0.1683,0.1518,0.0165,0.1683,True,True,,,,https://www.youtube.com/watch?v=uvkPsCsvk-E,Constellation Energy just signed a deal with meta for a couple decades for that particular reason. Nuclear is going to be massive for air data centers. Constellation energy is going to be a massive benefactor of that.
tom-nash,ANET,us,buy,up,med,2025-06-20,2025-06-20,6m,ANET,True,86.25,0.5202,0.1518,0.3684,0.5202,True,True,,,,https://www.youtube.com/watch?v=uvkPsCsvk-E,"AET. Arista networks basically there's a YouTube video from two years ago. They basically do cloud networking. 42% operating margin, no debt, $8 billion of cash, and 20% growth. This company is basically building the infrastructure inside the infrastructure."
tom-nash,VRT,us,buy,up,med,2025-06-20,2025-06-20,6m,VRT,True,118.4342,0.3491,0.1518,0.1973,0.3491,True,True,,,,https://www.youtube.com/watch?v=uvkPsCsvk-E,Verde. Vertev is basically a company that I just added to my top stocks list in the academy. Cooling with these massive data centers with rack density going through the roof. Cooling is becoming one of the most important things in energy management for data centers. These guys are the gold standard.
tom-nash,ASML,us,buy,up,high,2025-06-20,2025-06-20,6m,ASML,False,750.6476,0.4019,0.1518,0.2501,0.4019,True,True,,,,https://www.youtube.com/watch?v=uvkPsCsvk-E,"ASML, the machine that builds the machine. These guys are literally the monopoly when it comes to machines who semiconductor producers need to build semiconductors. There is no AI revolution without ASML machines. They are quasi monopoly. There's no alternative."
tom-nash,PLTR,us,buy,up,high,2026-02-20,2026-02-20,6m,PLTR,True,135.24,-0.0501,0.0861,-0.1361,-0.0501,False,True,,,,https://www.youtube.com/watch?v=v2d3yRV_h6o,"Do you think irrespective of the price fluctuation, do you think that Palunteer is still a multi-year compounder? If the answer is yes, then this dip allows you an opportunity to buy more at a cheaper price and you should."
tom-nash,PLTR,us,buy,up,high,2025-08-20,2025-08-20,6m,PLTR,True,156.01,-0.1322,0.0817,-0.2139,-0.1322,False,True,,1000,,https://www.youtube.com/watch?v=wj0cd2yUCnQ,"I always say it's a $500 stock. I now think it's probably $1,000 stock, but I have nothing but patience. I think in 2025 it's a little bit premature, but eventually the stock is going to catch up to that valuation."
tom-nash,AMZN,us,buy,up,high,2026-02-20,2026-02-20,6m,AMZN,True,210.11,0.1632,0.0861,0.0771,0.1632,True,True,,,,https://www.youtube.com/watch?v=xj3ejxMFHgI,"Amazon have vastly improved this business over the past 5 years. Classic misunderstanding, improving margins, improving business, and of course, price stagnation. They've underperformed the S&P 500 by 60%. That is insane. This is a generational buying opportunity."
tom-nash,PLTR,us,buy,up,high,2026-02-20,2026-02-20,6m,PLTR,True,135.24,-0.0501,0.0861,-0.1361,-0.0501,False,True,,,,https://www.youtube.com/watch?v=xj3ejxMFHgI,"Palanteer is lagging the S&P 500 for a whole year. That opens up a window for you to lower your cost basis in Palunteer. At the 52-week high, Pilanteer was trading at $27 not that long ago. Now, it's at the 130. So, we're 37% off the 52-week high. Massive opportunity."
tom-nash,MSFT,us,buy,up,high,2026-02-20,2026-02-20,6m,MSFT,True,396.3715,-0.0428,0.0861,-0.1289,-0.0428,False,True,,,,https://www.youtube.com/watch?v=xj3ejxMFHgI,"Microsoft is cheap right now and it's not going to be for much long. It's a cloud giant with a distribution platform. If you're betting against it or ignoring the fact that it's being mispriced, you're going to pay for that with alternative costs."
tom-nash,PLTR,us,buy,up,high,2025-07-20,2025-07-21,1y,PLTR,True,151.79,-0.1536,0.1977,-0.3513,-0.1536,False,True,,500,1y,https://www.youtube.com/watch?v=AGKF0-8vD9s,"My new price target I'll give away right now. But the 500 price target that I have of Palanteer actually becomes my bare case at this point. 500 is the lowest the stock can be in 5 years. mid is 754 and my new price target, the bullish price target for Palanteer for the next five years is $1,000"
tom-nash,PLTR,us,buy,up,high,2025-06-20,2025-06-20,6m,PLTR,True,137.3,0.4084,0.1518,0.2566,0.4084,True,True,,472,,https://www.youtube.com/watch?v=AM0eFRihxDw,"My price targets for Palanteer for the next 5 years, 2030. Barecase, $472, 240% upside. Medium case, $695, 46% upside. and bullcase $918 568% upside"
tom-nash,PLTR,us,buy,up,high,2025-12-20,2025-12-22,6m,PLTR,True,193.98,-0.3377,0.0934,-0.4311,-0.3377,False,True,,,,https://www.youtube.com/watch?v=AQufA_IuUek,"Number one for me is Palunteer. Palunteer is the operating system of AI... my top three is Tesla, Nvidia, and Palanteer. In whatever order you want to do it, it's fine."
tom-nash,NVDA,us,buy,up,high,2025-12-20,2025-12-22,6m,NVDA,True,183.4662,0.1484,0.0934,0.055,0.1484,True,True,,,,https://www.youtube.com/watch?v=AQufA_IuUek,"Nvidia is the hardware. Without Nvidia, we don't have the computer... my top three is Tesla, Nvidia, and Palanteer... buy and hold for the next 10 years as far as AI goes."
tom-nash,TSLA,us,buy,up,med,2025-12-20,2025-12-22,6m,TSLA,True,488.73,-0.1805,0.0934,-0.2739,-0.1805,False,True,,,,https://www.youtube.com/watch?v=AQufA_IuUek,"Number three, it has to be Tesla... Tesla owns the lead in sensors, robotics, batteries, production, which means that Tesla will dominate the next industrial revolution... top 15 companies to buy and hold for the next 10 years."
tom-nash,PLTR,us,buy,up,high,2026-03-20,2026-03-20,6m,PLTR,True,150.68,-0.1474,0.1514,-0.2988,-0.1474,False,True,,,,https://www.youtube.com/watch?v=AeMqvszZfLQ,"There is one superstar unicorn stock that beats everybody... that stock is Pilanteer, ticker PLTR... it has a very strong exposure to defense because of its government defense project... also it gives you this long-term bounce from a tech perspective. It is the perfect stock to DCA and double down into."
tom-nash,NVDA,us,buy,up,med,2026-03-20,2026-03-20,6m,NVDA,True,172.4989,0.2214,0.1514,0.07,0.2214,True,True,,,,https://www.youtube.com/watch?v=AeMqvszZfLQ,Look at Nvidia. Nvidia dropped like a crazy person right after the invasion in 2022. It's up from $25 to $184... tech tends to react very negatively when a war starts... then it rebounds every single time. Tech is the best play in my opinion.
tom-nash,LMT,us,buy,up,low,2026-03-20,2026-03-20,6m,LMT,True,623.3492,-0.1803,0.1514,-0.3317,-0.1803,False,True,,,,https://www.youtube.com/watch?v=AeMqvszZfLQ,"Defense stocks... can be a much better solution because they actually have solid fundamentals and they get better every year... Loheed Martin since 2022, it made 64% since... If you want some in your portfolio, you should add them... because you think it's a good addition to your portfolio."
tom-nash,PLTR,us,buy,up,high,2025-06-20,2025-06-20,6m,PLTR,True,137.3,0.4084,0.1518,0.2566,0.4084,True,True,,,,https://www.youtube.com/watch?v=BWGWTRvGnrc,Long-term this is probably one of the most important companies in the world and coming up to be a multi-trillion dollar business... we're looking at 5 to 10x on our investment over the next 10 years... Nvidia and Palanteer are two of the world's biggest most important monopolies.
tom-nash,PLTR,us,buy,up,high,2025-08-20,2025-08-20,6m,PLTR,True,156.01,-0.1322,0.0817,-0.2139,-0.1322,False,True,,,,https://www.youtube.com/watch?v=CnLz3A11NCQ,I believe that Palanteer is going to be the world's most important software company. I think Nvidia and Palanteer are two of the world's biggest most important monopolies... for Palanteer two three four trillion dollar valuation in 5 to 10 years is definitely within the realms of possibility.
tom-nash,PLTR,us,buy,up,high,2025-06-20,2025-06-20,6m,PLTR,True,137.3,0.4084,0.1518,0.2566,0.4084,True,True,,,,https://www.youtube.com/watch?v=DShHDm9kMTI,The fundamentals are solid but the price is dropping which means that for me and my students and my Academy right now is double down time... right now can paler drop to $50 per share $40 per share it certainly can but we are going to use that to buy more.
tom-nash,PLTR,us,buy,up,high,2026-04-20,2026-04-20,1y,PLTR,True,145.89,-0.1194,0.0536,-0.1731,-0.1194,False,True,,493,1y,https://www.youtube.com/watch?v=DspkdrYD3mE,"I was never more bullish about the stock than today... Middle case, $493, 288% from here for the next 5 years. My bull case $1,231, upside of 717% for the next 5 years."
tom-nash,GOOGL,us,buy,up,high,2026-03-20,2026-03-20,1y,GOOGL,True,301.0,0.2227,0.1514,0.0713,0.2227,True,True,,,1y,https://www.youtube.com/watch?v=GA777j8vHck,Number one I have Google. Google is currently the fastest growing cloud provider in the world with 48%... all four will be Chef's Kiss. You can't go wrong with any one of these companies.
tom-nash,ORCL,us,buy,up,med,2026-03-20,2026-03-20,1y,ORCL,True,149.159,0.2355,0.1514,0.0842,0.2355,True,True,,,1y,https://www.youtube.com/watch?v=GA777j8vHck,Oracle is still misunderstood... Oracle has a lot of clients on its database business... these old clients can now be simply converted by Oracle from the database to the Oracle cloud seamlessly.
tom-nash,AMZN,us,buy,up,med,2026-03-20,2026-03-20,1y,AMZN,True,205.37,0.19,0.1514,0.0386,0.19,True,True,,,1y,https://www.youtube.com/watch?v=GA777j8vHck,Amazon despite being the biggest still lagging by a lot of percentage points the S&P over the past 5 years even though it's the biggest cloud provider in the world absolutely mispriced.
tom-nash,MSFT,us,buy,up,med,2026-03-20,2026-03-20,1y,MSFT,True,381.0447,-0.0043,0.1514,-0.1557,-0.0043,False,True,,,1y,https://www.youtube.com/watch?v=GA777j8vHck,"Microsoft, even though it doesn't have the innovation of Google... Azure has such a deep stack inside the Microsoft ecosystem... all four will be Chef's Kiss. You can't go wrong with any one of these companies."
tom-nash,NVDA,us,buy,up,high,2026-03-20,2026-03-20,1y,NVDA,True,172.4989,0.2214,0.1514,0.07,0.2214,True,True,,,1y,https://www.youtube.com/watch?v=GA777j8vHck,"Nvidia and AMD... they are GPU makers and they hold about 90% of the GPU market... One is up 1,200% since we added it... monopoly, monopoly, and a monopoly. What's better than to invest in monopoly?"
tom-nash,AMD,us,buy,up,med,2026-03-20,2026-03-20,1y,AMD,True,201.33,1.6691,0.1514,1.5177,1.6691,True,True,,,1y,https://www.youtube.com/watch?v=GA777j8vHck,"Nvidia, AMD... they are GPU makers and they hold about 90% of the GPU market. One is up 1,200% since we added it. AMD is up 154% since we added it on the top stock list."
tom-nash,TSM,us,buy,up,high,2026-03-20,2026-03-20,1y,TSM,False,329.24,0.4036,0.1514,0.2522,0.4036,True,True,,,1y,https://www.youtube.com/watch?v=GA777j8vHck,"TSMC, which is up 185% since we added it. That's a monopoly in semiconductors... monopoly, monopoly, and a monopoly. What's better than to invest in monopoly?"
tom-nash,ASML,us,buy,up,high,2026-03-20,2026-03-20,1y,ASML,False,1314.3792,0.4681,0.1514,0.3168,0.4681,True,True,,,1y,https://www.youtube.com/watch?v=GA777j8vHck,"ASML. ASML is up 161% since we added it. And ASML is a monopoly in lithography machine, which essentially makes the machines that build semiconductors."
tom-nash,CEG,us,buy,up,med,2026-03-20,2026-03-20,1y,CEG,True,281.5526,-0.0266,0.1514,-0.178,-0.0266,False,True,,,1y,https://www.youtube.com/watch?v=GA777j8vHck,"Constellation Energy does the electricity side of things the power they are the dominant gold standard in nuclear power which is the key to this. You cannot provide one, two and three without nuclear power and CEG is the gold standard."
tom-nash,VRT,us,buy,up,med,2026-03-20,2026-03-20,1y,VRT,True,255.88,0.3016,0.1514,0.1502,0.3016,True,True,,,1y,https://www.youtube.com/watch?v=GA777j8vHck,"VRT Vertive for the cooling 126% ago... VRT is the gold standard of cooling. So the combination of these two companies is going to be very hard to be thrown. So for energy and cooling, we have these two, CEG and VRT."
tom-nash,ANET,us,buy,up,high,2026-03-20,2026-03-20,1y,ANET,True,131.22,0.293,0.1514,0.1417,0.293,True,True,,,1y,https://www.youtube.com/watch?v=GA777j8vHck,"If you're looking for networking exposure, which you should because it's an infrastructure play in AI, well, you can't do better than networking with AET [Arista]. It is up 243% since we added it."
tom-nash,DDOG,us,buy,up,med,2026-03-20,2026-03-20,1y,DDOG,True,125.08,0.7829,0.1514,0.6315,0.7829,True,True,,,1y,https://www.youtube.com/watch?v=GA777j8vHck,"Data Dog, ticker DDOG... it's actually down 10% since we added it, which creates a beautiful opportunity. When the stock is doing this, but the price is doing this. This is the perfect setup. Data dog is on discount."
tom-nash,PLTR,us,buy,up,high,2026-03-20,2026-03-20,1y,PLTR,True,150.68,-0.1474,0.1514,-0.2988,-0.1474,False,True,,,1y,https://www.youtube.com/watch?v=GA777j8vHck,"Palunteer will navigate through it and will remain the only solution in town that actually worth talking about in software... I'm going with Palunteer in category number seven, software."
tom-nash,CRWD,us,buy,up,med,2026-03-20,2026-03-20,1y,CRWD,True,409.0,0.6745,0.1514,0.5231,0.6745,True,True,,,1y,https://www.youtube.com/watch?v=GA777j8vHck,"CrowdStrike and Zcaler... both have been added to our list. Now since we added Crowd Strike, it's up 140%... They're both amazing. They're both very, very solid choices."
tom-nash,ZS,us,buy,up,med,2026-03-20,2026-03-20,1y,ZS,False,151.47,-0.1757,0.1514,-0.3271,-0.1757,False,True,,,1y,https://www.youtube.com/watch?v=GA777j8vHck,"Zcaler, it's down 23%. 23% down since we added it in January. Like I said, another great opportunity to invest in the company with the business is going up, but the price is going down. Really good setup."
tom-nash,TSLA,us,buy,up,high,2026-03-20,2026-03-20,1y,TSLA,True,367.96,0.0884,0.1514,-0.063,0.0884,False,True,,,1y,https://www.youtube.com/watch?v=GA777j8vHck,Tesla is going to be number one here. No doubt my mind. I think Tesla might have one of the biggest potentials of any stock I've ever covered.
tom-nash,PLTR,us,buy,up,high,2026-05-20,2026-05-20,1y,PLTR,True,137.15,-0.0633,0.0074,-0.0707,-0.0633,False,True,,500,1y,https://www.youtube.com/watch?v=IGp6GKXkqeA,"Palantir is a $500 stock trading at 130, which means you have a 4x potential here. Revenue growth is 70% expected to grow 100% next year. Great business, massive growth, AI exposure, and the stock has done nothing over the past year."
tom-nash,MSFT,us,buy,up,high,2026-05-20,2026-05-20,1y,MSFT,True,420.15,-0.097,0.0074,-0.1044,-0.097,False,True,,1400,1y,https://www.youtube.com/watch?v=IGp6GKXkqeA,"According to my model, this is a $1,400 stock, which means that it's currently trading at 400. The actual intrinsic value I see here is 1420, which means it has a massive 250% upside in the next 5 years."
tom-nash,AMZN,us,buy,up,med,2026-05-20,2026-05-20,1y,AMZN,True,265.01,-0.0778,0.0074,-0.0852,-0.0778,False,True,,1000,1y,https://www.youtube.com/watch?v=IGp6GKXkqeA,"Amazon is a $2.5 trillion company and it's trading at $267 where the real value should be $1,000 plus. So in my view, based on my model, this is a 300% upside in the next 5 years."
tom-nash,TSLA,us,buy,up,high,2026-05-20,2026-05-20,1y,TSLA,True,417.26,-0.0402,0.0074,-0.0476,-0.0402,False,True,,,1y,https://www.youtube.com/watch?v=IGp6GKXkqeA,"Tesla is finally not a car company, and it's going into FSD, energy, and robotics. Three elements where Tesla's going to dominate and monopolize. I think robotics is going to be the biggest secular trend we've ever seen in our lifetime."
tom-nash,PATH,us,buy,up,med,2026-05-20,2026-05-20,1y,PATH,False,10.77,-0.0464,0.0074,-0.0538,-0.0464,False,True,,,1y,https://www.youtube.com/watch?v=IGp6GKXkqeA,"UiPath. Ticker PATH. Down 25% over the past 12 months. No debt, 1.5 billion in cash, 15 forward PE, and four times sales. Massive gap, and it's sitting primely on this AI automation. Why would you not look at this and say this is super interesting?"
tom-nash,NVDA,us,buy,up,high,2025-08-20,2025-08-20,1y,NVDA,True,175.1667,0.2028,0.1802,0.0226,0.2028,True,True,,1200,1y,https://www.youtube.com/watch?v=IjTXYTnS1Ik,"Based on my five-year price target, we're looking at Nvidia going anywhere from 846 on the bare case — that's a 400% upside — all the way to potentially $1,200, which is a 600% upside for this stock."
tom-nash,PLTR,us,buy,up,high,2026-03-20,2026-03-20,1y,PLTR,True,150.68,-0.1474,0.1514,-0.2988,-0.1474,False,True,,,1y,https://www.youtube.com/watch?v=JJK1AiiLQvI,"Palantir, a stock I talked about a million times. They're built for war, they're built for peace, they're built for chaos. Palantir is going to go to a trillion dollars at minimum."
tom-nash,TSLA,us,buy,up,high,2026-03-20,2026-03-20,1y,TSLA,True,367.96,0.0884,0.1514,-0.063,0.0884,False,True,,,1y,https://www.youtube.com/watch?v=JJK1AiiLQvI,"Tesla is going to be the largest robotics company in the world. Humanoid robots are a massive secular trend. Nobody's catching Tesla. The integration they have as far as batteries, electric motors, vision sensors, supply chains, factories, money, HR, the best brains."
tom-nash,GOOGL,us,buy,up,med,2026-03-20,2026-03-20,1y,GOOGL,True,301.0,0.2227,0.1514,0.0713,0.2227,True,True,,,1y,https://www.youtube.com/watch?v=JJK1AiiLQvI,"Google Cloud is now growing at 50% per year because of TPUs. It's vertically integrating, it's bringing down costs. Google is going to be massive."
tom-nash,PLTR,us,buy,up,high,2025-06-20,2025-06-20,1y,PLTR,True,137.3,-0.0643,0.2672,-0.3315,-0.0643,False,True,,,1y,https://www.youtube.com/watch?v=JpTneUnzEAE,"Palanteer ticker PLTR actually has both. It has the defense mechanism inside because half of the business is government contracts, defense contracts. But it also has a massive tech element. There's not a stock in the world that has these two combined like Palanteer. It is literally a unicorn."
tom-nash,PLTR,us,buy,up,high,2026-02-20,2026-02-20,1y,PLTR,True,135.24,-0.0501,0.0861,-0.1361,-0.0501,False,True,,,1y,https://www.youtube.com/watch?v=KdbMHZkcQ8Y,"Palanteer is 10x cheaper than the average monopolistic tech company in the world right now. Palanteer is still massively, massively undervalued. The government business of Palanteer can grow 10x in four years."
tom-nash,TSLA,us,buy,up,high,2025-08-20,2025-08-20,1y,TSLA,True,323.9,0.2365,0.1802,0.0563,0.2365,True,True,,1400,1y,https://www.youtube.com/watch?v=M9thNJWLxFU,"I have a price target on this of $1,400 by 2030. That's a 324% expected increase in market cap. From 93 billion today to 597 billion in 2030. That's a 542% increase in revenue by 2030. I've never been more bullish on Tesla."
tom-nash,TSLA,us,buy,up,high,2025-11-20,2025-11-20,1y,TSLA,True,395.23,0.0133,0.1509,-0.1376,0.0133,False,True,,900,1y,https://www.youtube.com/watch?v=Mt8MRdR_FwY,Tesla is heading to $900 per share. It's going to get there whether you like it or not. And it's going to get there a lot sooner than most people realize. The time horizon isn't that far away. It's about 6 to 12 months at most.
tom-nash,PLTR,us,buy,up,high,2025-06-20,2025-06-20,6m,PLTR,True,137.3,0.4084,0.1518,0.2566,0.4084,True,True,,,,https://www.youtube.com/watch?v=NGf3uMVlfCU,"I believe these four stocks are going to make millionaires over the next 20 years: Nvidia, Palanteer, Crowd Strike, and Tesla. I want to own the number one business in every single one of these industries."
tom-nash,NVDA,us,buy,up,high,2025-06-20,2025-06-20,6m,NVDA,True,143.6587,0.2583,0.1518,0.1065,0.2583,True,True,,,,https://www.youtube.com/watch?v=NGf3uMVlfCU,"I believe these four stocks are going to make millionaires over the next 20 years: Nvidia, Palanteer, Crowd Strike, and Tesla. I want to own the number one business in every single one of these industries."
tom-nash,TSLA,us,buy,up,high,2025-06-20,2025-06-20,6m,TSLA,True,322.16,0.4937,0.1518,0.3419,0.4937,True,True,,,,https://www.youtube.com/watch?v=NGf3uMVlfCU,"I believe these four stocks are going to make millionaires over the next 20 years: Nvidia, Palanteer, Crowd Strike, and Tesla. I want to own the number one business in every single one of these industries."
tom-nash,CRWD,us,buy,up,high,2025-06-20,2025-06-20,6m,CRWD,True,476.3,0.0105,0.1518,-0.1413,0.0105,False,True,,,,https://www.youtube.com/watch?v=NGf3uMVlfCU,"I believe these four stocks are going to make millionaires over the next 20 years: Nvidia, Palanteer, Crowd Strike, and Tesla. I want to own the number one business in every single one of these industries."
tom-nash,NVDA,us,buy,up,med,2025-06-20,2025-06-20,6m,NVDA,True,143.6587,0.2583,0.1518,0.1065,0.2583,True,True,,,,https://www.youtube.com/watch?v=O2nYtoX12Ds,"Long-term, I don't think this slows down Nvidia one bit. I think they're still a behemoth, a huge company that's going to benefit the AI revolution, probably in the top five of companies over the next 10 years."
tom-nash,VRT,us,buy,up,high,2025-06-20,2025-06-20,6m,VRT,True,118.4342,0.3491,0.1518,0.1973,0.3491,True,True,,288,,https://www.youtube.com/watch?v=OyBU6aTwm-8,"My price target for this company for the next 5 years: bare case $185 (70% growth), medium case $288 (164% growth), bull case $391 (260% growth). I've actually added it to my top stock list. Liquid cooling is the biggest disruptor in data centers going forward."
tom-nash,PLTR,us,buy,up,high,2025-06-20,2025-06-20,6m,PLTR,True,137.3,0.4084,0.1518,0.2566,0.4084,True,True,,,,https://www.youtube.com/watch?v=OyBU6aTwm-8,"I will continue to dollar cost average into Palanteer until I'm in my 80s, 90s, hundreds, who knows. Palanteer and Nvidia both are great companies and would be an amazing addition to any portfolio."
tom-nash,CEG,us,buy,up,med,2025-06-20,2025-06-20,6m,CEG,True,303.3254,0.1683,0.1518,0.0165,0.1683,True,True,,,,https://www.youtube.com/watch?v=OyBU6aTwm-8,"I believe Meta is just the first of a long line of top tier companies who going to make deals with Constellation Energy. Nuclear power capacity solves all these problems: carbon-free, no stoppages, massive capacity — ideal for data centers."
tom-nash,NVDA,us,buy,up,high,2025-08-20,2025-08-20,6m,NVDA,True,175.1667,0.0718,0.0817,-0.0098,0.0718,False,True,,,,https://www.youtube.com/watch?v=QaDrvdPE1vA,Nvidia they dominate the compute with GPUs... whoever owns the capacity to compute this AI is going to be the owner of the picks and shovels of the AI industry... they will all benefit.
tom-nash,ASML,us,buy,up,high,2025-08-20,2025-08-20,6m,ASML,False,745.5486,0.9657,0.0817,0.884,0.9657,True,True,,,,https://www.youtube.com/watch?v=QaDrvdPE1vA,"ASML which is a monopoly in the machines who are building the machines... All of these companies that are fulfilling an important role in the Picks and Shovels industry, they will all benefit."
tom-nash,ORCL,us,buy,up,med,2025-08-20,2025-08-20,6m,ORCL,True,233.2196,-0.3327,0.0817,-0.4144,-0.3327,False,True,,,,https://www.youtube.com/watch?v=QaDrvdPE1vA,Oracle basically providing cloud that is more tailored for the high-end users... they will all benefit.
tom-nash,PLTR,us,buy,up,high,2025-08-20,2025-08-20,6m,PLTR,True,156.01,-0.1322,0.0817,-0.2139,-0.1322,False,True,,,,https://www.youtube.com/watch?v=QaDrvdPE1vA,"Palunteer with the only operating system that actually works with LM for organizations... All of these companies that are fulfilling an important role in the Picks and Shovels industry, they will all benefit."
tom-nash,ARM,us,buy,up,med,2025-08-20,2025-08-20,6m,ARM,False,131.16,-0.0299,0.0817,-0.1116,-0.0299,False,True,,,,https://www.youtube.com/watch?v=QaDrvdPE1vA,"ARM owns the blueprints... All of these companies that are fulfilling an important role in the Picks and Shovels industry, they will all benefit."
tom-nash,CDNS,us,buy,up,med,2025-08-20,2025-08-20,6m,CDNS,True,345.45,-0.1171,0.0817,-0.1987,-0.1171,False,True,,,,https://www.youtube.com/watch?v=QaDrvdPE1vA,"Cadence owns the design... All of these companies that are fulfilling an important role in the Picks and Shovels industry, they will all benefit."
tom-nash,QCOM,us,buy,up,med,2025-08-20,2025-08-20,6m,QCOM,True,152.2314,-0.0685,0.0817,-0.1502,-0.0685,False,True,,,,https://www.youtube.com/watch?v=QaDrvdPE1vA,"Qualcomm brings that to your phone to gadgets to your car... All of these companies that are fulfilling an important role in the Picks and Shovels industry, they will all benefit."
tom-nash,CEG,us,buy,up,med,2025-08-20,2025-08-20,6m,CEG,True,312.9436,-0.0631,0.0817,-0.1448,-0.0631,False,True,,,,https://www.youtube.com/watch?v=QaDrvdPE1vA,"CEG is the power solution... All of these companies that are fulfilling an important role in the Picks and Shovels industry, they will all benefit."
tom-nash,VRT,us,buy,up,med,2025-08-20,2025-08-20,6m,VRT,True,127.4262,0.9082,0.0817,0.8265,0.9082,True,True,,,,https://www.youtube.com/watch?v=QaDrvdPE1vA,"VRT with the cooling... All of these companies that are fulfilling an important role in the Picks and Shovels industry, they will all benefit."
tom-nash,TSM,us,buy,up,med,2025-08-20,2025-08-20,6m,TSM,False,226.629,0.594,0.0817,0.5123,0.594,True,True,,,,https://www.youtube.com/watch?v=QaDrvdPE1vA,"TSM is the world's manufacturer... All of these companies that are fulfilling an important role in the Picks and Shovels industry, they will all benefit."
tom-nash,MSFT,us,buy,up,med,2025-08-20,2025-08-20,6m,MSFT,True,501.7125,-0.2071,0.0817,-0.2887,-0.2071,False,True,,,,https://www.youtube.com/watch?v=QaDrvdPE1vA,Microsoft basically is right now the biggest fastest growing... cloud provider and infrastructure play... they will all benefit.
tom-nash,PLTR,us,sell,down,med,2025-06-20,2025-06-20,1m,PLTR,True,137.3,0.1181,0.056,-0.0621,-0.1181,False,True,,,1m,https://www.youtube.com/watch?v=TsptUaOqG-o,I see zero issues with people selling 10% 20% 30% of their Palantir position... the stock has run up insanely could it drop 50 60 70% sure it can... Palantir can be in the 60s in the 50s in the 40s in a couple of weeks easy.
tom-nash,VRT,us,buy,up,high,2026-01-20,2026-01-20,1y,VRT,True,175.1383,0.9016,0.1051,0.7966,0.9016,True,True,,,1y,https://www.youtube.com/watch?v=UWCW9kgf7KU,I'm expecting a 3 to 4x increase in the operating income of VRT in the next couple of years... It is yet to have its insane explosive moment.
tom-nash,CRWD,us,buy,up,high,2026-01-20,2026-01-20,1y,CRWD,True,442.73,0.5469,0.1051,0.4418,0.5469,True,True,,,1y,https://www.youtube.com/watch?v=UWCW9kgf7KU,"I actually see this company doing 6x on operating income in just a few years... as AI-driven threats increase, essentially CrowdStrike becomes a must."
tom-nash,ANET,us,buy,up,high,2026-01-20,2026-01-20,1y,ANET,True,127.52,0.3305,0.1051,0.2255,0.3305,True,True,,,1y,https://www.youtube.com/watch?v=UWCW9kgf7KU,I see a 2x to a 3x in operating income in a matter of years... as compute scales Arista keeps on making more and more money.
tom-nash,ZS,us,buy,up,high,2026-01-20,2026-01-20,1y,ZS,False,206.32,-0.3949,0.1051,-0.5,-0.3949,False,True,,,1y,https://www.youtube.com/watch?v=UWCW9kgf7KU,"by 2030 I predict the TAM to be 70 to 80 billion per year... as you have more and more complexity, it will become more and more important."
tom-nash,DDOG,us,buy,up,high,2026-01-20,2026-01-20,1y,DDOG,True,117.0,0.906,0.1051,0.8009,0.906,True,True,,,1y,https://www.youtube.com/watch?v=UWCW9kgf7KU,"as AI becomes a bigger part of our life, as it becomes more complex, essentially the need for monitoring and visibility becomes mission critical, which is where Datadog steps in."
tom-nash,EOS,us,hold-avoid,down,high,2026-01-20,2026-01-20,6m,EOS,False,21.4549,0.0296,0.1051,0.0755,-0.0296,True,True,,,,https://www.youtube.com/watch?v=UWCW9kgf7KU,the stock is up 134% in 2025... net income in 2025 was -2 billion... right now it just insanely overvalued with not a lot of fundamentals to show for.
tom-nash,BBAI,us,hold-avoid,down,high,2026-01-20,2026-01-20,6m,BBAI,False,5.94,-0.3401,0.1051,0.4451,0.3401,True,True,,,,https://www.youtube.com/watch?v=UWCW9kgf7KU,revenues are down 7% in 2025. Net income in 2025 was negative 400 million... dominated by retail with about 65% retail ownership with massive insider selling... the score is 25 out of 100.
tom-nash,WOLF,us,hold-avoid,down,high,2026-01-20,2026-01-20,6m,WOLF,False,20.5,1.8005,0.1051,-1.6954,-1.8005,False,True,,,,https://www.youtube.com/watch?v=UWCW9kgf7KU,"Net income in 2025 was negative 560 million, bleeding almost 700 million a year in free cash flow... the stock MVP scorecard was 50 out of 100 a complete fail."
tom-nash,TSLA,us,buy,up,high,2026-02-20,2026-02-20,6m,TSLA,True,411.82,-0.0275,0.0861,-0.1136,-0.0275,False,True,,1800,,https://www.youtube.com/watch?v=UdEAs9jjNQU,"5-year, $1,800, bare case, that's a 308% increase in share price. Medium case 2030, $3,300. That's a 650% increase in share price. And bull case, $4,800... I expect a Palantir moment to happen to Tesla."
tom-nash,PLTR,us,buy,up,high,2025-06-20,2025-06-20,6m,PLTR,True,137.3,0.4084,0.1518,0.2566,0.4084,True,True,,,3y,https://www.youtube.com/watch?v=V6pXYcZfAOM,we love this because this is another opportunity before the next Spike because the company has no debt it's a great business it's going to go up
tom-nash,NVDA,us,buy,up,high,2025-06-20,2025-06-20,6m,NVDA,True,143.6587,0.2583,0.1518,0.1065,0.2583,True,True,,,,https://www.youtube.com/watch?v=XKvvP7DDvfU,"Nvidia right now scores a perfect 125. So, out of everything I've tested, Nvidia scored the best 100%. And the PE is dirt cheap."
tom-nash,PLTR,us,buy,up,high,2025-06-20,2025-06-20,6m,PLTR,True,137.3,0.4084,0.1518,0.2566,0.4084,True,True,,,,https://www.youtube.com/watch?v=XKvvP7DDvfU,"Palunteer scored 120. I'm invested in these companies. I have a major position in them... these Nvidia, Microsoft, Apple, Amazon, Meta, Palanteer, and Tesla are the top seven companies based on my scorecard to invest in."
tom-nash,TSLA,us,buy,up,med,2025-06-20,2025-06-20,6m,TSLA,True,322.16,0.4937,0.1518,0.3419,0.4937,True,True,,,,https://www.youtube.com/watch?v=XKvvP7DDvfU,"Tesla scored 115. I'm invested in these companies. I have a major position in them... these Nvidia, Microsoft, Apple, Amazon, Meta, Palanteer, and Tesla are the top seven companies based on my scorecard to invest in."
tom-nash,MSFT,us,buy,up,med,2025-06-20,2025-06-20,6m,MSFT,True,473.617,0.0214,0.1518,-0.1304,0.0214,False,True,,,,https://www.youtube.com/watch?v=XKvvP7DDvfU,"Microsoft 120... these Nvidia, Microsoft, Apple, Amazon, Meta, Palanteer, and Tesla are the top seven companies based on my scorecard to invest in."
tom-nash,AAPL,us,buy,up,med,2025-06-20,2025-06-20,6m,AAPL,True,200.2057,0.3644,0.1518,0.2126,0.3644,True,True,,,,https://www.youtube.com/watch?v=XKvvP7DDvfU,"Apple 110... these Nvidia, Microsoft, Apple, Amazon, Meta, Palanteer, and Tesla are the top seven companies based on my scorecard to invest in."
tom-nash,AMZN,us,buy,up,med,2025-06-20,2025-06-20,6m,AMZN,True,209.69,0.0842,0.1518,-0.0676,0.0842,False,True,,,,https://www.youtube.com/watch?v=XKvvP7DDvfU,"Amazon 105... these Nvidia, Microsoft, Apple, Amazon, Meta, Palanteer, and Tesla are the top seven companies based on my scorecard to invest in."
tom-nash,META,us,buy,up,med,2025-06-20,2025-06-20,6m,META,True,680.7512,-0.0331,0.1518,-0.1849,-0.0331,False,True,,,,https://www.youtube.com/watch?v=XKvvP7DDvfU,"Meta 105... these Nvidia, Microsoft, Apple, Amazon, Meta, Palanteer, and Tesla are the top seven companies based on my scorecard to invest in."
tom-nash,PLTR,us,buy,up,high,2025-08-20,2025-08-20,6m,PLTR,True,156.01,-0.1322,0.0817,-0.2139,-0.1322,False,True,,512,5y,https://www.youtube.com/watch?v=XedDKI9kx5c,"my price target for Palanteer for the next 5 years is ranging between 512 on the bare case and almost $1,000 on the bull case. I have never been more bullish about Palunteer."
tom-nash,PLTR,us,buy,up,high,2025-06-20,2025-06-20,6m,PLTR,True,137.3,0.4084,0.1518,0.2566,0.4084,True,True,,354,5y,https://www.youtube.com/watch?v=_JGXlQh4Wsw,My model says that Palunteer bare case for the next 5 years is $197. The medium case is 354... And the bull case is actually 510 per share. We finally have confirmation that Palunteer is a trillion dollar company and a $500 stock.
tom-nash,PLTR,us,buy,up,high,2026-01-20,2026-01-20,1y,PLTR,True,168.53,-0.2377,0.1051,-0.3428,-0.2377,False,True,,,1y,https://www.youtube.com/watch?v=a6MVvEkoGkk,"My top three holdings have and will be Palanteer, Tesla, and the S&P 500. I'm going to ride and die with these stocks. We're go through 2026 DCAing into these three stocks."
tom-nash,TSLA,us,buy,up,high,2026-01-20,2026-01-20,1y,TSLA,True,419.25,-0.0447,0.1051,-0.1498,-0.0447,False,True,,,1y,https://www.youtube.com/watch?v=a6MVvEkoGkk,"My top three holdings have and will be Palanteer, Tesla, and the S&P 500. I'm going to ride and die with these stocks. We're go through 2026 DCAing into these three stocks."
tom-nash,SPY,us,buy,up,high,2026-01-20,2026-01-20,1y,SPY,False,675.7346,0.1051,0.1051,0.0,0.1051,False,True,,,1y,https://www.youtube.com/watch?v=a6MVvEkoGkk,"My top three holdings have and will be Palanteer, Tesla, and the S&P 500. I'm going to ride and die with these stocks. We're go through 2026 DCAing into these three stocks."
tom-nash,TSLA,us,buy,up,high,2025-06-20,2025-06-20,6m,TSLA,True,322.16,0.4937,0.1518,0.3419,0.4937,True,True,,1420,,https://www.youtube.com/watch?v=aPb9idGokU4,"I definitely see Tesla doubling and more from here in fact my long long-term price target for Tesla $1,420."
tom-nash,PLTR,us,buy,up,med,2025-06-20,2025-06-20,6m,PLTR,True,137.3,0.4084,0.1518,0.2566,0.4084,True,True,,,,https://www.youtube.com/watch?v=aSGpkxphE4o,"slowly DCA and diversify into this stock if you haven't yet slowly because it can also crash 50% in two months. Palanteer is exactly that stock. A lot of people ask me, well, Tom, why do you still invest in Palunteer?"
tom-nash,TSLA,us,buy,up,high,2026-02-20,2026-02-20,6m,TSLA,True,411.82,-0.0275,0.0861,-0.1136,-0.0275,False,True,,4800,,https://www.youtube.com/watch?v=b-1G9p1VGD4,"For the next five years, Tesla is barecase $1,800, bullcase $4,800. That's a 1,000% by 2030. On 2035 at minimum, barecase 3,750, bullcase $7,900 per share. Tesla is the next Palunteer moment just waiting to happen."
tom-nash,TSLA,us,buy,up,high,2026-05-20,2026-05-20,6m,TSLA,True,417.26,-0.0402,0.0074,-0.0476,-0.0402,False,True,,1000,,https://www.youtube.com/watch?v=ag589INxdDk,by 2030 Tesla is going to sell double than the amount of vehicles it sold in 2025. Tesla is positioning itself to be the number one player in every single secular trend for the next 10 years.
tom-nash,SOFI,us,buy,up,high,2026-05-20,2026-05-20,6m,SOFI,False,15.69,0.1415,0.0074,0.1341,0.1415,True,True,,,,https://www.youtube.com/watch?v=ag589INxdDk,"SoFi is the best financial play in the entire world right now, maybe along with Robinhood."
tom-nash,HOOD,us,buy,up,med,2026-05-20,2026-05-20,6m,HOOD,True,75.76,0.4275,0.0074,0.4201,0.4275,True,True,,,,https://www.youtube.com/watch?v=ag589INxdDk,"SoFi is the best financial play in the entire world right now, maybe along with Robinhood. I would consider putting Robinhood here... Okay, Robinhood as well."
tom-nash,BE,us,buy,up,high,2026-01-20,2026-01-20,6m,BE,False,151.75,1.1674,0.1051,1.0624,1.1674,True,True,,1000,,https://www.youtube.com/watch?v=cI10tYwEgC0,"I love this stock for the next 5 to 10 years. $40 times 25 multiple, we're talking about $1,000 per share currently trading at 130, 640% gain, 7 and a half times your money by 2030 if they execute."
tom-nash,PLTR,us,sell,neutral,med,2025-11-20,2025-11-20,6m,PLTR,True,155.745,-0.1177,0.1447,0.2624,0.1177,True,True,,,null,https://www.youtube.com/watch?v=cqbDJk6bdfg,"If you've made money on Palanteer or on Tesla or Nvidia over the past few years and now you're sitting on a huge amount of unrealized profits, it would be foolish not to trim 10% 20% even maybe 30% so that you can lock in these profits."
tom-nash,TSLA,us,sell,neutral,med,2025-11-20,2025-11-20,6m,TSLA,True,395.23,0.0572,0.1447,0.0875,-0.0572,True,True,,,,https://www.youtube.com/watch?v=cqbDJk6bdfg,"If you've made money on Palanteer or on Tesla or Nvidia over the past few years and now you're sitting on a huge amount of unrealized profits, it would be foolish not to trim 10% 20% even maybe 30% so that you can lock in these profits."
tom-nash,NVDA,us,sell,neutral,med,2025-11-20,2025-11-20,6m,NVDA,True,180.4099,0.2153,0.1447,-0.0706,-0.2153,False,True,,,,https://www.youtube.com/watch?v=cqbDJk6bdfg,"If you've made money on Palanteer or on Tesla or Nvidia over the past few years and now you're sitting on a huge amount of unrealized profits, it would be foolish not to trim 10% 20% even maybe 30% so that you can lock in these profits."
tom-nash,AMD,us,buy,up,high,2025-10-20,2025-10-20,6m,AMD,True,240.56,0.143,0.0618,0.0812,0.143,True,True,,430,,https://www.youtube.com/watch?v=ebqvtRVOqlQ,"The 5-year price target on stockMVP, based on the current parameters, is the bare case puts it at $273 in 5 years, which is a 31% upside. The medium case puts it at 430, which is a 106% upside. And the bull case puts it at 585, which is a 181% upside for the next 5 years."
tom-nash,NVDA,us,hold-avoid,up,med,2025-10-20,2025-10-20,6m,NVDA,True,182.4073,0.1065,0.0618,-0.0447,-0.1065,False,True,,,,https://www.youtube.com/watch?v=ebqvtRVOqlQ,I wouldn't be betting against Nvidia because of what just happened. Nvidia is not the casualty here. CUDA is still the gold standard. Nvidia is still the gold standard. They're still number one.
tom-nash,ARM,us,buy,up,high,2025-08-20,2025-08-20,6m,ARM,False,131.16,-0.0299,0.0817,-0.1116,-0.0299,False,True,,590,,https://www.youtube.com/watch?v=gAWS3mDpP3E,"My 5-year price target for ARM is $416 for the bare case, $59 for the midcase, and $600 for the bull case. That's a 305% upside for the next five years."
tom-nash,PLTR,us,hold-avoid,up,high,2025-06-20,2025-06-20,6m,PLTR,True,137.3,0.4084,0.1518,-0.2566,-0.4084,False,True,,,,https://www.youtube.com/watch?v=gAizoItKi1Q,The responsible thing to do is to trim 30% and to continue dollar cost averaging into the stock slowly. So you take some chips off the table and you continue to DCA into the company so that you protect your ASP.
tom-nash,AMZN,us,buy,up,high,2026-05-20,2026-05-20,1y,AMZN,True,265.01,-0.0778,0.0074,-0.0852,-0.0778,False,True,,,1y,https://www.youtube.com/watch?v=evDrdrTjwOk,"For Amazon to be successful, in my opinion, over the next 5 years, and to give you 100, 130%, which I believe it will do for the next 5 years... I find it to be a very easy assumption."
tom-nash,AMZN,us,buy,up,high,2026-06-06,2026-06-08,6m,AMZN,True,245.22,-0.0034,0.0102,-0.0136,-0.0034,False,True,,,,https://www.youtube.com/watch?v=d_edL0vF9ps,"Amazon is a company that's been basically doing nothing, trading water for 5 years... You can buy Amazon right now at less than four times sales at 25 Ford PE. A company that literally owns the largest AI infrastructure in the world, which is AWS."
tom-nash,MSFT,us,buy,up,high,2026-06-06,2026-06-08,6m,MSFT,True,411.74,-0.0785,0.0102,-0.0887,-0.0785,False,True,,,,https://www.youtube.com/watch?v=d_edL0vF9ps,"Microsoft is one of the best companies in the world, hands down. This company's down 7%... Azure is massive. 63% EBDA 280 billion annual sales growing at double digits at 15%... somehow this company is down 7% this year."
tom-nash,GOOGL,us,buy,up,med,2026-06-06,2026-06-08,6m,GOOGL,True,363.31,0.013,0.0102,0.0028,0.013,True,True,,,,https://www.youtube.com/watch?v=d_edL0vF9ps,"Google is still not expensive. If you look at Google right now, you can buy it... 10 times sales, 254p. $400 billion of sales... 15% year-over-year growth, 52% EVA, that's one hell of a margin."
tom-nash,CEG,us,buy,up,high,2026-06-06,2026-06-08,6m,CEG,True,250.67,0.0933,0.0102,0.0831,0.0933,True,True,,,,https://www.youtube.com/watch?v=d_edL0vF9ps,"CEG, Constellation Energy, the most unhyped company in the world. Nuclear energy at scale, down 11% this year... Constation Energy is one of the greatest energy plays right now in the market."
tom-nash,SNOW,us,buy,up,med,2026-06-06,2026-06-08,6m,SNOW,False,240.45,-0.0339,0.0102,-0.0441,-0.0339,False,True,,,,https://www.youtube.com/watch?v=d_edL0vF9ps,"Snowflake, the company that essentially the picks and shovels play... sales went from 600 to 4.7 billion. Stock did nothing. Free cash flow literally went from negative80 to 1.1 billion, 30% annual revenue growth, and you can buy it right now."
vivek-bajaj,GRSE,india,buy,up,high,2025-06-20,2025-06-20,6m,GRSE.NS,False,3264.6704,-0.2983,0.034,-0.3323,-0.2983,False,True,,,,https://www.youtube.com/watch?v=0c-rTzz9p84,I gave an update that oh it still looks strong when the price was 1794. And today... the stock is trading at 2480. So this whole movement which has become very very fast movement is definitely something which we have been able to capture.
vivek-bajaj,LT,india,buy,up,med,2026-02-20,2026-02-20,6m,LT.NS,True,4338.2271,-0.0297,-0.0609,0.0312,-0.0297,True,True,,,,https://www.youtube.com/watch?v=0wCrTyVpePQ,"The sectors that are winning are infrastructure, capital goods... stocks, infrastructure, N & T, Siemens, ABB Railways, Ircon, RVNL, Concord... government's capex has increased. So capex to GDP has become 3.1, 3.3%."
vivek-bajaj,SIEMENS,india,buy,up,med,2026-02-20,2026-02-20,6m,SIEMENS.NS,False,3206.2,0.1726,-0.0609,0.2335,0.1726,True,True,,,,https://www.youtube.com/watch?v=0wCrTyVpePQ,"The sectors that are winning are infrastructure, capital goods... stocks, infrastructure, N & T, Siemens, ABB Railways, Ircon, RVNL, Concord."
vivek-bajaj,ABB,india,buy,up,med,2026-02-20,2026-02-20,6m,ABB.NS,False,5962.6133,0.2156,-0.0609,0.2765,0.2156,True,True,,,,https://www.youtube.com/watch?v=0wCrTyVpePQ,"The sectors that are winning are infrastructure, capital goods... stocks, infrastructure, N & T, Siemens, ABB Railways, Ircon, RVNL, Concord."
vivek-bajaj,IRCON,india,buy,up,med,2026-02-20,2026-02-20,6m,IRCON.NS,False,149.84,-0.0844,-0.0609,-0.0235,-0.0844,False,True,,,,https://www.youtube.com/watch?v=0wCrTyVpePQ,"The sectors that are winning are infrastructure, capital goods, railway logistics... Ircon, RVNL, Concord."
vivek-bajaj,RVNL,india,buy,up,med,2026-02-20,2026-02-20,6m,RVNL.NS,False,312.1,-0.2182,-0.0609,-0.1573,-0.2182,False,True,,,,https://www.youtube.com/watch?v=0wCrTyVpePQ,"The sectors that are winning are infrastructure, capital goods, railway logistics... Ircon, RVNL, Concord."
vivek-bajaj,DIXON,india,buy,up,med,2026-02-20,2026-02-20,6m,DIXON.NS,False,11072.0,0.1305,-0.0609,0.1914,0.1305,True,True,,,,https://www.youtube.com/watch?v=0wCrTyVpePQ,"In manufacturing, Dixon, Polycap, AEI. The sectors that are winning are... manufacturing, because the government wants to do a lot of work on manufacturing."
vivek-bajaj,POLYCAB,india,buy,up,med,2026-02-20,2026-02-20,6m,POLYCAB.NS,False,7869.0,0.2814,-0.0609,0.3423,0.2814,True,True,,,,https://www.youtube.com/watch?v=0wCrTyVpePQ,"In manufacturing, Dixon, Polycap, AEI. The sectors that are winning are... manufacturing, because the government wants to do a lot of work on manufacturing."
vivek-bajaj,LAURUSLABS,india,buy,up,med,2026-02-20,2026-02-20,6m,LAURUSLABS.NS,False,1017.9865,0.3879,-0.0609,0.4489,0.3879,True,True,,,,https://www.youtube.com/watch?v=0wCrTyVpePQ,"In pharma, DBS, Shenzhen, Lawrence Lab. The sectors that are winning are... pharma and healthcare."
vivek-bajaj,HCLTECH,india,buy,up,med,2026-02-20,2026-02-20,6m,HCLTECH.NS,True,1409.515,-0.1971,-0.0609,-0.1362,-0.1971,False,True,,,,https://www.youtube.com/watch?v=0wCrTyVpePQ,"In IT and digital, HCL Tech, Infosys, Imtron. Electronics, persistence system. The sectors that are winning are... IT and digital. Because we have to increase the digital economy."
vivek-bajaj,INFY,india,buy,up,med,2026-02-20,2026-02-20,6m,INFY.NS,True,1353.2,-0.223,-0.0609,-0.1621,-0.223,False,True,,,,https://www.youtube.com/watch?v=0wCrTyVpePQ,"In IT and digital, HCL Tech, Infosys, Imtron. Electronics, persistence system. The sectors that are winning are... IT and digital. Because we have to increase the digital economy."
vivek-bajaj,PERSISTENT,india,buy,up,med,2026-02-20,2026-02-20,6m,PERSISTENT.NS,False,5092.0,-0.0516,-0.0609,0.0093,-0.0516,True,True,,,,https://www.youtube.com/watch?v=0wCrTyVpePQ,"In IT and digital, HCL Tech, Infosys, Imtron. Electronics, persistence system. The sectors that are winning are... IT and digital. Because we have to increase the digital economy."
vivek-bajaj,NTPC,india,buy,up,med,2026-02-20,2026-02-20,6m,NTPC.NS,True,372.95,-0.0192,-0.0609,0.0418,-0.0192,True,True,,,,https://www.youtube.com/watch?v=0wCrTyVpePQ,"In energy, NTPC, Powergate. These are the companies that work with the government and aggressively in this domain. The sectors that are winning are... energy and renewables."
vivek-bajaj,POWERGRID,india,buy,up,med,2026-02-20,2026-02-20,6m,POWERGRID.NS,True,298.95,-0.0224,-0.0609,0.0385,-0.0224,True,True,,,,https://www.youtube.com/watch?v=0wCrTyVpePQ,"In energy, NTPC, Powergate. These are the companies that work with the government and aggressively in this domain. The sectors that are winning are... energy and renewables."
vivek-bajaj,GOLD,india,buy,up,med,2026-02-20,,,,,,,,,,,False,no price data,,,https://www.youtube.com/watch?v=0wCrTyVpePQ,"If the trend of de-dollarization continues, then gold and silver will remain fast in the long term. Again, you can participate only through SIP. There is no other method of participating in gold and silver."
vivek-bajaj,SILVER,india,buy,up,med,2026-02-20,2026-02-20,6m,SILVER.NS,False,246.33,-0.0617,-0.0609,-0.0008,-0.0617,False,True,,,,https://www.youtube.com/watch?v=0wCrTyVpePQ,"If the trend of de-dollarization continues, then gold and silver will remain fast in the long term. Again, you can participate only through SIP. There is no other method of participating in gold and silver."
vivek-bajaj,KITEX,india,buy,up,med,2025-07-20,2025-07-21,6m,KITEX.NS,False,269.5766,-0.434,0.0241,-0.4581,-0.434,False,True,,,,https://www.youtube.com/watch?v=27kSMdeixWo,"If you look at the stock score of Kitex, then the stock score is also green. So, I won't have any problem building a position in Kitex if I am convinced of the textile theme."
vivek-bajaj,PAGEIND,india,buy,up,low,2025-07-20,2025-07-21,6m,PAGEIND.NS,False,46073.8398,-0.2597,0.0241,-0.2838,-0.2597,False,True,,,,https://www.youtube.com/watch?v=27kSMdeixWo,"Page Industries, see how beautiful the chart structure is. Right. So, you will have to get a little into this sector yourself. Then you can go and make a filter mechanism."
vivek-bajaj,DIVISLAB,india,buy,up,med,2025-06-20,2025-06-20,6m,DIVISLAB.NS,False,6562.1201,-0.0127,0.034,-0.0467,-0.0127,False,True,,,,https://www.youtube.com/watch?v=2GGwey0XvqE,"its RS is almost flat, it is around 0, which is good. RSI has gone above 50, and this stock is near its 200-day moving average... it is making a range... there is a possibility of a breakout in it. So, this is an interesting stock, which I will take care of."
vivek-bajaj,CIPLA,india,buy,up,med,2025-06-20,2025-06-20,6m,CIPLA.NS,True,1483.849,0.0224,0.034,-0.0116,0.0224,False,True,,,,https://www.youtube.com/watch?v=2GGwey0XvqE,"close is near the last month's high. It is above the previous high... it is also outperforming... High return on equity. 16% ROE... ROE is also improving... technically and fundamentally, we have done a lot of work."
vivek-bajaj,RELIANCE,india,buy,up,med,2025-06-20,2025-06-20,6m,RELIANCE.NS,True,1453.6464,0.0717,0.034,0.0377,0.0717,True,True,,,,https://www.youtube.com/watch?v=87TAc2oUi7g,Look at the reliance. Golden crossover. There is strength. There should be no problem in taking reliance.
vivek-bajaj,IOC,india,buy,up,med,2025-06-20,2025-06-20,6m,IOC.NS,False,130.0392,0.2348,0.034,0.2008,0.2348,True,True,,,,https://www.youtube.com/watch?v=87TAc2oUi7g,Indian Oil Corporation. There is strength. There is strength. What does the chart say? The chart is just above the 200-day moving average. Is there a problem in taking it? There is no problem.
vivek-bajaj,BPCL,india,buy,up,med,2025-06-20,2025-06-20,6m,BPCL.NS,False,294.2535,0.2095,0.034,0.1755,0.2095,True,True,,,,https://www.youtube.com/watch?v=87TAc2oUi7g,"There is VPCL. There is strength. Is this chart showing strength? Yes. Golden crossover. If I give you an option between all three, then you will obviously want to see reliance and VPCL."
vivek-bajaj,AMBER,india,buy,up,med,2025-08-20,2025-08-20,1m,AMBER.NS,False,7362.0,0.1256,0.011,0.1145,0.1256,True,True,,,1m,https://www.youtube.com/watch?v=7ItNh3Lzy6s,I will probably go long in amber and go short in hal because of the structure of the chart. I will keep individual stop losses for both the trades.
vivek-bajaj,HAL,india,sell,down,med,2025-08-20,2025-08-20,1m,HAL.NS,False,4416.7041,0.1039,0.011,-0.0929,-0.1039,False,True,,,1m,https://www.youtube.com/watch?v=7ItNh3Lzy6s,I will probably go long in amber and go short in hal because of the structure of the chart... the defense baby... score is Negative. Negative. It can be a short candidate for a short term... industry itself is underperforming and the stock also.
vivek-bajaj,TITAN,india,buy,up,med,2026-03-20,2026-03-20,6m,TITAN.NS,True,4106.6001,0.0763,0.0389,0.0374,0.0763,True,True,,,,https://www.youtube.com/watch?v=h20mlhyK6tQ,"Would you like to make a position on Titan? RS, above 0, RSI above 50. And the momentum score is green. There is strength in the price action. We can build a little position."
vivek-bajaj,RADICO,india,buy,up,med,2025-11-20,2025-11-20,6m,RADICO.NS,False,3368.0,0.0605,-0.0969,0.1574,0.0605,True,True,,,,https://www.youtube.com/watch?v=i4ONBxE9zxc,"Radico. Beautiful. Look at this chart. Very good chart. The stock has been strong for some time. It has just entered the buy zone. And because these are fundamentally good stocks, and there's a reason for them to go up, there is a possibility that the stock can go up."
vivek-bajaj,INDIGO,india,buy,up,high,2025-06-20,2025-06-20,6m,INDIGO.NS,True,5380.9067,-0.0423,0.034,-0.0763,-0.0423,False,True,,,,https://www.youtube.com/watch?v=kOlKYRfNymA,"I have put it in SIP for my children. So whenever this stock falls, I buy it... I will definitely add Indigo to my value investing portfolio that I am building for children."
vivek-bajaj,SPICEJET,india,hold-avoid,down,high,2025-06-20,2025-06-20,6m,SPICEJET.BO,False,40.04,-0.2458,0.034,0.2798,0.2458,True,True,,,,https://www.youtube.com/watch?v=kOlKYRfNymA,We can't build a position in this right now because the stock's momentum is very bad. We can't build a position in SpiceJet right now.
vivek-bajaj,GMRAIRPORT,india,hold-avoid,neutral,med,2025-06-20,2025-06-20,6m,GMRAIRPORT.NS,False,80.97,0.2539,0.034,-0.2199,-0.2539,False,True,,,,https://www.youtube.com/watch?v=kOlKYRfNymA,"We can't build a position in GMR Airport right now. So what is my theory? My theory is that I will focus on those stocks that have momentum, i.e. they are green, they outperform relative strength and are RSP positive."
vivek-bajaj,BDL,india,buy,up,med,2025-06-20,2025-06-20,6m,BDL.NS,False,1894.4869,-0.2778,0.034,-0.3118,-0.2778,False,True,,,,https://www.youtube.com/watch?v=kOlKYRfNymA,"Look at BDL. It is above the 200 day moving average. It has momentum, it is green, it is RSP positive. So I will be interested in this stock. I think this is Bharat Dynamic, which is a defense story."
vivek-bajaj,ADANIGAS,india,sell,down,med,2025-07-20,,,,,,,,,,,False,no price data,,,https://www.youtube.com/watch?v=nIvJJ3o-I5A,If I ask you which stock I will exit partially and totally probably Adani total gas mind corp I will exit because they are in a red zone.
vivek-bajaj,MINDACORP,india,sell,down,med,2025-07-20,2025-07-21,6m,MINDACORP.NS,False,517.673,0.0822,0.0241,-0.0582,-0.0822,False,True,,,,https://www.youtube.com/watch?v=nIvJJ3o-I5A,If I ask you which stock I will exit partially and totally probably Adani total gas mind corp I will exit because they are in a red zone.
vivek-bajaj,GOLD,india,buy,up,high,2026-02-20,,,,,,,,,,,False,no price data,,,https://www.youtube.com/watch?v=q0JSaKD95cM,"from a long-term perspective, there is still strength in gold... continue with your SIP. Don't stop SIP because the big trend is still intact."
vivek-bajaj,SILVER,india,buy,up,med,2026-02-20,2026-02-20,6m,SILVER.NS,False,246.33,-0.0617,-0.0609,-0.0008,-0.0617,False,True,,88,,https://www.youtube.com/watch?v=q0JSaKD95cM,"my view is that silver now from 71 is a new base of silver... the new Teji of silver will come when it will cross this level, 88. So mark these levels."
vivek-bajaj,GOLD,india,buy,up,high,2026-03-20,,,,,,,,,,,False,no price data,,,https://www.youtube.com/watch?v=tF-GF4j92L8,"I told you not to stop the SIP in gold and silver. And I still say that there will be momentum in gold. If you have not started yet, then start the SIP. It is not late."
vivek-bajaj,SILVER,india,buy,up,med,2026-03-20,2026-03-20,6m,SILVER.NS,False,228.73,0.0104,0.0389,-0.0284,0.0104,False,True,,,,https://www.youtube.com/watch?v=tF-GF4j92L8,"Now there is momentum in silver. So in gold and silver, if you listen to me, then the SIP will continue. There is no question why we should stop that."
vivek-bajaj,TCS,india,buy,up,med,2025-06-20,2025-06-20,6m,TCS.NS,True,3350.449,-0.0379,0.034,-0.0719,-0.0379,False,True,,,,https://www.youtube.com/watch?v=u-D4k1556dE,"Sector rotation is happening right now and there is momentum in TCS, Infosys — those stocks trading above their moving averages, you can participate in them by doing chart study."
vivek-bajaj,INFY,india,buy,up,med,2025-06-20,2025-06-20,6m,INFY.NS,True,1598.4299,0.0252,0.034,-0.0088,0.0252,False,True,,,,https://www.youtube.com/watch?v=u-D4k1556dE,"Sector rotation is happening right now and there is momentum in TCS, Infosys — those stocks trading above their moving averages, you can participate in them by doing chart study."
vivek-bajaj,INDIGO,india,buy,up,med,2025-06-20,2025-06-20,6m,INDIGO.NS,True,5380.9067,-0.0423,0.034,-0.0763,-0.0423,False,True,,,,https://www.youtube.com/watch?v=wIfR5Xqu1Vw,"The airline industry is definitely in a boom. And the leader there. Indigo. They are doing phenomenal work. In fact, the stock price is also increasing a lot. Because these small regions. Indigo's connectivity is very good in them."
vivek-bajaj,DIXON,india,buy,up,med,2025-06-20,2025-06-20,6m,DIXON.NS,False,14040.752,-0.055,0.034,-0.089,-0.055,False,True,,,,https://www.youtube.com/watch?v=wIfR5Xqu1Vw,"So yes, if I want to build position in this theme, then I will build my position in Dixon. So I will go to Dixon here, because I have stock added in watchlist here also. I will go to Dixon and see whether its chart is favorable."
vivek-bajaj,HINDCOPPER,india,buy,up,med,2026-02-20,2026-02-20,6m,HINDCOPPER.NS,False,569.05,-0.1017,-0.0609,-0.0408,-0.1017,False,True,,,,https://www.youtube.com/watch?v=z6lDyJVtlAM,"Hindustan Copper is in, Vedanta is in, Hindalco is in and Adani Enterprises is in. So start SIP in these. Because dollar is weak, copper will go up."
vivek-bajaj,VEDL,india,buy,up,med,2026-02-20,2026-02-20,6m,VEDL.NS,False,671.2397,-0.5519,-0.0609,-0.4909,-0.5519,False,True,,,,https://www.youtube.com/watch?v=z6lDyJVtlAM,"So Hindustan Copper is in, Vedanta is in, Hindalco is in and Adani Enterprises is in. So start SIP in these. There is no other way."
vivek-bajaj,HINDALCO,india,buy,up,med,2026-02-20,2026-02-20,6m,HINDALCO.NS,True,935.7,0.0794,-0.0609,0.1403,0.0794,True,True,,,,https://www.youtube.com/watch?v=z6lDyJVtlAM,"So Hindustan Copper is in, Vedanta is in, Hindalco is in and Adani Enterprises is in. So start SIP in these. There is no other way."
vivek-bajaj,ADANIENT,india,buy,up,low,2026-02-20,2026-02-20,6m,ADANIENT.NS,True,2160.8,0.4061,-0.0609,0.4671,0.4061,True,True,,,,https://www.youtube.com/watch?v=z6lDyJVtlAM,"So Hindustan Copper is in, Vedanta is in, Hindalco is in and Adani Enterprises is in. So start SIP in these. There is no other way."
vivek-bajaj,HAL,india,buy,up,med,2025-10-20,2025-10-20,6m,HAL.NS,False,4819.9541,-0.0986,-0.0572,-0.0414,-0.0986,False,True,,,,https://www.youtube.com/watch?v=9ooMiYlexwo,the stock has kind of given a good breakout. Looks like it's a positive stock.
vivek-bajaj,NIFTY,india,sell,down,med,2025-12-20,,,,,,,,,,,False,no price data,,1m,https://www.youtube.com/watch?v=B2YvKlTVl8Y,5 to 4 to 5% correction in nifty is very much possible which may lead to 8 9 10% correction in your stock depending upon the beat of the stock.
vivek-bajaj,GOLD,india,buy,up,med,2025-12-20,,,,,,,,,,,False,no price data,,,https://www.youtube.com/watch?v=B2YvKlTVl8Y,I have a feeling that gold will continue to remain a strong asset considering the uncertainty in the market. And the best way to participate in gold... is to do SIP.
vivek-bajaj,GMRAIRPORT,india,buy,up,low,2025-12-20,2025-12-22,6m,GMRAIRPORT.NS,False,102.17,0.0652,-0.0825,0.1477,0.0652,True,True,,,,https://www.youtube.com/watch?v=B2YvKlTVl8Y,GMI report it looks very very interesting... maybe a small quantity here as a tracker quantity... a small token as a uh as a tracker quantity is advisable.
vivek-bajaj,AMARAJABAT,india,buy,up,low,2026-05-20,,,,,,,,,,,False,no price data,,,https://www.youtube.com/watch?v=Cl0IBZe-k48,"Fundamentally good stock, if it is underperforming now, and the sector is performing, there is a possibility that this stock can perform."
vivek-bajaj,ICRA,india,buy,up,med,2025-07-20,2025-07-21,6m,ICRA.NS,False,6711.1572,-0.0915,0.0241,-0.1156,-0.0915,False,True,,,,https://www.youtube.com/watch?v=D9GT-e6I4V8,ikra looks interesting to me first... a stock which is consolidating in a range for some period of time after a breakout has a better probability... Looks interesting to me first.
vivek-bajaj,CRISIL,india,buy,up,low,2025-07-20,2025-07-21,6m,CRISIL.NS,False,5739.8696,-0.1806,0.0241,-0.2046,-0.1806,False,True,,,,https://www.youtube.com/watch?v=D9GT-e6I4V8,Will you buy this stock? Yes. Clearly... crystal second... the stock has given a strength breakout from these levels which is very very strong.
vivek-bajaj,CARERATING,india,buy,up,low,2025-07-20,2025-07-21,6m,CARERATING.NS,False,1783.3696,-0.095,0.0241,-0.119,-0.095,False,True,,,,https://www.youtube.com/watch?v=D9GT-e6I4V8,20 care is actually the outlier here. Fundamentally it is doing better than other guys... care has given far more return than Crystal because it was supported by better fundamental results.
vivek-bajaj,MARUTI,india,buy,up,med,2025-06-20,2025-06-20,3m,MARUTI.NS,True,12654.04,0.2537,0.0085,0.2451,0.2537,True,True,,,3m,https://www.youtube.com/watch?v=DXz_1JnbEqI,"If I look at its technical and score, then look at Maruti. It is a great strength. Mahindra Mahindra is a great strength. So this means consumption story. Because of budget, tailwind and momentum."
vivek-bajaj,M&M,india,buy,up,med,2025-06-20,2025-06-20,3m,M&M.NS,True,3159.02,0.1371,0.0085,0.1285,0.1371,True,True,,,3m,https://www.youtube.com/watch?v=DXz_1JnbEqI,"Mahindra Mahindra is a great strength. It is still big. So this means consumption story. Because of budget, tailwind and momentum. As reflected in sector rotation. It is a phenomenal idea to track from here on."
vivek-bajaj,HYUNDAI,india,buy,up,low,2025-06-20,2025-06-20,3m,HYUNDAI.NS,False,1986.9554,0.4139,0.0085,0.4053,0.4139,True,True,,,3m,https://www.youtube.com/watch?v=DXz_1JnbEqI,"Hyundai has also taken a strength. So this means consumption story. Because of budget, tailwind and momentum. As reflected in sector rotation. It is a phenomenal idea to track from here on."
vivek-bajaj,SILVER,india,buy,up,med,2025-06-20,2025-06-20,1y,SILVER.NS,False,107.52,1.1496,-0.0438,1.1933,1.1496,True,True,,,1y,https://www.youtube.com/watch?v=E2y8vsVH4No,"Compared to gold, I think this year, silver should do better than gold. The rest, time will tell."
vivek-bajaj,GOLD,india,hold-avoid,neutral,low,2025-06-20,,,,,,,,,,,False,no price data,,1y,https://www.youtube.com/watch?v=E2y8vsVH4No,"This one-sided rally of gold, I think this year at least, gold should stabilize before it starts giving a next big run. But definitely, in the long term, gold is an asset which you always want to own."
vivek-bajaj,SILVER,india,buy,up,high,2025-09-20,2025-09-22,1y,SILVER.NS,False,133.5,0.7312,-0.0472,0.7784,0.7312,True,True,,40.0,1y,https://www.youtube.com/watch?v=FEyFa5VUbgc,"I recommended people to start SIP in silver. The silver that was $32 has now become $40 as of today. In silver and gold, both are in a tremendous rally. Keep doing SIP, do not stop."
vivek-bajaj,GOLD,india,buy,up,med,2025-09-20,,,,,,,,,,,False,no price data,,1y,https://www.youtube.com/watch?v=FEyFa5VUbgc,"Similarly in gold, I always say do SIP. Never buy in one go. And if you look at the latest position, it has gone above this important level. You have to buy, not sell. My personal target for gold is $5,000."
vivek-bajaj,NIFTY50,india,buy,up,low,2026-03-20,,,,,,,,,,,False,no price data,,1m,https://www.youtube.com/watch?v=FlR25ZVIZ64,"Around 22,500, I will be very, very mindful that I want to cover my shorts because market is kind of in an oversold zone. 22,500 is a very, very good level for taking some contrarian trades."
vivek-bajaj,SILVER,india,buy,up,med,2026-03-20,2026-03-20,1y,SILVER.NS,False,228.73,0.0104,0.0389,-0.0284,0.0104,False,True,,,1y,https://www.youtube.com/watch?v=FlR25ZVIZ64,Long-term SIB is something which I have been continuing and I would also suggest that people who are looking at long-term structure and movement in Sona and Chandi can look at this from a SIP perspective.
vivek-bajaj,SILVER,india,buy,up,high,2026-01-20,2026-01-20,1y,SILVER.NS,False,308.95,-0.2519,-0.0483,-0.2036,-0.2519,False,True,,,1y,https://www.youtube.com/watch?v=FtehGAVDvLA,"I myself am doing SIP constantly on the MCX contract. Your net worth should be 4 to 5 percent in Sona Chandi. In silver and gold both, continue SIP. I have not stopped SIP even today."
vivek-bajaj,GOLD,india,buy,up,med,2026-01-20,,,,,,,,,,,False,no price data,,1y,https://www.youtube.com/watch?v=FtehGAVDvLA,Your financial net worth should be 4 to 5 percent in Sona Chandi. I have been saying this constantly. Your net worth should be 4 to 5 percent in Sona Chandi in the form of SIP.
vivek-bajaj,ADANIPORTS,india,buy,up,med,2025-06-20,2025-06-20,1m,ADANIPORTS.NS,True,1349.3,0.0695,-0.0057,0.0753,0.0695,True,True,,,1m,https://www.youtube.com/watch?v=GjdHPKz5YGg,Will I be comfortable taking position in this stock? Yes. Everything is positive as far as the scan results is concerned. So Adani port is also positive for me as a stock.
vivek-bajaj,BEL,india,hold-avoid,neutral,med,2025-06-20,2025-06-20,1m,BEL.NS,True,405.5785,-0.0331,-0.0057,0.0273,0.0331,True,True,,,1m,https://www.youtube.com/watch?v=GjdHPKz5YGg,RSI is around 77. So this stock is actually got very stretched. So it will take some time. It will cool off here for some time. Better not to put money here. Better to put money in Adani port.
vivek-bajaj,ERISLIFE,india,buy,up,med,2025-06-20,,,,,,,,,,,False,no price data,,1m,https://www.youtube.com/watch?v=GjdHPKz5YGg,"Would I be comfortable buying this stock? The answer is yes. Everything is perfect in this stock. So yeah, we can take small position in the stock."
vivek-bajaj,RADICO,india,buy,up,med,2025-06-20,2025-06-20,3m,RADICO.NS,False,2629.0872,0.161,0.0085,0.1525,0.161,True,True,,,3m,https://www.youtube.com/watch?v=GjdHPKz5YGg,"This stock actually looks better than the previous ones which I have. Weekly high, monthly high, yearly high. Wow. Everything looks quite interesting here. So yes, I'm interested in this stock."
vivek-bajaj,INDIANB,india,buy,up,low,2025-06-20,2025-06-20,1m,INDIANB.NS,False,615.65,0.026,-0.0057,0.0317,0.026,True,True,,,1m,https://www.youtube.com/watch?v=GjdHPKz5YGg,Indian bank is almost close to that. Look at the chart. Is it good enough? Yep. It looks interesting. RS positive. Everything is good. This looks interesting.
vivek-bajaj,GOLDBEES,india,buy,up,high,2026-02-20,2026-02-20,6m,GOLDBEES.NS,False,127.54,-0.0608,-0.0609,0.0002,-0.0608,True,True,,12000,,https://www.youtube.com/watch?v=IxSivC4TJgI,"Gold has reached 5000 dollars. Mathematically, if we see, then this $5000 gold can go up to $12000. The only way to do that is through SIP in ETFs listed in the exchange mutual fund."
vivek-bajaj,SILVERBEES,india,buy,up,high,2026-02-20,2026-02-20,6m,SILVERBEES.NS,False,236.62,-0.0642,-0.0609,-0.0033,-0.0642,False,True,,,,https://www.youtube.com/watch?v=IxSivC4TJgI,"Silver for sure has a high chance of going above $100. The only way to do that is through SIP — SIP in the futures contract in M6, or you buy those instruments stocks which are related to silver."
vivek-bajaj,HINDZINC,india,buy,up,med,2026-02-20,2026-02-20,6m,HINDZINC.NS,False,578.7752,-0.0263,-0.0609,0.0346,-0.0263,True,True,,,,https://www.youtube.com/watch?v=IxSivC4TJgI,"You buy those instruments, stocks, which are related to silver, like Hindustan Zinc, which is a beneficiary of silver, or gold beneficiary instruments, equity assets, you buy them and do SIP in them."
vivek-bajaj,NIFTY,india,hold-avoid,down,med,2026-02-20,,,,,,,,,,,False,no price data,20000,3m,https://www.youtube.com/watch?v=IxSivC4TJgI,"The market may remain weak from here for a short time. 50% retracement at 20,000-20,800 or 19,000-20,000. You can do value SIP — when the market fell, increase the quantity."
vivek-bajaj,NIFTY,india,sell,down,med,2025-06-20,,,,,,,,,,,False,no price data,,1m,https://www.youtube.com/watch?v=Ljq60AjMcHs,"It is definitely a sell on rise market. I will only buy when the trend in the market changes — only when market goes above 200 moving average. Support is 21,700-21,800. Middle zone is no trade zone."
vivek-bajaj,SILVER,india,buy,up,high,2026-03-20,2026-03-20,1y,SILVER.NS,False,228.73,0.0104,0.0389,-0.0284,0.0104,False,True,,,1y,https://www.youtube.com/watch?v=MD9cS6edSxA,"Since this breakout came in silver, above 29, I have been bullish in silver. Don't close your SIP. If you don't have an SIP in silver, please do start SIP in silver. After crossing $90, silver will not stop."
vivek-bajaj,GOLD,india,buy,up,med,2026-03-20,,,,,,,,,,,False,no price data,,1y,https://www.youtube.com/watch?v=MD9cS6edSxA,"In gold, you can see that there is already a breakout above $5100. Gold is relatively much more stronger than silver at this moment. I will suggest you to do only gold, only silver SIP."
vivek-bajaj,TITAN,india,buy,up,low,2026-03-20,2026-03-20,3m,TITAN.NS,True,4106.6001,0.0763,0.0389,0.0374,0.0763,True,True,,,3m,https://www.youtube.com/watch?v=MD9cS6edSxA,"Let's go to diamond and jewelry. And here, let's see the stock specific scores. And you realize that there is green in Titan. So, if there is strength in this sector and there is strength in its leader, so let's participate in this."
vivek-bajaj,ONGC,india,buy,up,med,2026-04-20,2026-04-20,3m,ONGC.NS,True,283.35,-0.1309,-0.0144,-0.1165,-0.1309,False,True,,,3m,https://www.youtube.com/watch?v=NQNLclz9D34,"Phase two is when there is a war time already. Like right now we are in phase two. So, loading up ONGC oil gas, defense, gold ETF, IT companies, metals, these are very obvious thing."
vivek-bajaj,GOLDBEES,india,buy,up,med,2026-04-20,2026-04-20,3m,GOLDBEES.NS,False,125.0,-0.0417,-0.0144,-0.0272,-0.0417,False,True,,,3m,https://www.youtube.com/watch?v=NQNLclz9D34,"Loading up ONGC oil gas, defense, gold ETF, IT companies, metals, these are very obvious thing and avoiding Indigo, SpiceJet, L&T, etc. is the most logical thing to do."
vivek-bajaj,INDIGO,india,sell,down,med,2026-04-20,2026-04-20,3m,INDIGO.NS,True,4678.2002,0.0734,-0.0144,-0.0878,-0.0734,False,True,,,3m,https://www.youtube.com/watch?v=NQNLclz9D34,"Loading up ONGC oil gas, defense, gold ETF, IT companies, metals, these are very obvious thing and avoiding Indigo, SpiceJet, L&T, etc. is the most logical thing to do."
vivek-bajaj,SPICEJET,india,sell,down,med,2026-04-20,2026-04-20,3m,SPICEJET.BO,False,13.27,-0.0482,-0.0144,0.0338,0.0482,True,True,,,3m,https://www.youtube.com/watch?v=NQNLclz9D34,"Loading up ONGC oil gas, defense, gold ETF, IT companies, metals, these are very obvious thing and avoiding Indigo, SpiceJet, L&T, etc. is the most logical thing to do."
vivek-bajaj,LT,india,hold-avoid,down,med,2026-04-20,2026-04-20,3m,LT.NS,True,4011.8152,0.0493,-0.0144,-0.0637,-0.0493,False,True,,,3m,https://www.youtube.com/watch?v=NQNLclz9D34,"Avoiding Indigo, SpiceJet, L&T, etc. is the most logical thing to do. Post war recovery: the moment war is settled, you have these ideas where you need to buy again. L&T, SG&A, ICICI, Indigo, Maruti, ITC hotel."
vivek-bajaj,ICICIBANK,india,buy,up,low,2026-04-20,2026-04-20,6m,ICICIBANK.NS,True,1356.2,-0.0072,-0.0144,0.0073,-0.0072,True,True,,,6m,https://www.youtube.com/watch?v=NQNLclz9D34,"Post war recovery: the moment war is kind of settled, then you have these ideas where you need to buy again. L&T, SG&A, ICICI, Indigo, Maruti, ITC hotel, all these stocks which have been butchered will recover first."
vivek-bajaj,MARUTI,india,buy,up,low,2026-04-20,2026-04-20,6m,MARUTI.NS,True,13450.0,-0.0041,-0.0144,0.0103,-0.0041,True,True,,,6m,https://www.youtube.com/watch?v=NQNLclz9D34,"Post war recovery: the moment war is kind of settled, then you have these ideas where you need to buy again. L&T, SG&A, ICICI, Indigo, Maruti, ITC hotel, all these stocks which have been butchered will recover first."
vivek-bajaj,JKCEMENT,india,buy,up,high,2025-07-20,2025-07-21,3m,JKCEMENT.NS,False,6416.0,0.0115,0.0247,-0.0131,0.0115,False,True,,,3m,https://www.youtube.com/watch?v=O6qNeXb048I,"So, if I want to bet in Cement, In today's rate, If I want to do this, Then, I will do it in JK Cement. Now see, all three are green. So, if I... See, first of all, I have to be convinced that this theme is right for me. And in that theme, the stock which is the most green, that stock is only relevant for me."
vivek-bajaj,RPOWER,india,buy,up,med,2025-06-20,2025-06-20,3m,RPOWER.NS,False,63.55,-0.2441,0.0085,-0.2526,-0.2441,False,True,,,3m,https://www.youtube.com/watch?v=PxxTDhvBzN0,I will probably start with 20% allocation in this stock... I want to ride this stock for a 25% move further from here.
vivek-bajaj,HAVELLS,india,sell,down,med,2025-06-20,2025-06-20,1m,HAVELLS.NS,False,1528.824,-0.0098,-0.0057,0.004,0.0098,True,True,,,1m,https://www.youtube.com/watch?v=PxxTDhvBzN0,this stock is actually a good short candidate... derivative trader can actually build think about building a short position in the stock with a stop-loss of probably this high 1623.
vivek-bajaj,OBEROIRLTY,india,buy,up,med,2025-06-20,2025-06-20,3m,OBEROIRLTY.NS,False,1901.5415,-0.125,0.0085,-0.1335,-0.125,False,True,,,3m,https://www.youtube.com/watch?v=PxxTDhvBzN0,OB reality... Fantastic RSI above 50. Fantastic RS above zero. Fantastic moving average. The stock is trading above major moving averages. Oh my god. Beautiful. We have our stock in hand.
vivek-bajaj,PAYTM,india,buy,up,med,2025-06-20,2025-06-20,6m,PAYTM.NS,False,871.2,0.5335,0.034,0.4995,0.5335,True,True,,730,6m,https://www.youtube.com/watch?v=Q3Ssk7fxbN4,"if the stock crosses this zone, 730 plus, then I would not mind buying this stock for a medium to long horizon. Because it is trading above 200 day moving average."
vivek-bajaj,TAJGVK,india,buy,up,med,2025-06-20,2025-06-20,3m,TAJGVK.NS,False,396.9447,0.0834,0.0085,0.0749,0.0834,True,True,,,3m,https://www.youtube.com/watch?v=Q3Ssk7fxbN4,"vis-a-vis first stock versus second stock versus third stock, which one you think has a higher chance of going up? Well, the answer is definitely this stock [Taj GVK]. It is trading above all its major moving averages."
vivek-bajaj,ASIANPAINT,india,buy,up,low,2025-08-20,2025-08-20,3m,ASIANPAINT.NS,True,2566.0952,0.1277,0.04,0.0877,0.1277,True,True,,,3m,https://www.youtube.com/watch?v=QKdLZTNH_BE,Asian Paints is green... all these green stocks that do not depend on the US but depend on India's domestic demand — I can still work with them.
vivek-bajaj,POLYCAB,india,buy,up,low,2025-08-20,2025-08-20,3m,POLYCAB.NS,False,7158.0,0.074,0.04,0.034,0.074,True,True,,,3m,https://www.youtube.com/watch?v=QKdLZTNH_BE,Polycab is green... all these green stocks that do not depend on the US — I can still work with them.
vivek-bajaj,SUPREMEIND,india,buy,up,low,2025-08-20,2025-08-20,3m,SUPREMEIND.NS,False,4528.4966,-0.207,0.04,-0.247,-0.207,False,True,,,3m,https://www.youtube.com/watch?v=QKdLZTNH_BE,Supreme Industries is green... all these green stocks that do not depend on the US — I can still work with them.
vivek-bajaj,INDIGO,india,buy,up,med,2025-06-20,2025-06-20,3m,INDIGO.NS,True,5380.9067,0.0554,0.0085,0.0469,0.0554,True,True,,,3m,https://www.youtube.com/watch?v=R3yuOaBAtKA,"probably I look at Indigo because this looks like a strong stock... Everything looks fantastic. There is a momentum and it really works fantastically... this is a good product, good stock for me to play a longer swing."
vivek-bajaj,ADANIENSOL,india,buy,up,low,2025-06-20,2025-06-20,3m,ADANIENSOL.NS,False,828.1,0.0592,0.0085,0.0507,0.0592,True,True,,,3m,https://www.youtube.com/watch?v=R3yuOaBAtKA,I will be very comfortable holding Adani Energy Solution because here the short term momentum and the mid term momentum is green and even the six month momentum is in a neutral mode.
vivek-bajaj,NMDC,india,buy,up,med,2025-09-20,2025-09-22,6m,NMDC.NS,False,74.5925,0.0695,-0.0828,0.1524,0.0695,True,True,,,,https://www.youtube.com/watch?v=TULX9x6OADU,there's no harm in building a chu position in this stock because the sector is also supporting with the stock. No recommendation just giving you an understanding of how the data-driven decision-making works.
vivek-bajaj,PASALO,india,buy,up,low,2025-09-20,,,,,,,,,,,False,no price data,,,https://www.youtube.com/watch?v=TULX9x6OADU,"There is a breakout from here. Good. There's a consolidation happening. If you like this kind of a stock, it's a good opportunity to buy because even the promoter has bought some stake in the company."
vivek-bajaj,FEDERALBNK,india,buy,up,low,2025-06-20,2025-06-20,6m,FEDERALBNK.NS,False,206.2614,0.2986,0.034,0.2646,0.2986,True,True,,,,https://www.youtube.com/watch?v=TlLnyiE4BkU,It was trading above its moving averages. This is 200 day moving average. It is right above 200 day moving average. Not a bad stock to start building small position. Because the big people are invested.
vivek-bajaj,SILVER,india,buy,up,high,2025-12-20,2025-12-22,6m,SILVER.NS,False,209.03,0.1057,-0.0825,0.1882,0.1057,True,True,,,,https://www.youtube.com/watch?v=UV8nr4FR5Nw,"If you want to consistently play the bullish trend in silver, you have to do SIP... keep your silver SIP going. Do not stop that otherwise you will miss the big opportunity silver is still giving us."
vivek-bajaj,INDIGO,india,buy,up,low,2025-12-20,2025-12-22,6m,INDIGO.NS,True,5145.5,-0.0241,-0.0825,0.0584,-0.0241,True,True,,,,https://www.youtube.com/watch?v=UV8nr4FR5Nw,"You should look at InterGlobe above 6000... GMR Airport is quite strong. See, it is showing quite a lot of strength."
vivek-bajaj,GMRINFRA,india,buy,up,med,2025-12-20,,,,,,,,,,,False,no price data,,,https://www.youtube.com/watch?v=UV8nr4FR5Nw,"GMR Airport is very strong. See, it is showing quite a lot of strength. Compared to InterGlobe, this is where the strength is."
vivek-bajaj,SBIN,india,buy,up,med,2025-12-20,2025-12-22,6m,SBIN.NS,True,957.0491,0.0816,-0.0825,0.1641,0.0816,True,True,,,,https://www.youtube.com/watch?v=UV8nr4FR5Nw,State Bank of India has a beautiful chart. At every breakout it can give you the opportunity to participate in it.
vivek-bajaj,GOLD,india,buy,up,med,2026-01-20,,,,,,,,,,,False,no price data,,,https://www.youtube.com/watch?v=Wc0CMeKGkFM,precious metal will continue to see a strength but the best way to participate is not to go all in I think SIP in different ways. Do it in MCX contract or do it in ETF... definitely precious metal is quite quite in demand at this moment.
vivek-bajaj,UNITDSPR,india,buy,up,med,2025-06-20,2025-06-20,1m,UNITDSPR.NS,False,1443.6639,-0.0662,-0.0057,-0.0605,-0.0662,False,True,,,1m,https://www.youtube.com/watch?v=Zlw-_oGu7vs,"like alcohol is a sector. If I look at the sector rotation, then it is the alcohol sector. There is strength in this. And the stocks in this, there is a clear momentum strength. So, stocks like United Spirits, Radic Breweries, Radical Khaitan, Allied, all these stocks, I can see strength in them."
vivek-bajaj,RADICO,india,buy,up,med,2025-06-20,2025-06-20,1m,RADICO.NS,False,2629.0872,0.0324,-0.0057,0.0382,0.0324,True,True,,,1m,https://www.youtube.com/watch?v=Zlw-_oGu7vs,"stocks like United Spirits, Radic Breweries, Radical Khaitan, Allied, all these stocks, I can see strength in them. I think this is also possible because it is winter. In winter, consumption is high."
vivek-bajaj,CRISIL,india,buy,up,low,2025-06-20,2025-06-20,6m,CRISIL.NS,False,5669.3838,-0.235,0.034,-0.269,-0.235,False,True,,,,https://www.youtube.com/watch?v=Zlw-_oGu7vs,"stocks like Crescel, which are safer, will have more money. Because the more India's MSME story moves forward, the more these companies will benefit. Because rating is a quintessential part of the long-term growth story of MSMEs."
vivek-bajaj,BPCL,india,buy,up,low,2025-06-20,2025-06-20,6m,BPCL.NS,False,294.2535,0.2095,0.034,0.1755,0.2095,True,True,,,,https://www.youtube.com/watch?v=Zlw-_oGu7vs,"those stocks which have high dividends, will start moving money there. For example, which stocks have high dividends? BPCL, Chennai Petro, IOC, HPCL, Coal India. These are the stocks which have high dividend yield. It is possible that money goes to these stocks."
vivek-bajaj,COALINDIA,india,buy,up,low,2025-06-20,2025-06-20,6m,COALINDIA.NS,True,363.4945,0.047,0.034,0.013,0.047,True,True,,,,https://www.youtube.com/watch?v=Zlw-_oGu7vs,"those stocks which have high dividends, will start moving money there. BPCL, Chennai Petro, IOC, HPCL, Coal India. These are the stocks which have high dividend yield. It is possible that money goes to these stocks."
vivek-bajaj,UTIAMC,india,buy,up,low,2025-06-20,2025-06-20,6m,UTIAMC.NS,False,1214.6919,-0.0664,0.034,-0.1004,-0.0664,False,True,,,,https://www.youtube.com/watch?v=Zlw-_oGu7vs,"UTI is a private company. In this, the PE ratio is around 19. And we have seen the dividend yield is 3.81, which is not a bad dividend yield. Plus there is a theme, there is a financialization theme, relative strength is also positive."
vivek-bajaj,BLUESTARCO,india,sell,down,low,2026-06-06,2026-06-08,6m,BLUESTARCO.NS,False,1552.2,0.0748,0.0385,-0.0363,-0.0748,False,True,,,,https://www.youtube.com/watch?v=Ym8IIbeq2pE,"Blue Star. All right. Blue Star, let me see. It's red. It's a short candidate. And the chart pattern is also negative."
vivek-bajaj,GLAXO,india,sell,down,low,2026-06-06,2026-06-08,6m,GLAXO.NS,False,2183.8,0.0679,0.0385,-0.0294,-0.0679,False,True,,,,https://www.youtube.com/watch?v=Ym8IIbeq2pE,Let's see Glaxo. Let's see. It's red. It's a short candidate. It's not a long candidate.
vivek-bajaj,JPVL,india,buy,up,low,2026-06-06,,,,,,,,,,,False,no price data,,,https://www.youtube.com/watch?v=Ym8IIbeq2pE,"Jayprakash Venture, it's a bullish candidate. Momentum score is also positive. Surely I may like to look at this stock."
vivek-bajaj,ASTRAZEN,india,buy,up,low,2026-06-06,2026-06-08,6m,ASTRAZEN.NS,False,8343.5,0.0108,0.0385,-0.0277,0.0108,False,True,,,,https://www.youtube.com/watch?v=Ym8IIbeq2pE,"AstraZeneca. Okay, look at this. It's a green green. I may be willing to look at this."
vivek-bajaj,BSE,india,buy,up,med,2025-06-20,2025-06-20,6m,BSE.NS,False,2688.1001,-0.0012,0.034,-0.0352,-0.0012,False,True,,,,https://www.youtube.com/watch?v=Z1s65gBx43w,"BSE. It looks like a very good momentum stock. The RS is strong, RSI is strong and it is above the 50-day moving average, so I will attempt a small quantity in it."
vivek-bajaj,BAJAJHLDNG,india,buy,up,med,2025-06-20,2025-06-20,6m,BAJAJHLDNG.NS,False,13519.6436,-0.1754,0.034,-0.2094,-0.1754,False,True,,,,https://www.youtube.com/watch?v=Z1s65gBx43w,"Bajaj Holdings is in its high zone... this stock is very good, RS has been positive for many days, RSI is also above 50, and it is trading above its 50-day moving average, so I can add a small quantity here."
vivek-bajaj,GMRINFRA,india,buy,up,med,2025-06-20,,,,,,,,,,,False,no price data,,,https://www.youtube.com/watch?v=Z1s65gBx43w,"GMR Airport is very strong. See, it is showing quite a lot of strength. Compared to InterGlobe, this is where the strength is."
vivek-bajaj,INDIGO,india,buy,up,low,2025-06-20,2025-06-20,6m,INDIGO.NS,True,5380.9067,-0.0423,0.034,-0.0763,-0.0423,False,True,,6000,,https://www.youtube.com/watch?v=Z1s65gBx43w,"You should look at InterGlobe above 6000. Having said that, RS is still around zero, so maybe when RS turns positive then we can build more position in it."
vivek-bajaj,YESBANK,india,buy,up,med,2026-06-14,2026-06-15,6m,YESBANK.NS,False,23.78,0.0685,0.0067,0.0619,0.0685,True,True,,,,https://www.youtube.com/watch?v=aZ7D5of4aP4,What is the fundamental? 75 Difficult to take? No problem. What is the price saying? Green. Difficult to take? No problem. Momentum strong. Fundamental strong. We can work on it.
vivek-bajaj,IDEA,india,buy,up,low,2026-06-14,2026-06-15,6m,IDEA.NS,False,14.95,-0.002,0.0067,-0.0087,-0.002,False,True,,,,https://www.youtube.com/watch?v=aZ7D5of4aP4,"We can take a small quantity broadly...We will not do a big quantity Because fundamentally It is not that great And in price action, the sector is also yellow."
vivek-bajaj,CDSL,india,sell,down,high,2025-06-20,2025-06-20,3m,CDSL.NS,False,1672.1663,-0.0539,0.0085,0.0625,0.0539,True,True,,,3m,https://www.youtube.com/watch?v=d4xLwkcwhTg,"this stock is below its 200-day moving average, so now I will not keep my stock with me. I have no interest in staying in this stock right now."
vivek-bajaj,HAL,india,buy,up,med,2025-06-20,2025-06-20,1y,HAL.NS,False,4915.5654,-0.1032,-0.0438,-0.0595,-0.1032,False,True,,,1y,https://www.youtube.com/watch?v=f270nto9vwY,"These are all stocks that participate in defense in some way... whenever there is a correction in the market, participate in those stocks that belong to this theme. HAL first stock added."
vivek-bajaj,BEL,india,buy,up,med,2025-06-20,2025-06-20,1y,BEL.NS,True,405.5785,0.0526,-0.0438,0.0963,0.0526,True,True,,,1y,https://www.youtube.com/watch?v=f270nto9vwY,"Whenever there is a correction in the market, participate in those stocks that belong to this theme. Bharat Electronics listed as defence theme stock."
vivek-bajaj,BDL,india,buy,up,med,2025-06-20,2025-06-20,1y,BDL.NS,False,1894.4869,-0.2751,-0.0438,-0.2313,-0.2751,False,True,,,1y,https://www.youtube.com/watch?v=f270nto9vwY,"Whenever there is a correction in the market, participate in those stocks that belong to this theme. Bharat Dynamics listed as defence theme stock."
vivek-bajaj,DATAPATTNS,india,buy,up,med,2025-06-20,2025-06-20,1y,DATAPATTNS.NS,False,2948.9521,0.6352,-0.0438,0.679,0.6352,True,True,,,1y,https://www.youtube.com/watch?v=f270nto9vwY,"Whenever there is a correction in the market, participate in those stocks that belong to this theme. Data Patterns listed as defence theme stock."
vivek-bajaj,MAZDOCK,india,buy,up,med,2025-06-20,2025-06-20,1y,MAZDOCK.NS,False,3236.259,-0.2217,-0.0438,-0.1779,-0.2217,False,True,,,1y,https://www.youtube.com/watch?v=f270nto9vwY,"Whenever there is a correction in the market, participate in those stocks that belong to this theme. Mazagon Dock listed as defence theme stock."
vivek-bajaj,GRSE,india,buy,up,med,2025-06-20,2025-06-20,1y,GRSE.NS,False,3264.6704,-0.1429,-0.0438,-0.0991,-0.1429,False,True,,,1y,https://www.youtube.com/watch?v=f270nto9vwY,"Whenever there is a correction in the market, participate in those stocks that belong to this theme. Garden Reach Shipbuilders listed as defence theme stock."
vivek-bajaj,ZENTEC,india,buy,up,med,2025-06-20,2025-06-20,1y,ZENTEC.NS,False,1897.0271,0.0527,-0.0438,0.0965,0.0527,True,True,,,1y,https://www.youtube.com/watch?v=f270nto9vwY,"Whenever there is a correction in the market, participate in those stocks that belong to this theme. Zen Technologies listed as defence theme stock."
vivek-bajaj,SOLARINDS,india,buy,up,med,2025-06-20,2025-06-20,1y,SOLARINDS.NS,False,16985.834,0.0628,-0.0438,0.1065,0.0628,True,True,,,1y,https://www.youtube.com/watch?v=f270nto9vwY,"Whenever there is a correction in the market, participate in those stocks that belong to this theme. Solar Industries listed as defence theme stock."
vivek-bajaj,ASTRAMICRO,india,buy,up,med,2025-06-20,2025-06-20,1y,ASTRAMICRO.NS,False,1105.5768,0.5233,-0.0438,0.5671,0.5233,True,True,,,1y,https://www.youtube.com/watch?v=f270nto9vwY,"Whenever there is a correction in the market, participate in those stocks that belong to this theme. Astra Microwave listed as defence theme stock."
vivek-bajaj,PARASDEF,india,buy,up,med,2025-06-20,,,,,,,,,,,False,no price data,,1y,https://www.youtube.com/watch?v=f270nto9vwY,"Whenever there is a correction in the market, participate in those stocks that belong to this theme. Paras Defence listed as defence theme stock."
vivek-bajaj,LT,india,buy,up,med,2025-08-20,2025-08-20,3m,LT.NS,True,3557.5522,0.1189,0.04,0.0789,0.1189,True,True,,,3m,https://www.youtube.com/watch?v=ajnR3pQSqHk,"L&T is positive. When all three are positive, that's where I feel you should participate."
vivek-bajaj,ADANIPORTS,india,buy,up,med,2026-05-23,2026-05-25,3m,ADANIPORTS.NS,True,1802.9,0.018,-0.0008,0.0187,0.018,True,True,,,3m,https://www.youtube.com/watch?v=fjXjVhg6rjw,"Adani Port looks like a decent buy, okay? Purely arrived out of the long short positions. Momentum score of the stock is all three green."
vivek-bajaj,MANKIND,india,buy,up,med,2026-05-23,2026-05-25,3m,MANKIND.NS,False,2457.5,-0.0176,-0.0008,-0.0168,-0.0176,False,True,,,3m,https://www.youtube.com/watch?v=fjXjVhg6rjw,"Mankind Pharma momentum also it is very very positive. The sector is positive. The industry is positive. The stock is positive. If I am building long book, I will look at these stocks which are long book."
vivek-bajaj,KFINTECH,india,sell,down,med,2026-05-23,2026-05-25,3m,KFINTECH.NS,False,829.4,0.1036,-0.0008,-0.1044,-0.1036,False,True,,,3m,https://www.youtube.com/watch?v=fjXjVhg6rjw,"KFintech fundamentally is strong, but momentum-wise, it is red. This looks quite interesting short candidate. Yes, I will have a short position here because the stock is trading below its previous swing low."
vivek-bajaj,INDIGO,india,buy,up,med,2025-08-20,2025-08-20,1m,INDIGO.NS,True,6155.5,-0.0774,0.011,-0.0884,-0.0774,False,True,,,1m,https://www.youtube.com/watch?v=fYgbp46g9Ak,"there is indigo in this portfolio, and it is running, all three are green, give it more money, give it more support, because the one that is running will run more."
